http://snomed.info/sct#56578002	http://snomed.info/sct#56578002	47479
http://snomed.info/sct#56578002	http://snomed.info/sct#230062009	139338
http://snomed.info/sct#56578002	http://snomed.info/sct#160604004	108165
http://snomed.info/sct#56771006	http://snomed.info/sct#56771006	47643
http://snomed.info/sct#56771006	http://snomed.info/sct#230063004	139339
http://snomed.info/sct#56771006	http://snomed.info/sct#230064005	139340
http://snomed.info/sct#56771006	http://snomed.info/sct#160605003	108166
http://snomed.info/sct#56771006	http://snomed.info/sct#160606002	108167
http://snomed.info/sct#56771006	http://snomed.info/sct#230065006	139341
http://snomed.info/sct#59978006	http://snomed.info/sct#59978006	50300
http://snomed.info/sct#65568007	http://snomed.info/sct#65568007	54977
http://snomed.info/sct#65568007	http://snomed.info/sct#160619003	108174
http://snomed.info/sct#65568007	http://snomed.info/sct#230059006	139336
http://snomed.info/sct#65568007	http://snomed.info/sct#230060001	139337
http://snomed.info/sct#65568007	http://snomed.info/sct#230062009	139338
http://snomed.info/sct#65568007	http://snomed.info/sct#230063004	139339
http://snomed.info/sct#65568007	http://snomed.info/sct#230064005	139340
http://snomed.info/sct#65568007	http://snomed.info/sct#266920004	171229
http://snomed.info/sct#65568007	http://snomed.info/sct#160603005	108164
http://snomed.info/sct#65568007	http://snomed.info/sct#160604004	108165
http://snomed.info/sct#65568007	http://snomed.info/sct#160605003	108166
http://snomed.info/sct#65568007	http://snomed.info/sct#160606002	108167
http://snomed.info/sct#65568007	http://snomed.info/sct#230065006	139341
http://snomed.info/sct#77176002	http://snomed.info/sct#77176002	64700
http://snomed.info/sct#77176002	http://snomed.info/sct#56578002	47479
http://snomed.info/sct#77176002	http://snomed.info/sct#56771006	47643
http://snomed.info/sct#77176002	http://snomed.info/sct#59978006	50300
http://snomed.info/sct#77176002	http://snomed.info/sct#65568007	54977
http://snomed.info/sct#77176002	http://snomed.info/sct#82302008	69025
http://snomed.info/sct#77176002	http://snomed.info/sct#266929003	171238
http://snomed.info/sct#77176002	http://snomed.info/sct#449868002	282319
http://snomed.info/sct#77176002	http://snomed.info/sct#428041000124106	347299
http://snomed.info/sct#77176002	http://snomed.info/sct#230062009	139338
http://snomed.info/sct#77176002	http://snomed.info/sct#230063004	139339
http://snomed.info/sct#77176002	http://snomed.info/sct#230064005	139340
http://snomed.info/sct#77176002	http://snomed.info/sct#160619003	108174
http://snomed.info/sct#77176002	http://snomed.info/sct#230059006	139336
http://snomed.info/sct#77176002	http://snomed.info/sct#230060001	139337
http://snomed.info/sct#77176002	http://snomed.info/sct#308438006	205991
http://snomed.info/sct#77176002	http://snomed.info/sct#160604004	108165
http://snomed.info/sct#77176002	http://snomed.info/sct#160605003	108166
http://snomed.info/sct#77176002	http://snomed.info/sct#160606002	108167
http://snomed.info/sct#77176002	http://snomed.info/sct#230065006	139341
http://snomed.info/sct#77176002	http://snomed.info/sct#266920004	171229
http://snomed.info/sct#77176002	http://snomed.info/sct#160603005	108164
http://snomed.info/sct#82302008	http://snomed.info/sct#82302008	69025
http://snomed.info/sct#134406006	http://snomed.info/sct#134406006	106400
http://snomed.info/sct#134406006	http://snomed.info/sct#1351230006	3361889
http://snomed.info/sct#160603005	http://snomed.info/sct#160603005	108164
http://snomed.info/sct#160604004	http://snomed.info/sct#160604004	108165
http://snomed.info/sct#160605003	http://snomed.info/sct#160605003	108166
http://snomed.info/sct#160606002	http://snomed.info/sct#160606002	108167
http://snomed.info/sct#160612007	http://snomed.info/sct#160612007	108168
http://snomed.info/sct#160613002	http://snomed.info/sct#160613002	108169
http://snomed.info/sct#160616005	http://snomed.info/sct#160616005	108171
http://snomed.info/sct#160619003	http://snomed.info/sct#160619003	108174
http://snomed.info/sct#225934006	http://snomed.info/sct#225934006	135465
http://snomed.info/sct#230056004	http://snomed.info/sct#230056004	139333
http://snomed.info/sct#230056004	http://snomed.info/sct#401201003	240107
http://snomed.info/sct#230057008	http://snomed.info/sct#230057008	139334
http://snomed.info/sct#230058003	http://snomed.info/sct#230058003	139335
http://snomed.info/sct#230059006	http://snomed.info/sct#230059006	139336
http://snomed.info/sct#230059006	http://snomed.info/sct#266920004	171229
http://snomed.info/sct#230060001	http://snomed.info/sct#230060001	139337
http://snomed.info/sct#230060001	http://snomed.info/sct#160603005	108164
http://snomed.info/sct#230062009	http://snomed.info/sct#230062009	139338
http://snomed.info/sct#230062009	http://snomed.info/sct#160604004	108165
http://snomed.info/sct#230063004	http://snomed.info/sct#230063004	139339
http://snomed.info/sct#230063004	http://snomed.info/sct#160605003	108166
http://snomed.info/sct#230064005	http://snomed.info/sct#230064005	139340
http://snomed.info/sct#230064005	http://snomed.info/sct#160606002	108167
http://snomed.info/sct#230064005	http://snomed.info/sct#230065006	139341
http://snomed.info/sct#230065006	http://snomed.info/sct#230065006	139341
http://snomed.info/sct#266918002	http://snomed.info/sct#266918002	171227
http://snomed.info/sct#266918002	http://snomed.info/sct#230056004	139333
http://snomed.info/sct#266918002	http://snomed.info/sct#230057008	139334
http://snomed.info/sct#266918002	http://snomed.info/sct#230058003	139335
http://snomed.info/sct#266918002	http://snomed.info/sct#836001000000109	356527
http://snomed.info/sct#266918002	http://snomed.info/sct#782516008	2639535
http://snomed.info/sct#266918002	http://snomed.info/sct#598171000005102	3217481
http://snomed.info/sct#266918002	http://snomed.info/sct#401201003	240107
http://snomed.info/sct#266920004	http://snomed.info/sct#266920004	171229
http://snomed.info/sct#266929003	http://snomed.info/sct#266929003	171238
http://snomed.info/sct#266929003	http://snomed.info/sct#308438006	205991
http://snomed.info/sct#308438006	http://snomed.info/sct#308438006	205991
http://snomed.info/sct#394871007	http://snomed.info/sct#394871007	234963
http://snomed.info/sct#394872000	http://snomed.info/sct#394872000	234964
http://snomed.info/sct#394873005	http://snomed.info/sct#394873005	234965
http://snomed.info/sct#401159003	http://snomed.info/sct#401159003	240068
http://snomed.info/sct#413173009	http://snomed.info/sct#413173009	250288
http://snomed.info/sct#446172000	http://snomed.info/sct#446172000	278682
http://snomed.info/sct#449868002	http://snomed.info/sct#449868002	282319
http://snomed.info/sct#203191000000107	http://snomed.info/sct#203191000000107	341356
http://snomed.info/sct#428041000124106	http://snomed.info/sct#428041000124106	347299
http://snomed.info/sct#836001000000109	http://snomed.info/sct#836001000000109	356527
http://snomed.info/sct#42356411000001102	http://snomed.info/sct#42356411000001102	3144463
http://snomed.info/sct#42356411000001102	http://snomed.info/sct#1111000001108	333162
http://snomed.info/sct#42356411000001102	http://snomed.info/sct#1111000001108	768214
http://snomed.info/sct#42356411000001102	http://snomed.info/sct#7011000001102	334903
http://snomed.info/sct#42356411000001102	http://snomed.info/sct#7011000001102	882576
http://snomed.info/sct#42356411000001102	http://snomed.info/sct#40911000001106	337198
http://snomed.info/sct#42356411000001102	http://snomed.info/sct#40911000001106	869678
http://snomed.info/sct#42356411000001102	http://snomed.info/sct#71711000001100	337873
http://snomed.info/sct#42356411000001102	http://snomed.info/sct#71711000001100	883428
http://snomed.info/sct#42356411000001102	http://snomed.info/sct#140611000001107	339733
http://snomed.info/sct#42356411000001102	http://snomed.info/sct#140611000001107	777964
http://snomed.info/sct#42356411000001102	http://snomed.info/sct#185011000001103	340425
http://snomed.info/sct#42356411000001102	http://snomed.info/sct#185011000001103	795952
http://snomed.info/sct#42356411000001102	http://snomed.info/sct#263411000001108	342966
http://snomed.info/sct#42356411000001102	http://snomed.info/sct#263411000001108	826986
http://snomed.info/sct#42356411000001102	http://snomed.info/sct#282211000001100	343295
http://snomed.info/sct#42356411000001102	http://snomed.info/sct#282211000001100	835817
http://snomed.info/sct#42356411000001102	http://snomed.info/sct#568311000001100	349778
http://snomed.info/sct#42356411000001102	http://snomed.info/sct#568311000001100	875249
http://snomed.info/sct#42356411000001102	http://snomed.info/sct#852311000001105	357619
http://snomed.info/sct#42356411000001102	http://snomed.info/sct#852311000001105	888013
http://snomed.info/sct#42356411000001102	http://snomed.info/sct#923011000001105	360843
http://snomed.info/sct#42356411000001102	http://snomed.info/sct#923011000001105	890755
http://snomed.info/sct#42356411000001102	http://snomed.info/sct#3753611000001104	392612
http://snomed.info/sct#42356411000001102	http://snomed.info/sct#3753611000001104	868494
http://snomed.info/sct#42356411000001102	http://snomed.info/sct#5385411000001101	406565
http://snomed.info/sct#42356411000001102	http://snomed.info/sct#5385411000001101	874016
http://snomed.info/sct#42356411000001102	http://snomed.info/sct#5497311000001109	407420
http://snomed.info/sct#42356411000001102	http://snomed.info/sct#5497311000001109	874439
http://snomed.info/sct#42356411000001102	http://snomed.info/sct#5557111000001105	408001
http://snomed.info/sct#42356411000001102	http://snomed.info/sct#5557111000001105	874691
http://snomed.info/sct#42356411000001102	http://snomed.info/sct#9559611000001100	448516
http://snomed.info/sct#42356411000001102	http://snomed.info/sct#9559611000001100	891875
http://snomed.info/sct#42356411000001102	http://snomed.info/sct#9756711000001103	451482
http://snomed.info/sct#42356411000001102	http://snomed.info/sct#9756711000001103	892543
http://snomed.info/sct#42356411000001102	http://snomed.info/sct#10300411000001101	456125
http://snomed.info/sct#42356411000001102	http://snomed.info/sct#10300411000001101	765477
http://snomed.info/sct#42356411000001102	http://snomed.info/sct#10687111000001101	459825
http://snomed.info/sct#42356411000001102	http://snomed.info/sct#10687111000001101	766692
http://snomed.info/sct#42356411000001102	http://snomed.info/sct#10820111000001101	461267
http://snomed.info/sct#42356411000001102	http://snomed.info/sct#10820111000001101	767128
http://snomed.info/sct#42356411000001102	http://snomed.info/sct#11014211000001100	463286
http://snomed.info/sct#42356411000001102	http://snomed.info/sct#11014211000001100	767807
http://snomed.info/sct#42356411000001102	http://snomed.info/sct#11409811000001106	467304
http://snomed.info/sct#42356411000001102	http://snomed.info/sct#11409811000001106	769394
http://snomed.info/sct#42356411000001102	http://snomed.info/sct#11552711000001109	468725
http://snomed.info/sct#42356411000001102	http://snomed.info/sct#11552711000001109	769865
http://snomed.info/sct#42356411000001102	http://snomed.info/sct#13413811000001102	490732
http://snomed.info/sct#42356411000001102	http://snomed.info/sct#13413811000001102	775511
http://snomed.info/sct#42356411000001102	http://snomed.info/sct#13766811000001101	494115
http://snomed.info/sct#42356411000001102	http://snomed.info/sct#13766811000001101	776847
http://snomed.info/sct#42356411000001102	http://snomed.info/sct#13926311000001106	495611
http://snomed.info/sct#42356411000001102	http://snomed.info/sct#13926311000001106	777452
http://snomed.info/sct#42356411000001102	http://snomed.info/sct#14125511000001108	497523
http://snomed.info/sct#42356411000001102	http://snomed.info/sct#14125511000001108	778269
http://snomed.info/sct#42356411000001102	http://snomed.info/sct#14335611000001102	499568
http://snomed.info/sct#42356411000001102	http://snomed.info/sct#14335611000001102	779207
http://snomed.info/sct#42356411000001102	http://snomed.info/sct#15057211000001101	506475
http://snomed.info/sct#42356411000001102	http://snomed.info/sct#15057211000001101	782272
http://snomed.info/sct#42356411000001102	http://snomed.info/sct#16064411000001102	516422
http://snomed.info/sct#42356411000001102	http://snomed.info/sct#16064411000001102	786068
http://snomed.info/sct#42356411000001102	http://snomed.info/sct#16513311000001105	521104
http://snomed.info/sct#42356411000001102	http://snomed.info/sct#16513311000001105	787934
http://snomed.info/sct#42356411000001102	http://snomed.info/sct#17947911000001100	534572
http://snomed.info/sct#42356411000001102	http://snomed.info/sct#17947911000001100	793792
http://snomed.info/sct#42356411000001102	http://snomed.info/sct#18494511000001102	539542
http://snomed.info/sct#42356411000001102	http://snomed.info/sct#18494511000001102	795932
http://snomed.info/sct#42356411000001102	http://snomed.info/sct#19511111000001101	549015
http://snomed.info/sct#42356411000001102	http://snomed.info/sct#19511111000001101	799970
http://snomed.info/sct#42356411000001102	http://snomed.info/sct#19967311000001103	552860
http://snomed.info/sct#42356411000001102	http://snomed.info/sct#19967311000001103	801424
http://snomed.info/sct#42356411000001102	http://snomed.info/sct#21304911000001105	565365
http://snomed.info/sct#42356411000001102	http://snomed.info/sct#21304911000001105	806338
http://snomed.info/sct#42356411000001102	http://snomed.info/sct#21824911000001101	570077
http://snomed.info/sct#42356411000001102	http://snomed.info/sct#21824911000001101	808179
http://snomed.info/sct#42356411000001102	http://snomed.info/sct#30066911000001108	646388
http://snomed.info/sct#42356411000001102	http://snomed.info/sct#30066911000001108	844001
http://snomed.info/sct#42356411000001102	http://snomed.info/sct#32557811000001102	669685
http://snomed.info/sct#42356411000001102	http://snomed.info/sct#32557811000001102	855604
http://snomed.info/sct#42356411000001102	http://snomed.info/sct#35247411000001106	694168
http://snomed.info/sct#42356411000001102	http://snomed.info/sct#35247411000001106	866109
http://snomed.info/sct#42356411000001102	http://snomed.info/sct#37124811000001103	711178
http://snomed.info/sct#42356411000001102	http://snomed.info/sct#37590411000001106	2747828
http://snomed.info/sct#42356411000001102	http://snomed.info/sct#37673411000001101	2830679
http://snomed.info/sct#42356411000001102	http://snomed.info/sct#38868711000001107	2671679
http://snomed.info/sct#42356411000001102	http://snomed.info/sct#39205111000001107	2748456
http://snomed.info/sct#42356411000001102	http://snomed.info/sct#39968411000001107	2972546
http://snomed.info/sct#42356411000001102	http://snomed.info/sct#40817011000001109	3061657
http://snomed.info/sct#42356411000001102	http://snomed.info/sct#41731311000001103	3198677
http://snomed.info/sct#42356411000001102	http://snomed.info/sct#43582711000001105	3233806
http://snomed.info/sct#42356411000001102	http://snomed.info/sct#44123411000001107	3305203
http://snomed.info/sct#42356611000001104	http://snomed.info/sct#42356611000001104	3144867
http://snomed.info/sct#42356611000001104	http://snomed.info/sct#40511000001104	337190
http://snomed.info/sct#42356611000001104	http://snomed.info/sct#40511000001104	869543
http://snomed.info/sct#42356611000001104	http://snomed.info/sct#147611000001106	339903
http://snomed.info/sct#42356611000001104	http://snomed.info/sct#147611000001106	781043
http://snomed.info/sct#42356611000001104	http://snomed.info/sct#251411000001100	342866
http://snomed.info/sct#42356611000001104	http://snomed.info/sct#251411000001100	821308
http://snomed.info/sct#42356611000001104	http://snomed.info/sct#349911000001102	345496
http://snomed.info/sct#42356611000001104	http://snomed.info/sct#349911000001102	865320
http://snomed.info/sct#42356611000001104	http://snomed.info/sct#372711000001109	346261
http://snomed.info/sct#42356611000001104	http://snomed.info/sct#372711000001109	868407
http://snomed.info/sct#42356611000001104	http://snomed.info/sct#412411000001102	347052
http://snomed.info/sct#42356611000001104	http://snomed.info/sct#412411000001102	869787
http://snomed.info/sct#42356611000001104	http://snomed.info/sct#414711000001103	347130
http://snomed.info/sct#42356611000001104	http://snomed.info/sct#414711000001103	869856
http://snomed.info/sct#42356611000001104	http://snomed.info/sct#789711000001109	354064
http://snomed.info/sct#42356611000001104	http://snomed.info/sct#789711000001109	885832
http://snomed.info/sct#42356611000001104	http://snomed.info/sct#919311000001103	360689
http://snomed.info/sct#42356611000001104	http://snomed.info/sct#919311000001103	890594
http://snomed.info/sct#42356611000001104	http://snomed.info/sct#935511000001100	361606
http://snomed.info/sct#42356611000001104	http://snomed.info/sct#935511000001100	891234
http://snomed.info/sct#42356611000001104	http://snomed.info/sct#3753811000001100	392614
http://snomed.info/sct#42356611000001104	http://snomed.info/sct#3753811000001100	868495
http://snomed.info/sct#42356611000001104	http://snomed.info/sct#9377411000001108	445377
http://snomed.info/sct#42356611000001104	http://snomed.info/sct#9377411000001108	891284
http://snomed.info/sct#42356611000001104	http://snomed.info/sct#9559811000001101	448520
http://snomed.info/sct#42356611000001104	http://snomed.info/sct#9559811000001101	891876
http://snomed.info/sct#42356611000001104	http://snomed.info/sct#10299911000001106	456120
http://snomed.info/sct#42356611000001104	http://snomed.info/sct#10299911000001106	765475
http://snomed.info/sct#42356611000001104	http://snomed.info/sct#11013911000001107	463283
http://snomed.info/sct#42356611000001104	http://snomed.info/sct#11013911000001107	767806
http://snomed.info/sct#42356611000001104	http://snomed.info/sct#13414611000001103	490738
http://snomed.info/sct#42356611000001104	http://snomed.info/sct#13414611000001103	775514
http://snomed.info/sct#42356611000001104	http://snomed.info/sct#15112911000001107	506968
http://snomed.info/sct#42356611000001104	http://snomed.info/sct#15112911000001107	782505
http://snomed.info/sct#42356611000001104	http://snomed.info/sct#17948011000001103	534573
http://snomed.info/sct#42356611000001104	http://snomed.info/sct#17948011000001103	793793
http://snomed.info/sct#42356611000001104	http://snomed.info/sct#19511411000001106	549018
http://snomed.info/sct#42356611000001104	http://snomed.info/sct#19511411000001106	799971
http://snomed.info/sct#42356611000001104	http://snomed.info/sct#21825211000001106	570080
http://snomed.info/sct#42356611000001104	http://snomed.info/sct#21825211000001106	808181
http://snomed.info/sct#42356611000001104	http://snomed.info/sct#23639311000001100	586576
http://snomed.info/sct#42356611000001104	http://snomed.info/sct#23639311000001100	814999
http://snomed.info/sct#42356611000001104	http://snomed.info/sct#30067011000001107	646389
http://snomed.info/sct#42356611000001104	http://snomed.info/sct#30067011000001107	844002
http://snomed.info/sct#42356611000001104	http://snomed.info/sct#32558611000001102	669693
http://snomed.info/sct#42356611000001104	http://snomed.info/sct#32558611000001102	855607
http://snomed.info/sct#42356611000001104	http://snomed.info/sct#32807211000001105	671940
http://snomed.info/sct#42356611000001104	http://snomed.info/sct#32807211000001105	856573
http://snomed.info/sct#42356611000001104	http://snomed.info/sct#37125011000001108	711180
http://snomed.info/sct#42356611000001104	http://snomed.info/sct#37590611000001109	2787219
http://snomed.info/sct#42356611000001104	http://snomed.info/sct#38868911000001109	2705983
http://snomed.info/sct#42356611000001104	http://snomed.info/sct#39206811000001108	2721770
http://snomed.info/sct#42356611000001104	http://snomed.info/sct#41731611000001108	3204272
http://snomed.info/sct#42356611000001104	http://snomed.info/sct#42623011000001108	3231448
http://snomed.info/sct#42356211000001101	http://snomed.info/sct#42356211000001101	3144849
http://snomed.info/sct#42356211000001101	http://snomed.info/sct#64411000001103	337699
http://snomed.info/sct#42356211000001101	http://snomed.info/sct#64411000001103	879439
http://snomed.info/sct#42356211000001101	http://snomed.info/sct#80311000001100	338027
http://snomed.info/sct#42356211000001101	http://snomed.info/sct#80311000001100	886312
http://snomed.info/sct#42356211000001101	http://snomed.info/sct#215811000001108	341728
http://snomed.info/sct#42356211000001101	http://snomed.info/sct#215811000001108	807330
http://snomed.info/sct#42356211000001101	http://snomed.info/sct#254411000001103	342888
http://snomed.info/sct#42356211000001101	http://snomed.info/sct#254411000001103	822700
http://snomed.info/sct#42356211000001101	http://snomed.info/sct#340711000001106	345212
http://snomed.info/sct#42356211000001101	http://snomed.info/sct#340711000001106	861847
http://snomed.info/sct#42356211000001101	http://snomed.info/sct#385811000001100	346700
http://snomed.info/sct#42356211000001101	http://snomed.info/sct#385811000001100	868890
http://snomed.info/sct#42356211000001101	http://snomed.info/sct#536711000001108	349544
http://snomed.info/sct#42356211000001101	http://snomed.info/sct#536711000001108	873939
http://snomed.info/sct#42356211000001101	http://snomed.info/sct#546111000001106	349612
http://snomed.info/sct#42356211000001101	http://snomed.info/sct#546111000001106	874332
http://snomed.info/sct#42356211000001101	http://snomed.info/sct#584711000001107	349930
http://snomed.info/sct#42356211000001101	http://snomed.info/sct#584711000001107	876177
http://snomed.info/sct#42356211000001101	http://snomed.info/sct#638011000001101	350322
http://snomed.info/sct#42356211000001101	http://snomed.info/sct#638011000001101	879095
http://snomed.info/sct#42356211000001101	http://snomed.info/sct#863411000001100	358203
http://snomed.info/sct#42356211000001101	http://snomed.info/sct#863411000001100	888384
http://snomed.info/sct#42356211000001101	http://snomed.info/sct#3753411000001102	392610
http://snomed.info/sct#42356211000001101	http://snomed.info/sct#3753411000001102	868493
http://snomed.info/sct#42356211000001101	http://snomed.info/sct#5385211000001100	406563
http://snomed.info/sct#42356211000001101	http://snomed.info/sct#5385211000001100	874015
http://snomed.info/sct#42356211000001101	http://snomed.info/sct#5617211000001100	408571
http://snomed.info/sct#42356211000001101	http://snomed.info/sct#5617211000001100	874940
http://snomed.info/sct#42356211000001101	http://snomed.info/sct#5617411000001101	408573
http://snomed.info/sct#42356211000001101	http://snomed.info/sct#5617411000001101	874941
http://snomed.info/sct#42356211000001101	http://snomed.info/sct#9377211000001109	445373
http://snomed.info/sct#42356211000001101	http://snomed.info/sct#9377211000001109	891283
http://snomed.info/sct#42356211000001101	http://snomed.info/sct#9559411000001103	448512
http://snomed.info/sct#42356211000001101	http://snomed.info/sct#9559411000001103	891874
http://snomed.info/sct#42356211000001101	http://snomed.info/sct#10300811000001104	456129
http://snomed.info/sct#42356211000001101	http://snomed.info/sct#10300811000001104	765479
http://snomed.info/sct#42356211000001101	http://snomed.info/sct#10686911000001101	459823
http://snomed.info/sct#42356211000001101	http://snomed.info/sct#10686911000001101	766691
http://snomed.info/sct#42356211000001101	http://snomed.info/sct#10820511000001105	461269
http://snomed.info/sct#42356211000001101	http://snomed.info/sct#10820511000001105	767129
http://snomed.info/sct#42356211000001101	http://snomed.info/sct#11014711000001107	463291
http://snomed.info/sct#42356211000001101	http://snomed.info/sct#11014711000001107	767809
http://snomed.info/sct#42356211000001101	http://snomed.info/sct#11552511000001104	468723
http://snomed.info/sct#42356211000001101	http://snomed.info/sct#11552511000001104	769864
http://snomed.info/sct#42356211000001101	http://snomed.info/sct#13926011000001108	495608
http://snomed.info/sct#42356211000001101	http://snomed.info/sct#13926011000001108	777451
http://snomed.info/sct#42356211000001101	http://snomed.info/sct#14332711000001102	499539
http://snomed.info/sct#42356211000001101	http://snomed.info/sct#14332711000001102	779193
http://snomed.info/sct#42356211000001101	http://snomed.info/sct#15112711000001105	506966
http://snomed.info/sct#42356211000001101	http://snomed.info/sct#15112711000001105	782504
http://snomed.info/sct#42356211000001101	http://snomed.info/sct#16512211000001108	521094
http://snomed.info/sct#42356211000001101	http://snomed.info/sct#16512211000001108	787931
http://snomed.info/sct#42356211000001101	http://snomed.info/sct#17947811000001105	534571
http://snomed.info/sct#42356211000001101	http://snomed.info/sct#17947811000001105	793791
http://snomed.info/sct#42356211000001101	http://snomed.info/sct#18494311000001108	539540
http://snomed.info/sct#42356211000001101	http://snomed.info/sct#18494311000001108	795931
http://snomed.info/sct#42356211000001101	http://snomed.info/sct#19510711000001108	549011
http://snomed.info/sct#42356211000001101	http://snomed.info/sct#19510711000001108	799967
http://snomed.info/sct#42356211000001101	http://snomed.info/sct#19967111000001100	552858
http://snomed.info/sct#42356211000001101	http://snomed.info/sct#19967111000001100	801423
http://snomed.info/sct#42356211000001101	http://snomed.info/sct#21824711000001103	570075
http://snomed.info/sct#42356211000001101	http://snomed.info/sct#21824711000001103	808178
http://snomed.info/sct#42356211000001101	http://snomed.info/sct#30066711000001106	646386
http://snomed.info/sct#42356211000001101	http://snomed.info/sct#30066711000001106	844000
http://snomed.info/sct#42356211000001101	http://snomed.info/sct#32556611000001103	669673
http://snomed.info/sct#42356211000001101	http://snomed.info/sct#32556611000001103	855600
http://snomed.info/sct#42356211000001101	http://snomed.info/sct#37124611000001102	711176
http://snomed.info/sct#42356211000001101	http://snomed.info/sct#37590211000001107	2720720
http://snomed.info/sct#42356211000001101	http://snomed.info/sct#38868511000001102	2635185
http://snomed.info/sct#42356211000001101	http://snomed.info/sct#39206111000001101	2777523
http://snomed.info/sct#42356211000001101	http://snomed.info/sct#41730811000001104	3248524
http://snomed.info/sct#42356211000001101	http://snomed.info/sct#44123611000001105	3305364
http://snomed.info/sct#36022211000001101	http://snomed.info/sct#36022211000001101	701027
http://snomed.info/sct#36022211000001101	http://snomed.info/sct#9832811000001108	452162
http://snomed.info/sct#36022211000001101	http://snomed.info/sct#9832811000001108	892835
http://snomed.info/sct#36022311000001109	http://snomed.info/sct#36022311000001109	701028
http://snomed.info/sct#36022311000001109	http://snomed.info/sct#4370611000001108	397959
http://snomed.info/sct#36022311000001109	http://snomed.info/sct#4370611000001108	870555
http://snomed.info/sct#36022311000001109	http://snomed.info/sct#11144411000001102	464638
http://snomed.info/sct#36022311000001109	http://snomed.info/sct#11144411000001102	768349
http://snomed.info/sct#36022311000001109	http://snomed.info/sct#11535811000001107	468567
http://snomed.info/sct#36022311000001109	http://snomed.info/sct#11535811000001107	769814
http://snomed.info/sct#36022311000001109	http://snomed.info/sct#15028911000001107	506208
http://snomed.info/sct#36022311000001109	http://snomed.info/sct#15028911000001107	782145
http://snomed.info/sct#36022311000001109	http://snomed.info/sct#31685111000001103	661428
http://snomed.info/sct#36022311000001109	http://snomed.info/sct#31685111000001103	851377
http://snomed.info/sct#36022311000001109	http://snomed.info/sct#34754811000001102	689856
http://snomed.info/sct#36022311000001109	http://snomed.info/sct#34754811000001102	864551
http://snomed.info/sct#36022311000001109	http://snomed.info/sct#35775411000001106	698799
http://snomed.info/sct#36022311000001109	http://snomed.info/sct#35775411000001106	867871
http://snomed.info/sct#36022311000001109	http://snomed.info/sct#42780311000001103	3223394
http://snomed.info/sct#36022311000001109	http://snomed.info/sct#43156811000001101	3220789
http://snomed.info/sct#42354611000001108	http://snomed.info/sct#42354611000001108	3144552
http://snomed.info/sct#42354611000001108	http://snomed.info/sct#217611000001102	341747
http://snomed.info/sct#42354611000001108	http://snomed.info/sct#217611000001102	807920
http://snomed.info/sct#42354611000001108	http://snomed.info/sct#5432011000001100	406991
http://snomed.info/sct#42354611000001108	http://snomed.info/sct#5432011000001100	874228
http://snomed.info/sct#42354611000001108	http://snomed.info/sct#5491511000001109	407365
http://snomed.info/sct#42354611000001108	http://snomed.info/sct#5491511000001109	874415
http://snomed.info/sct#42354611000001108	http://snomed.info/sct#5604611000001106	408457
http://snomed.info/sct#42354611000001108	http://snomed.info/sct#5604611000001106	874901
http://snomed.info/sct#42354611000001108	http://snomed.info/sct#9480911000001104	447104
http://snomed.info/sct#42354611000001108	http://snomed.info/sct#9480911000001104	891625
http://snomed.info/sct#42354611000001108	http://snomed.info/sct#9846411000001108	452252
http://snomed.info/sct#42354611000001108	http://snomed.info/sct#9846411000001108	892864
http://snomed.info/sct#42354611000001108	http://snomed.info/sct#9869711000001104	452416
http://snomed.info/sct#42354611000001108	http://snomed.info/sct#9869711000001104	892914
http://snomed.info/sct#42354611000001108	http://snomed.info/sct#9889711000001101	452569
http://snomed.info/sct#42354611000001108	http://snomed.info/sct#9889711000001101	892943
http://snomed.info/sct#42354611000001108	http://snomed.info/sct#9890111000001108	452573
http://snomed.info/sct#42354611000001108	http://snomed.info/sct#9890111000001108	892945
http://snomed.info/sct#42354611000001108	http://snomed.info/sct#9905011000001108	452735
http://snomed.info/sct#42354611000001108	http://snomed.info/sct#9905011000001108	892961
http://snomed.info/sct#42354611000001108	http://snomed.info/sct#9905511000001100	452744
http://snomed.info/sct#42354611000001108	http://snomed.info/sct#9905511000001100	892963
http://snomed.info/sct#42354611000001108	http://snomed.info/sct#9908311000001102	452777
http://snomed.info/sct#42354611000001108	http://snomed.info/sct#9908311000001102	892969
http://snomed.info/sct#42354611000001108	http://snomed.info/sct#9991011000001109	453578
http://snomed.info/sct#42354611000001108	http://snomed.info/sct#9991011000001109	893367
http://snomed.info/sct#42354611000001108	http://snomed.info/sct#10131811000001109	454792
http://snomed.info/sct#42354611000001108	http://snomed.info/sct#10131811000001109	765036
http://snomed.info/sct#42354611000001108	http://snomed.info/sct#10289311000001106	456014
http://snomed.info/sct#42354611000001108	http://snomed.info/sct#10289311000001106	765422
http://snomed.info/sct#42354611000001108	http://snomed.info/sct#10302811000001103	456149
http://snomed.info/sct#42354611000001108	http://snomed.info/sct#10302811000001103	765490
http://snomed.info/sct#42354611000001108	http://snomed.info/sct#10436311000001107	457483
http://snomed.info/sct#42354611000001108	http://snomed.info/sct#10436311000001107	765934
http://snomed.info/sct#42354611000001108	http://snomed.info/sct#10439411000001107	457513
http://snomed.info/sct#42354611000001108	http://snomed.info/sct#10439411000001107	765948
http://snomed.info/sct#42354611000001108	http://snomed.info/sct#10567011000001107	458786
http://snomed.info/sct#42354611000001108	http://snomed.info/sct#10567011000001107	766411
http://snomed.info/sct#42354611000001108	http://snomed.info/sct#11016711000001103	463314
http://snomed.info/sct#42354611000001108	http://snomed.info/sct#11016711000001103	767819
http://snomed.info/sct#42354611000001108	http://snomed.info/sct#15106711000001106	506910
http://snomed.info/sct#42354611000001108	http://snomed.info/sct#15106711000001106	782476
http://snomed.info/sct#42354611000001108	http://snomed.info/sct#17203411000001106	527662
http://snomed.info/sct#42354611000001108	http://snomed.info/sct#17203411000001106	790789
http://snomed.info/sct#42354611000001108	http://snomed.info/sct#17935111000001106	534446
http://snomed.info/sct#42354611000001108	http://snomed.info/sct#17935111000001106	793733
http://snomed.info/sct#42354611000001108	http://snomed.info/sct#17973511000001103	534815
http://snomed.info/sct#42354611000001108	http://snomed.info/sct#17973511000001103	793899
http://snomed.info/sct#42354611000001108	http://snomed.info/sct#22061311000001109	572227
http://snomed.info/sct#42354611000001108	http://snomed.info/sct#22061311000001109	809111
http://snomed.info/sct#42354611000001108	http://snomed.info/sct#24355411000001103	593247
http://snomed.info/sct#42354611000001108	http://snomed.info/sct#24355411000001103	818127
http://snomed.info/sct#42354611000001108	http://snomed.info/sct#24389511000001107	593562
http://snomed.info/sct#42354611000001108	http://snomed.info/sct#24389511000001107	818272
http://snomed.info/sct#42354611000001108	http://snomed.info/sct#35246411000001109	694158
http://snomed.info/sct#42354611000001108	http://snomed.info/sct#35246411000001109	866104
http://snomed.info/sct#42354611000001108	http://snomed.info/sct#37097611000001106	711009
http://snomed.info/sct#42354611000001108	http://snomed.info/sct#37568011000001103	2674629
http://snomed.info/sct#42354611000001108	http://snomed.info/sct#39011211000001107	2552127
http://snomed.info/sct#42354611000001108	http://snomed.info/sct#40739211000001102	3067590
http://snomed.info/sct#42354611000001108	http://snomed.info/sct#41752711000001107	3225668
http://snomed.info/sct#42354611000001108	http://snomed.info/sct#42906411000001102	3241535
http://snomed.info/sct#42354511000001109	http://snomed.info/sct#42354511000001109	3144580
http://snomed.info/sct#42354511000001109	http://snomed.info/sct#29411000001106	336989
http://snomed.info/sct#42354511000001109	http://snomed.info/sct#29411000001106	841369
http://snomed.info/sct#42354511000001109	http://snomed.info/sct#5380911000001100	406520
http://snomed.info/sct#42354511000001109	http://snomed.info/sct#5380911000001100	873996
http://snomed.info/sct#42354511000001109	http://snomed.info/sct#5431411000001104	406985
http://snomed.info/sct#42354511000001109	http://snomed.info/sct#5431411000001104	874225
http://snomed.info/sct#42354511000001109	http://snomed.info/sct#5490911000001109	407359
http://snomed.info/sct#42354511000001109	http://snomed.info/sct#5490911000001109	874412
http://snomed.info/sct#42354511000001109	http://snomed.info/sct#5603811000001107	408451
http://snomed.info/sct#42354511000001109	http://snomed.info/sct#5603811000001107	874899
http://snomed.info/sct#42354511000001109	http://snomed.info/sct#9480611000001105	447098
http://snomed.info/sct#42354511000001109	http://snomed.info/sct#9480611000001105	891623
http://snomed.info/sct#42354511000001109	http://snomed.info/sct#9846611000001106	452254
http://snomed.info/sct#42354511000001109	http://snomed.info/sct#9846611000001106	892865
http://snomed.info/sct#42354511000001109	http://snomed.info/sct#9869511000001109	452414
http://snomed.info/sct#42354511000001109	http://snomed.info/sct#9869511000001109	892913
http://snomed.info/sct#42354511000001109	http://snomed.info/sct#9889511000001106	452567
http://snomed.info/sct#42354511000001109	http://snomed.info/sct#9889511000001106	892942
http://snomed.info/sct#42354511000001109	http://snomed.info/sct#9889911000001104	452571
http://snomed.info/sct#42354511000001109	http://snomed.info/sct#9889911000001104	892944
http://snomed.info/sct#42354511000001109	http://snomed.info/sct#9904811000001103	452731
http://snomed.info/sct#42354511000001109	http://snomed.info/sct#9904811000001103	892960
http://snomed.info/sct#42354511000001109	http://snomed.info/sct#9905311000001106	452740
http://snomed.info/sct#42354511000001109	http://snomed.info/sct#9905311000001106	892962
http://snomed.info/sct#42354511000001109	http://snomed.info/sct#9908111000001104	452775
http://snomed.info/sct#42354511000001109	http://snomed.info/sct#9908111000001104	892968
http://snomed.info/sct#42354511000001109	http://snomed.info/sct#9990711000001103	453576
http://snomed.info/sct#42354511000001109	http://snomed.info/sct#9990711000001103	893366
http://snomed.info/sct#42354511000001109	http://snomed.info/sct#10131611000001105	454790
http://snomed.info/sct#42354511000001109	http://snomed.info/sct#10131611000001105	765035
http://snomed.info/sct#42354511000001109	http://snomed.info/sct#10288611000001105	456008
http://snomed.info/sct#42354511000001109	http://snomed.info/sct#10288611000001105	765419
http://snomed.info/sct#42354511000001109	http://snomed.info/sct#10303011000001100	456151
http://snomed.info/sct#42354511000001109	http://snomed.info/sct#10303011000001100	765491
http://snomed.info/sct#42354511000001109	http://snomed.info/sct#10436111000001105	457481
http://snomed.info/sct#42354511000001109	http://snomed.info/sct#10436111000001105	765933
http://snomed.info/sct#42354511000001109	http://snomed.info/sct#10438911000001107	457508
http://snomed.info/sct#42354511000001109	http://snomed.info/sct#10438911000001107	765947
http://snomed.info/sct#42354511000001109	http://snomed.info/sct#10566811000001103	458784
http://snomed.info/sct#42354511000001109	http://snomed.info/sct#10566811000001103	766410
http://snomed.info/sct#42354511000001109	http://snomed.info/sct#11016911000001101	463316
http://snomed.info/sct#42354511000001109	http://snomed.info/sct#11016911000001101	767820
http://snomed.info/sct#42354511000001109	http://snomed.info/sct#15106311000001107	506906
http://snomed.info/sct#42354511000001109	http://snomed.info/sct#15106311000001107	782474
http://snomed.info/sct#42354511000001109	http://snomed.info/sct#17203211000001107	527660
http://snomed.info/sct#42354511000001109	http://snomed.info/sct#17203211000001107	790788
http://snomed.info/sct#42354511000001109	http://snomed.info/sct#17934911000001105	534444
http://snomed.info/sct#42354511000001109	http://snomed.info/sct#17934911000001105	793732
http://snomed.info/sct#42354511000001109	http://snomed.info/sct#17973711000001108	534817
http://snomed.info/sct#42354511000001109	http://snomed.info/sct#17973711000001108	793900
http://snomed.info/sct#42354511000001109	http://snomed.info/sct#22060911000001103	572223
http://snomed.info/sct#42354511000001109	http://snomed.info/sct#22060911000001103	809109
http://snomed.info/sct#42354511000001109	http://snomed.info/sct#24355211000001102	593245
http://snomed.info/sct#42354511000001109	http://snomed.info/sct#24355211000001102	818126
http://snomed.info/sct#42354511000001109	http://snomed.info/sct#24389311000001101	593560
http://snomed.info/sct#42354511000001109	http://snomed.info/sct#24389311000001101	818271
http://snomed.info/sct#42354511000001109	http://snomed.info/sct#35246211000001105	694156
http://snomed.info/sct#42354511000001109	http://snomed.info/sct#35246211000001105	866103
http://snomed.info/sct#42354511000001109	http://snomed.info/sct#37096411000001106	711007
http://snomed.info/sct#42354511000001109	http://snomed.info/sct#37567311000001101	2852421
http://snomed.info/sct#42354511000001109	http://snomed.info/sct#39010411000001102	2557320
http://snomed.info/sct#42354511000001109	http://snomed.info/sct#41752411000001101	3241916
http://snomed.info/sct#42354511000001109	http://snomed.info/sct#42841411000001108	3198888
http://snomed.info/sct#36037911000001105	http://snomed.info/sct#36037911000001105	701184
http://snomed.info/sct#36037911000001105	http://snomed.info/sct#3261211000001101	389165
http://snomed.info/sct#36037911000001105	http://snomed.info/sct#3261211000001101	855838
http://snomed.info/sct#42357111000001105	http://snomed.info/sct#42357111000001105	3144524
http://snomed.info/sct#42357111000001105	http://snomed.info/sct#922011000001101	360819
http://snomed.info/sct#42357111000001105	http://snomed.info/sct#922011000001101	890720
http://snomed.info/sct#42357111000001105	http://snomed.info/sct#5397411000001106	406681
http://snomed.info/sct#42357111000001105	http://snomed.info/sct#5397411000001106	874068
http://snomed.info/sct#42357111000001105	http://snomed.info/sct#5403511000001106	406736
http://snomed.info/sct#42357111000001105	http://snomed.info/sct#5403511000001106	874102
http://snomed.info/sct#42357111000001105	http://snomed.info/sct#5499911000001103	407445
http://snomed.info/sct#42357111000001105	http://snomed.info/sct#5499911000001103	874448
http://snomed.info/sct#42357111000001105	http://snomed.info/sct#13187711000001103	488249
http://snomed.info/sct#42357111000001105	http://snomed.info/sct#13187711000001103	774827
http://snomed.info/sct#42357111000001105	http://snomed.info/sct#13944411000001109	495788
http://snomed.info/sct#42357111000001105	http://snomed.info/sct#13944411000001109	777529
http://snomed.info/sct#42357111000001105	http://snomed.info/sct#13949111000001103	495835
http://snomed.info/sct#42357111000001105	http://snomed.info/sct#13949111000001103	777552
http://snomed.info/sct#42357111000001105	http://snomed.info/sct#14345611000001103	499667
http://snomed.info/sct#42357111000001105	http://snomed.info/sct#14345611000001103	779252
http://snomed.info/sct#42357111000001105	http://snomed.info/sct#14708011000001105	503172
http://snomed.info/sct#42357111000001105	http://snomed.info/sct#14708011000001105	780817
http://snomed.info/sct#42357111000001105	http://snomed.info/sct#15449111000001108	510083
http://snomed.info/sct#42357111000001105	http://snomed.info/sct#15449111000001108	783771
http://snomed.info/sct#42357111000001105	http://snomed.info/sct#15453911000001106	510123
http://snomed.info/sct#42357111000001105	http://snomed.info/sct#15453911000001106	783780
http://snomed.info/sct#42357111000001105	http://snomed.info/sct#15510911000001100	510631
http://snomed.info/sct#42357111000001105	http://snomed.info/sct#15510911000001100	783974
http://snomed.info/sct#42357111000001105	http://snomed.info/sct#15517711000001101	510695
http://snomed.info/sct#42357111000001105	http://snomed.info/sct#15517711000001101	783994
http://snomed.info/sct#42357111000001105	http://snomed.info/sct#15609011000001102	511535
http://snomed.info/sct#42357111000001105	http://snomed.info/sct#15609011000001102	784287
http://snomed.info/sct#42357111000001105	http://snomed.info/sct#15609611000001109	511541
http://snomed.info/sct#42357111000001105	http://snomed.info/sct#15609611000001109	784290
http://snomed.info/sct#42357111000001105	http://snomed.info/sct#16213411000001108	517933
http://snomed.info/sct#42357111000001105	http://snomed.info/sct#16213411000001108	786592
http://snomed.info/sct#42357111000001105	http://snomed.info/sct#16224311000001105	518134
http://snomed.info/sct#42357111000001105	http://snomed.info/sct#16224311000001105	786634
http://snomed.info/sct#42357111000001105	http://snomed.info/sct#16229011000001108	518190
http://snomed.info/sct#42357111000001105	http://snomed.info/sct#16229011000001108	786652
http://snomed.info/sct#42357111000001105	http://snomed.info/sct#16569811000001103	521727
http://snomed.info/sct#42357111000001105	http://snomed.info/sct#16569811000001103	788165
http://snomed.info/sct#42357111000001105	http://snomed.info/sct#16741811000001106	523244
http://snomed.info/sct#42357111000001105	http://snomed.info/sct#16741811000001106	788771
http://snomed.info/sct#42357111000001105	http://snomed.info/sct#17217911000001105	527795
http://snomed.info/sct#42357111000001105	http://snomed.info/sct#17217911000001105	790846
http://snomed.info/sct#42357111000001105	http://snomed.info/sct#17661511000001107	531855
http://snomed.info/sct#42357111000001105	http://snomed.info/sct#17661511000001107	792529
http://snomed.info/sct#42357111000001105	http://snomed.info/sct#17952111000001103	534612
http://snomed.info/sct#42357111000001105	http://snomed.info/sct#17952111000001103	793810
http://snomed.info/sct#42357111000001105	http://snomed.info/sct#17958411000001105	534668
http://snomed.info/sct#42357111000001105	http://snomed.info/sct#17958411000001105	793835
http://snomed.info/sct#42357111000001105	http://snomed.info/sct#18478211000001104	539390
http://snomed.info/sct#42357111000001105	http://snomed.info/sct#18478211000001104	795873
http://snomed.info/sct#42357111000001105	http://snomed.info/sct#18681711000001107	541214
http://snomed.info/sct#42357111000001105	http://snomed.info/sct#18681711000001107	796557
http://snomed.info/sct#42357111000001105	http://snomed.info/sct#20318611000001102	556185
http://snomed.info/sct#42357111000001105	http://snomed.info/sct#20318611000001102	802671
http://snomed.info/sct#42357111000001105	http://snomed.info/sct#21835111000001103	570173
http://snomed.info/sct#42357111000001105	http://snomed.info/sct#21835111000001103	808223
http://snomed.info/sct#42357111000001105	http://snomed.info/sct#29819111000001102	644301
http://snomed.info/sct#42357111000001105	http://snomed.info/sct#29819111000001102	843084
http://snomed.info/sct#42357111000001105	http://snomed.info/sct#29975611000001108	645683
http://snomed.info/sct#42357111000001105	http://snomed.info/sct#29975611000001108	843656
http://snomed.info/sct#42357111000001105	http://snomed.info/sct#30071611000001102	646435
http://snomed.info/sct#42357111000001105	http://snomed.info/sct#30071611000001102	844026
http://snomed.info/sct#42357111000001105	http://snomed.info/sct#30844011000001105	653702
http://snomed.info/sct#42357111000001105	http://snomed.info/sct#30844011000001105	847668
http://snomed.info/sct#42357111000001105	http://snomed.info/sct#32442411000001109	668656
http://snomed.info/sct#42357111000001105	http://snomed.info/sct#32442411000001109	855144
http://snomed.info/sct#42357111000001105	http://snomed.info/sct#32492611000001101	669081
http://snomed.info/sct#42357111000001105	http://snomed.info/sct#32492611000001101	855321
http://snomed.info/sct#42357111000001105	http://snomed.info/sct#35174811000001103	693506
http://snomed.info/sct#42357111000001105	http://snomed.info/sct#35174811000001103	865849
http://snomed.info/sct#42357111000001105	http://snomed.info/sct#36820311000001106	708565
http://snomed.info/sct#42357111000001105	http://snomed.info/sct#37799111000001107	2717187
http://snomed.info/sct#42357111000001105	http://snomed.info/sct#38418911000001104	2682206
http://snomed.info/sct#42357111000001105	http://snomed.info/sct#39070711000001104	2624267
http://snomed.info/sct#42357111000001105	http://snomed.info/sct#40125711000001103	2985222
http://snomed.info/sct#42357111000001105	http://snomed.info/sct#40916511000001109	3052249
http://snomed.info/sct#42357111000001105	http://snomed.info/sct#41961211000001107	3215682
http://snomed.info/sct#42357111000001105	http://snomed.info/sct#42432811000001109	3209367
http://snomed.info/sct#42357111000001105	http://snomed.info/sct#43179111000001102	3233782
http://snomed.info/sct#42357111000001105	http://snomed.info/sct#43788711000001107	3247853
http://snomed.info/sct#42357211000001104	http://snomed.info/sct#42357211000001104	3158893
http://snomed.info/sct#42357211000001104	http://snomed.info/sct#540211000001102	349570
http://snomed.info/sct#42357211000001104	http://snomed.info/sct#540211000001102	874094
http://snomed.info/sct#42357211000001104	http://snomed.info/sct#18165811000001102	536499
http://snomed.info/sct#42357211000001104	http://snomed.info/sct#18165811000001102	794578
http://snomed.info/sct#42357211000001104	http://snomed.info/sct#18276611000001102	537550
http://snomed.info/sct#42357211000001104	http://snomed.info/sct#18276611000001102	795050
http://snomed.info/sct#42357211000001104	http://snomed.info/sct#19720111000001100	550852
http://snomed.info/sct#42357211000001104	http://snomed.info/sct#19720111000001100	800654
http://snomed.info/sct#42357211000001104	http://snomed.info/sct#21507211000001106	567222
http://snomed.info/sct#42357211000001104	http://snomed.info/sct#21507211000001106	807106
http://snomed.info/sct#42357211000001104	http://snomed.info/sct#24014611000001108	590058
http://snomed.info/sct#42357211000001104	http://snomed.info/sct#24014611000001108	816616
http://snomed.info/sct#42357211000001104	http://snomed.info/sct#34755011000001107	689858
http://snomed.info/sct#42357211000001104	http://snomed.info/sct#34755011000001107	864552
http://snomed.info/sct#42357211000001104	http://snomed.info/sct#36868311000001103	709028
http://snomed.info/sct#42357211000001104	http://snomed.info/sct#38017011000001109	2830514
http://snomed.info/sct#42357211000001104	http://snomed.info/sct#41172011000001103	3055387
http://snomed.info/sct#42357211000001104	http://snomed.info/sct#42069511000001100	3227250
http://snomed.info/sct#42357211000001104	http://snomed.info/sct#43820611000001105	3245945
http://snomed.info/sct#42357211000001104	http://snomed.info/sct#44024611000001102	3249493
http://snomed.info/sct#42357011000001109	http://snomed.info/sct#42357011000001109	3145289
http://snomed.info/sct#42357011000001109	http://snomed.info/sct#160711000001109	340082
http://snomed.info/sct#42357011000001109	http://snomed.info/sct#160711000001109	786093
http://snomed.info/sct#42357011000001109	http://snomed.info/sct#5482211000001103	407324
http://snomed.info/sct#42357011000001109	http://snomed.info/sct#5482211000001103	874392
http://snomed.info/sct#42357011000001109	http://snomed.info/sct#10534611000001103	458427
http://snomed.info/sct#42357011000001109	http://snomed.info/sct#10534611000001103	766321
http://snomed.info/sct#42357011000001109	http://snomed.info/sct#13186211000001108	488229
http://snomed.info/sct#42357011000001109	http://snomed.info/sct#13186211000001108	774819
http://snomed.info/sct#42357011000001109	http://snomed.info/sct#13187411000001109	488244
http://snomed.info/sct#42357011000001109	http://snomed.info/sct#13187411000001109	774825
http://snomed.info/sct#42357011000001109	http://snomed.info/sct#13944211000001105	495786
http://snomed.info/sct#42357011000001109	http://snomed.info/sct#13944211000001105	777528
http://snomed.info/sct#42357011000001109	http://snomed.info/sct#13948911000001108	495833
http://snomed.info/sct#42357011000001109	http://snomed.info/sct#13948911000001108	777551
http://snomed.info/sct#42357011000001109	http://snomed.info/sct#14344911000001105	499660
http://snomed.info/sct#42357011000001109	http://snomed.info/sct#14344911000001105	779249
http://snomed.info/sct#42357011000001109	http://snomed.info/sct#14707611000001102	503168
http://snomed.info/sct#42357011000001109	http://snomed.info/sct#14707611000001102	780816
http://snomed.info/sct#42357011000001109	http://snomed.info/sct#15448811000001108	510080
http://snomed.info/sct#42357011000001109	http://snomed.info/sct#15448811000001108	783770
http://snomed.info/sct#42357011000001109	http://snomed.info/sct#15453711000001109	510121
http://snomed.info/sct#42357011000001109	http://snomed.info/sct#15453711000001109	783779
http://snomed.info/sct#42357011000001109	http://snomed.info/sct#15510711000001102	510629
http://snomed.info/sct#42357011000001109	http://snomed.info/sct#15510711000001102	783973
http://snomed.info/sct#42357011000001109	http://snomed.info/sct#15517511000001106	510693
http://snomed.info/sct#42357011000001109	http://snomed.info/sct#15517511000001106	783993
http://snomed.info/sct#42357011000001109	http://snomed.info/sct#15608811000001101	511533
http://snomed.info/sct#42357011000001109	http://snomed.info/sct#15608811000001101	784286
http://snomed.info/sct#42357011000001109	http://snomed.info/sct#15609411000001106	511539
http://snomed.info/sct#42357011000001109	http://snomed.info/sct#15609411000001106	784289
http://snomed.info/sct#42357011000001109	http://snomed.info/sct#16213211000001109	517927
http://snomed.info/sct#42357011000001109	http://snomed.info/sct#16213211000001109	786591
http://snomed.info/sct#42357011000001109	http://snomed.info/sct#16224111000001108	518128
http://snomed.info/sct#42357011000001109	http://snomed.info/sct#16224111000001108	786633
http://snomed.info/sct#42357011000001109	http://snomed.info/sct#16228811000001109	518186
http://snomed.info/sct#42357011000001109	http://snomed.info/sct#16228811000001109	786651
http://snomed.info/sct#42357011000001109	http://snomed.info/sct#16569611000001102	521725
http://snomed.info/sct#42357011000001109	http://snomed.info/sct#16569611000001102	788164
http://snomed.info/sct#42357011000001109	http://snomed.info/sct#16742111000001109	523247
http://snomed.info/sct#42357011000001109	http://snomed.info/sct#16742111000001109	788772
http://snomed.info/sct#42357011000001109	http://snomed.info/sct#17011211000001100	525888
http://snomed.info/sct#42357011000001109	http://snomed.info/sct#17011211000001100	790071
http://snomed.info/sct#42357011000001109	http://snomed.info/sct#17217711000001108	527793
http://snomed.info/sct#42357011000001109	http://snomed.info/sct#17217711000001108	790845
http://snomed.info/sct#42357011000001109	http://snomed.info/sct#17661311000001101	531853
http://snomed.info/sct#42357011000001109	http://snomed.info/sct#17661311000001101	792528
http://snomed.info/sct#42357011000001109	http://snomed.info/sct#17951911000001106	534610
http://snomed.info/sct#42357011000001109	http://snomed.info/sct#17951911000001106	793809
http://snomed.info/sct#42357011000001109	http://snomed.info/sct#17958211000001106	534666
http://snomed.info/sct#42357011000001109	http://snomed.info/sct#17958211000001106	793834
http://snomed.info/sct#42357011000001109	http://snomed.info/sct#18478011000001109	539388
http://snomed.info/sct#42357011000001109	http://snomed.info/sct#18478011000001109	795872
http://snomed.info/sct#42357011000001109	http://snomed.info/sct#18681511000001102	541212
http://snomed.info/sct#42357011000001109	http://snomed.info/sct#18681511000001102	796556
http://snomed.info/sct#42357011000001109	http://snomed.info/sct#21834611000001105	570168
http://snomed.info/sct#42357011000001109	http://snomed.info/sct#21834611000001105	808221
http://snomed.info/sct#42357011000001109	http://snomed.info/sct#21993411000001105	571590
http://snomed.info/sct#42357011000001109	http://snomed.info/sct#21993411000001105	808827
http://snomed.info/sct#42357011000001109	http://snomed.info/sct#29975411000001105	645681
http://snomed.info/sct#42357011000001109	http://snomed.info/sct#29975411000001105	843655
http://snomed.info/sct#42357011000001109	http://snomed.info/sct#30071411000001100	646433
http://snomed.info/sct#42357011000001109	http://snomed.info/sct#30071411000001100	844025
http://snomed.info/sct#42357011000001109	http://snomed.info/sct#30843811000001102	653700
http://snomed.info/sct#42357011000001109	http://snomed.info/sct#30843811000001102	847667
http://snomed.info/sct#42357011000001109	http://snomed.info/sct#31062811000001107	655624
http://snomed.info/sct#42357011000001109	http://snomed.info/sct#31062811000001107	848505
http://snomed.info/sct#42357011000001109	http://snomed.info/sct#32442111000001104	668653
http://snomed.info/sct#42357011000001109	http://snomed.info/sct#32442111000001104	855143
http://snomed.info/sct#42357011000001109	http://snomed.info/sct#32492411000001104	669079
http://snomed.info/sct#42357011000001109	http://snomed.info/sct#32492411000001104	855320
http://snomed.info/sct#42357011000001109	http://snomed.info/sct#35174611000001102	693504
http://snomed.info/sct#42357011000001109	http://snomed.info/sct#35174611000001102	865848
http://snomed.info/sct#42357011000001109	http://snomed.info/sct#36819911000001106	708561
http://snomed.info/sct#42357011000001109	http://snomed.info/sct#39070511000001109	2597407
http://snomed.info/sct#42357011000001109	http://snomed.info/sct#40916211000001106	3058810
http://snomed.info/sct#42357011000001109	http://snomed.info/sct#41870011000001106	3209035
http://snomed.info/sct#42357011000001109	http://snomed.info/sct#42431511000001103	3221139
http://snomed.info/sct#42357411000001100	http://snomed.info/sct#42357411000001100	3145509
http://snomed.info/sct#42357411000001100	http://snomed.info/sct#228611000001109	342065
http://snomed.info/sct#42357411000001100	http://snomed.info/sct#228611000001109	811702
http://snomed.info/sct#42357411000001100	http://snomed.info/sct#5399511000001103	406699
http://snomed.info/sct#42357411000001100	http://snomed.info/sct#5399511000001103	874079
http://snomed.info/sct#42357411000001100	http://snomed.info/sct#5570111000001106	408123
http://snomed.info/sct#42357411000001100	http://snomed.info/sct#5570111000001106	874740
http://snomed.info/sct#42357411000001100	http://snomed.info/sct#13944611000001107	495790
http://snomed.info/sct#42357411000001100	http://snomed.info/sct#13944611000001107	777530
http://snomed.info/sct#42357411000001100	http://snomed.info/sct#17618511000001101	531472
http://snomed.info/sct#42357411000001100	http://snomed.info/sct#17618511000001101	792403
http://snomed.info/sct#42357411000001100	http://snomed.info/sct#19697211000001107	550644
http://snomed.info/sct#42357411000001100	http://snomed.info/sct#19697211000001107	800564
http://snomed.info/sct#42357411000001100	http://snomed.info/sct#21548611000001100	567590
http://snomed.info/sct#42357411000001100	http://snomed.info/sct#21548611000001100	807221
http://snomed.info/sct#42357411000001100	http://snomed.info/sct#21553411000001106	567635
http://snomed.info/sct#42357411000001100	http://snomed.info/sct#21553411000001106	807244
http://snomed.info/sct#42357411000001100	http://snomed.info/sct#21554411000001109	567643
http://snomed.info/sct#42357411000001100	http://snomed.info/sct#21554411000001109	807248
http://snomed.info/sct#42357411000001100	http://snomed.info/sct#21661511000001108	568624
http://snomed.info/sct#42357411000001100	http://snomed.info/sct#21661511000001108	807614
http://snomed.info/sct#42357411000001100	http://snomed.info/sct#21662511000001100	568634
http://snomed.info/sct#42357411000001100	http://snomed.info/sct#21662511000001100	807617
http://snomed.info/sct#42357411000001100	http://snomed.info/sct#21684811000001105	568838
http://snomed.info/sct#42357411000001100	http://snomed.info/sct#21684811000001105	807679
http://snomed.info/sct#42357411000001100	http://snomed.info/sct#21877311000001107	570532
http://snomed.info/sct#42357411000001100	http://snomed.info/sct#21877311000001107	808363
http://snomed.info/sct#42357411000001100	http://snomed.info/sct#22102211000001101	572593
http://snomed.info/sct#42357411000001100	http://snomed.info/sct#22102211000001101	809258
http://snomed.info/sct#42357411000001100	http://snomed.info/sct#30827911000001100	653551
http://snomed.info/sct#42357411000001100	http://snomed.info/sct#30827911000001100	847610
http://snomed.info/sct#42357411000001100	http://snomed.info/sct#33432211000001102	677781
http://snomed.info/sct#42357411000001100	http://snomed.info/sct#33432211000001102	859357
http://snomed.info/sct#42357411000001100	http://snomed.info/sct#33612211000001109	679437
http://snomed.info/sct#42357411000001100	http://snomed.info/sct#33612211000001109	860022
http://snomed.info/sct#42357411000001100	http://snomed.info/sct#36439811000001101	705081
http://snomed.info/sct#42357411000001100	http://snomed.info/sct#36501111000001108	705628
http://snomed.info/sct#42357411000001100	http://snomed.info/sct#36601411000001106	706531
http://snomed.info/sct#42357411000001100	http://snomed.info/sct#36828111000001106	708635
http://snomed.info/sct#42357411000001100	http://snomed.info/sct#37137411000001107	711292
http://snomed.info/sct#42357411000001100	http://snomed.info/sct#37551911000001101	2790196
http://snomed.info/sct#42357411000001100	http://snomed.info/sct#39300611000001102	2784164
http://snomed.info/sct#42357511000001101	http://snomed.info/sct#42357511000001101	3145443
http://snomed.info/sct#42357511000001101	http://snomed.info/sct#43811000001108	337232
http://snomed.info/sct#42357511000001101	http://snomed.info/sct#43811000001108	870595
http://snomed.info/sct#42357511000001101	http://snomed.info/sct#5399811000001100	406702
http://snomed.info/sct#42357511000001101	http://snomed.info/sct#5399811000001100	874081
http://snomed.info/sct#42357511000001101	http://snomed.info/sct#5571111000001100	408132
http://snomed.info/sct#42357511000001101	http://snomed.info/sct#5571111000001100	874746
http://snomed.info/sct#42357511000001101	http://snomed.info/sct#13944811000001106	495792
http://snomed.info/sct#42357511000001101	http://snomed.info/sct#13944811000001106	777531
http://snomed.info/sct#42357511000001101	http://snomed.info/sct#17588211000001108	531179
http://snomed.info/sct#42357511000001101	http://snomed.info/sct#17588211000001108	792283
http://snomed.info/sct#42357511000001101	http://snomed.info/sct#17618711000001106	531474
http://snomed.info/sct#42357511000001101	http://snomed.info/sct#17618711000001106	792404
http://snomed.info/sct#42357511000001101	http://snomed.info/sct#19858711000001100	552087
http://snomed.info/sct#42357511000001101	http://snomed.info/sct#19858711000001100	801146
http://snomed.info/sct#42357511000001101	http://snomed.info/sct#21548811000001101	567592
http://snomed.info/sct#42357511000001101	http://snomed.info/sct#21548811000001101	807222
http://snomed.info/sct#42357511000001101	http://snomed.info/sct#21553611000001109	567637
http://snomed.info/sct#42357511000001101	http://snomed.info/sct#21553611000001109	807245
http://snomed.info/sct#42357511000001101	http://snomed.info/sct#21554211000001105	567641
http://snomed.info/sct#42357511000001101	http://snomed.info/sct#21554211000001105	807247
http://snomed.info/sct#42357511000001101	http://snomed.info/sct#21661711000001103	568626
http://snomed.info/sct#42357511000001101	http://snomed.info/sct#21661711000001103	807615
http://snomed.info/sct#42357511000001101	http://snomed.info/sct#21663211000001109	568641
http://snomed.info/sct#42357511000001101	http://snomed.info/sct#21663211000001109	807619
http://snomed.info/sct#42357511000001101	http://snomed.info/sct#21686311000001107	568853
http://snomed.info/sct#42357511000001101	http://snomed.info/sct#21686311000001107	807683
http://snomed.info/sct#42357511000001101	http://snomed.info/sct#21877511000001101	570534
http://snomed.info/sct#42357511000001101	http://snomed.info/sct#21877511000001101	808364
http://snomed.info/sct#42357511000001101	http://snomed.info/sct#22102511000001103	572596
http://snomed.info/sct#42357511000001101	http://snomed.info/sct#22102511000001103	809259
http://snomed.info/sct#42357511000001101	http://snomed.info/sct#27843011000001102	626300
http://snomed.info/sct#42357511000001101	http://snomed.info/sct#27843011000001102	834219
http://snomed.info/sct#42357511000001101	http://snomed.info/sct#30828411000001107	653553
http://snomed.info/sct#42357511000001101	http://snomed.info/sct#30828411000001107	847612
http://snomed.info/sct#42357511000001101	http://snomed.info/sct#33569211000001105	679046
http://snomed.info/sct#42357511000001101	http://snomed.info/sct#33569211000001105	859859
http://snomed.info/sct#42357511000001101	http://snomed.info/sct#33612411000001108	679439
http://snomed.info/sct#42357511000001101	http://snomed.info/sct#33612411000001108	860023
http://snomed.info/sct#42357511000001101	http://snomed.info/sct#36440011000001100	705083
http://snomed.info/sct#42357511000001101	http://snomed.info/sct#36501311000001105	705630
http://snomed.info/sct#42357511000001101	http://snomed.info/sct#36601611000001109	706533
http://snomed.info/sct#42357511000001101	http://snomed.info/sct#36828311000001108	708637
http://snomed.info/sct#42357511000001101	http://snomed.info/sct#37137611000001105	711294
http://snomed.info/sct#42357511000001101	http://snomed.info/sct#37552111000001109	2686678
http://snomed.info/sct#42357511000001101	http://snomed.info/sct#39300411000001100	2753330
http://snomed.info/sct#42357511000001101	http://snomed.info/sct#45266511000001104	3359196
http://snomed.info/sct#36062111000001102	http://snomed.info/sct#36062111000001102	701424
http://snomed.info/sct#36062111000001102	http://snomed.info/sct#888511000001108	359280
http://snomed.info/sct#36062111000001102	http://snomed.info/sct#888511000001108	889368
http://snomed.info/sct#42353811000001109	http://snomed.info/sct#42353811000001109	3145356
http://snomed.info/sct#42353811000001109	http://snomed.info/sct#240211000001107	342410
http://snomed.info/sct#42353811000001109	http://snomed.info/sct#240211000001107	816635
http://snomed.info/sct#42353811000001109	http://snomed.info/sct#10542411000001109	458533
http://snomed.info/sct#42353811000001109	http://snomed.info/sct#10542411000001109	766354
http://snomed.info/sct#42353811000001109	http://snomed.info/sct#13179211000001106	488154
http://snomed.info/sct#42353811000001109	http://snomed.info/sct#13179211000001106	774790
http://snomed.info/sct#42353811000001109	http://snomed.info/sct#13936811000001100	495714
http://snomed.info/sct#42353811000001109	http://snomed.info/sct#13936811000001100	777499
http://snomed.info/sct#42353811000001109	http://snomed.info/sct#14370311000001102	499914
http://snomed.info/sct#42353811000001109	http://snomed.info/sct#14370311000001102	779373
http://snomed.info/sct#42353811000001109	http://snomed.info/sct#16563411000001102	521666
http://snomed.info/sct#42353811000001109	http://snomed.info/sct#16563411000001102	788138
http://snomed.info/sct#42353811000001109	http://snomed.info/sct#17599811000001101	531291
http://snomed.info/sct#42353811000001109	http://snomed.info/sct#17599811000001101	792327
http://snomed.info/sct#42353811000001109	http://snomed.info/sct#19630711000001106	550025
http://snomed.info/sct#42353811000001109	http://snomed.info/sct#19630711000001106	800298
http://snomed.info/sct#42353811000001109	http://snomed.info/sct#19675911000001102	550460
http://snomed.info/sct#42353811000001109	http://snomed.info/sct#19675911000001102	800509
http://snomed.info/sct#42353811000001109	http://snomed.info/sct#20101811000001100	554142
http://snomed.info/sct#42353811000001109	http://snomed.info/sct#20101811000001100	801889
http://snomed.info/sct#42353811000001109	http://snomed.info/sct#20947511000001100	562167
http://snomed.info/sct#42353811000001109	http://snomed.info/sct#20947511000001100	805155
http://snomed.info/sct#42353811000001109	http://snomed.info/sct#21734011000001100	569244
http://snomed.info/sct#42353811000001109	http://snomed.info/sct#21734011000001100	807814
http://snomed.info/sct#42353811000001109	http://snomed.info/sct#21977311000001103	571436
http://snomed.info/sct#42353811000001109	http://snomed.info/sct#21977311000001103	808752
http://snomed.info/sct#42353811000001109	http://snomed.info/sct#22380211000001109	575140
http://snomed.info/sct#42353811000001109	http://snomed.info/sct#22380211000001109	810207
http://snomed.info/sct#42353811000001109	http://snomed.info/sct#22808511000001108	578858
http://snomed.info/sct#42353811000001109	http://snomed.info/sct#22808511000001108	811455
http://snomed.info/sct#42353811000001109	http://snomed.info/sct#23914811000001101	589215
http://snomed.info/sct#42353811000001109	http://snomed.info/sct#23914811000001101	816268
http://snomed.info/sct#42353811000001109	http://snomed.info/sct#23975711000001102	589717
http://snomed.info/sct#42353811000001109	http://snomed.info/sct#23975711000001102	816495
http://snomed.info/sct#42353811000001109	http://snomed.info/sct#24662911000001103	595877
http://snomed.info/sct#42353811000001109	http://snomed.info/sct#24662911000001103	819079
http://snomed.info/sct#42353811000001109	http://snomed.info/sct#29858111000001100	644657
http://snomed.info/sct#42353811000001109	http://snomed.info/sct#29858111000001100	843233
http://snomed.info/sct#42353811000001109	http://snomed.info/sct#30762511000001104	652982
http://snomed.info/sct#42353811000001109	http://snomed.info/sct#30762511000001104	847375
http://snomed.info/sct#42353811000001109	http://snomed.info/sct#32412211000001104	668382
http://snomed.info/sct#42353811000001109	http://snomed.info/sct#32412211000001104	855028
http://snomed.info/sct#42353811000001109	http://snomed.info/sct#36379611000001106	704506
http://snomed.info/sct#42353811000001109	http://snomed.info/sct#36855411000001105	708905
http://snomed.info/sct#42353811000001109	http://snomed.info/sct#37064211000001100	710812
http://snomed.info/sct#42353811000001109	http://snomed.info/sct#37211111000001103	2567808
http://snomed.info/sct#42353811000001109	http://snomed.info/sct#38701911000001104	2667823
http://snomed.info/sct#42353811000001109	http://snomed.info/sct#38724311000001106	2622594
http://snomed.info/sct#42353811000001109	http://snomed.info/sct#38891811000001108	2573930
http://snomed.info/sct#42353811000001109	http://snomed.info/sct#41409711000001100	3246157
http://snomed.info/sct#42353811000001109	http://snomed.info/sct#44761811000001106	3356804
http://snomed.info/sct#42353711000001101	http://snomed.info/sct#42353711000001101	3145384
http://snomed.info/sct#42353711000001101	http://snomed.info/sct#154111000001106	340025
http://snomed.info/sct#42353711000001101	http://snomed.info/sct#154111000001106	783655
http://snomed.info/sct#42353711000001101	http://snomed.info/sct#10835511000001102	461411
http://snomed.info/sct#42353711000001101	http://snomed.info/sct#10835511000001102	767173
http://snomed.info/sct#42353711000001101	http://snomed.info/sct#13178711000001108	488148
http://snomed.info/sct#42353711000001101	http://snomed.info/sct#13178711000001108	774788
http://snomed.info/sct#42353711000001101	http://snomed.info/sct#13936611000001104	495712
http://snomed.info/sct#42353711000001101	http://snomed.info/sct#13936611000001104	777498
http://snomed.info/sct#42353711000001101	http://snomed.info/sct#14369211000001108	499902
http://snomed.info/sct#42353711000001101	http://snomed.info/sct#14369211000001108	779368
http://snomed.info/sct#42353711000001101	http://snomed.info/sct#16563111000001107	521663
http://snomed.info/sct#42353711000001101	http://snomed.info/sct#16563111000001107	788136
http://snomed.info/sct#42353711000001101	http://snomed.info/sct#17598611000001109	531279
http://snomed.info/sct#42353711000001101	http://snomed.info/sct#17598611000001109	792322
http://snomed.info/sct#42353711000001101	http://snomed.info/sct#19629111000001102	550015
http://snomed.info/sct#42353711000001101	http://snomed.info/sct#19629111000001102	800296
http://snomed.info/sct#42353711000001101	http://snomed.info/sct#19675711000001104	550458
http://snomed.info/sct#42353711000001101	http://snomed.info/sct#19675711000001104	800508
http://snomed.info/sct#42353711000001101	http://snomed.info/sct#20101411000001102	554138
http://snomed.info/sct#42353711000001101	http://snomed.info/sct#20101411000001102	801887
http://snomed.info/sct#42353711000001101	http://snomed.info/sct#20947311000001106	562165
http://snomed.info/sct#42353711000001101	http://snomed.info/sct#20947311000001106	805154
http://snomed.info/sct#42353711000001101	http://snomed.info/sct#21733711000001100	569242
http://snomed.info/sct#42353711000001101	http://snomed.info/sct#21733711000001100	807813
http://snomed.info/sct#42353711000001101	http://snomed.info/sct#21977111000001100	571434
http://snomed.info/sct#42353711000001101	http://snomed.info/sct#21977111000001100	808751
http://snomed.info/sct#42353711000001101	http://snomed.info/sct#22380011000001104	575138
http://snomed.info/sct#42353711000001101	http://snomed.info/sct#22380011000001104	810206
http://snomed.info/sct#42353711000001101	http://snomed.info/sct#22809711000001107	578868
http://snomed.info/sct#42353711000001101	http://snomed.info/sct#22809711000001107	811460
http://snomed.info/sct#42353711000001101	http://snomed.info/sct#23914611000001100	589213
http://snomed.info/sct#42353711000001101	http://snomed.info/sct#23914611000001100	816267
http://snomed.info/sct#42353711000001101	http://snomed.info/sct#23975411000001108	589714
http://snomed.info/sct#42353711000001101	http://snomed.info/sct#23975411000001108	816494
http://snomed.info/sct#42353711000001101	http://snomed.info/sct#24662211000001107	595871
http://snomed.info/sct#42353711000001101	http://snomed.info/sct#24662211000001107	819076
http://snomed.info/sct#42353711000001101	http://snomed.info/sct#28939811000001109	636279
http://snomed.info/sct#42353711000001101	http://snomed.info/sct#28939811000001109	839087
http://snomed.info/sct#42353711000001101	http://snomed.info/sct#29857911000001103	644655
http://snomed.info/sct#42353711000001101	http://snomed.info/sct#29857911000001103	843231
http://snomed.info/sct#42353711000001101	http://snomed.info/sct#30126611000001103	646926
http://snomed.info/sct#42353711000001101	http://snomed.info/sct#30126611000001103	844263
http://snomed.info/sct#42353711000001101	http://snomed.info/sct#30762311000001105	652980
http://snomed.info/sct#42353711000001101	http://snomed.info/sct#30762311000001105	847374
http://snomed.info/sct#42353711000001101	http://snomed.info/sct#32412011000001109	668380
http://snomed.info/sct#42353711000001101	http://snomed.info/sct#32412011000001109	855027
http://snomed.info/sct#42353711000001101	http://snomed.info/sct#36378411000001100	704494
http://snomed.info/sct#42353711000001101	http://snomed.info/sct#36855211000001106	708903
http://snomed.info/sct#42353711000001101	http://snomed.info/sct#37121611000001104	711146
http://snomed.info/sct#42353711000001101	http://snomed.info/sct#37210911000001107	2663297
http://snomed.info/sct#42353711000001101	http://snomed.info/sct#37416111000001106	2631160
http://snomed.info/sct#42353711000001101	http://snomed.info/sct#37556211000001102	2672031
http://snomed.info/sct#42353711000001101	http://snomed.info/sct#38891611000001109	2850887
http://snomed.info/sct#42353711000001101	http://snomed.info/sct#38912111000001103	2773932
http://snomed.info/sct#42353711000001101	http://snomed.info/sct#44761611000001107	3354249
http://snomed.info/sct#39021611000001104	http://snomed.info/sct#39021611000001104	1548409
http://snomed.info/sct#39021611000001104	http://snomed.info/sct#691311000001102	350902
http://snomed.info/sct#39021611000001104	http://snomed.info/sct#691311000001102	882043
http://snomed.info/sct#39021611000001104	http://snomed.info/sct#11385311000001108	467074
http://snomed.info/sct#39021611000001104	http://snomed.info/sct#11385311000001108	769314
http://snomed.info/sct#39021611000001104	http://snomed.info/sct#14367211000001102	499882
http://snomed.info/sct#39021611000001104	http://snomed.info/sct#14367211000001102	779358
http://snomed.info/sct#39021611000001104	http://snomed.info/sct#17515311000001107	530502
http://snomed.info/sct#39021611000001104	http://snomed.info/sct#17515311000001107	792002
http://snomed.info/sct#39021611000001104	http://snomed.info/sct#17571811000001105	531017
http://snomed.info/sct#39021611000001104	http://snomed.info/sct#17571811000001105	792209
http://snomed.info/sct#39021611000001104	http://snomed.info/sct#18503411000001109	539616
http://snomed.info/sct#39021611000001104	http://snomed.info/sct#18503411000001109	795960
http://snomed.info/sct#39021611000001104	http://snomed.info/sct#19968011000001100	552867
http://snomed.info/sct#39021611000001104	http://snomed.info/sct#19968011000001100	801427
http://snomed.info/sct#39021611000001104	http://snomed.info/sct#32441811000001102	668650
http://snomed.info/sct#39021611000001104	http://snomed.info/sct#32441811000001102	855142
http://snomed.info/sct#39021611000001104	http://snomed.info/sct#38147011000001108	2724391
http://snomed.info/sct#39021611000001104	http://snomed.info/sct#39577611000001105	2974433
http://snomed.info/sct#39021511000001103	http://snomed.info/sct#39021511000001103	1548357
http://snomed.info/sct#39021511000001103	http://snomed.info/sct#427311000001104	347290
http://snomed.info/sct#39021511000001103	http://snomed.info/sct#427311000001104	870255
http://snomed.info/sct#39021511000001103	http://snomed.info/sct#10835311000001108	461408
http://snomed.info/sct#39021511000001103	http://snomed.info/sct#10835311000001108	767172
http://snomed.info/sct#39021511000001103	http://snomed.info/sct#13175511000001106	488110
http://snomed.info/sct#39021511000001103	http://snomed.info/sct#13175511000001106	774776
http://snomed.info/sct#39021511000001103	http://snomed.info/sct#13926711000001105	495615
http://snomed.info/sct#39021511000001103	http://snomed.info/sct#13926711000001105	777454
http://snomed.info/sct#39021511000001103	http://snomed.info/sct#14366011000001109	499870
http://snomed.info/sct#39021511000001103	http://snomed.info/sct#14366011000001109	779352
http://snomed.info/sct#39021511000001103	http://snomed.info/sct#17515011000001109	530499
http://snomed.info/sct#39021511000001103	http://snomed.info/sct#17515011000001109	792001
http://snomed.info/sct#39021511000001103	http://snomed.info/sct#18494911000001109	539546
http://snomed.info/sct#39021511000001103	http://snomed.info/sct#18494911000001109	795934
http://snomed.info/sct#39021511000001103	http://snomed.info/sct#18503311000001102	539615
http://snomed.info/sct#39021511000001103	http://snomed.info/sct#18503311000001102	795959
http://snomed.info/sct#39021511000001103	http://snomed.info/sct#19967711000001104	552864
http://snomed.info/sct#39021511000001103	http://snomed.info/sct#19967711000001104	801426
http://snomed.info/sct#39021511000001103	http://snomed.info/sct#32440511000001107	668637
http://snomed.info/sct#39021511000001103	http://snomed.info/sct#32440511000001107	855138
http://snomed.info/sct#39021511000001103	http://snomed.info/sct#39577411000001107	2974059
http://snomed.info/sct#39021411000001102	http://snomed.info/sct#39021411000001102	1548355
http://snomed.info/sct#39021411000001102	http://snomed.info/sct#749811000001106	352583
http://snomed.info/sct#39021411000001102	http://snomed.info/sct#749811000001106	884813
http://snomed.info/sct#39021411000001102	http://snomed.info/sct#10544411000001102	458572
http://snomed.info/sct#39021411000001102	http://snomed.info/sct#10544411000001102	766364
http://snomed.info/sct#39021411000001102	http://snomed.info/sct#13175311000001100	488108
http://snomed.info/sct#39021411000001102	http://snomed.info/sct#13175311000001100	774775
http://snomed.info/sct#39021411000001102	http://snomed.info/sct#13926511000001100	495613
http://snomed.info/sct#39021411000001102	http://snomed.info/sct#13926511000001100	777453
http://snomed.info/sct#39021411000001102	http://snomed.info/sct#14336711000001103	499579
http://snomed.info/sct#39021411000001102	http://snomed.info/sct#14336711000001103	779212
http://snomed.info/sct#39021411000001102	http://snomed.info/sct#17514811000001104	530497
http://snomed.info/sct#39021411000001102	http://snomed.info/sct#17514811000001104	792000
http://snomed.info/sct#39021411000001102	http://snomed.info/sct#18494711000001107	539544
http://snomed.info/sct#39021411000001102	http://snomed.info/sct#18494711000001107	795933
http://snomed.info/sct#39021411000001102	http://snomed.info/sct#18503211000001105	539614
http://snomed.info/sct#39021411000001102	http://snomed.info/sct#18503211000001105	795958
http://snomed.info/sct#39021411000001102	http://snomed.info/sct#19967511000001109	552862
http://snomed.info/sct#39021411000001102	http://snomed.info/sct#19967511000001109	801425
http://snomed.info/sct#39021411000001102	http://snomed.info/sct#32440211000001109	668634
http://snomed.info/sct#39021411000001102	http://snomed.info/sct#32440211000001109	855136
http://snomed.info/sct#39021411000001102	http://snomed.info/sct#39577211000001108	2973571
http://snomed.info/sct#42356311000001109	http://snomed.info/sct#42356311000001109	3145229
http://snomed.info/sct#42356311000001109	http://snomed.info/sct#3192511000001105	388618
http://snomed.info/sct#42356311000001109	http://snomed.info/sct#3192511000001105	852571
http://snomed.info/sct#42356311000001109	http://snomed.info/sct#3192911000001103	388622
http://snomed.info/sct#42356311000001109	http://snomed.info/sct#3192911000001103	852592
http://snomed.info/sct#42356311000001109	http://snomed.info/sct#3193711000001108	388630
http://snomed.info/sct#42356311000001109	http://snomed.info/sct#3193711000001108	852631
http://snomed.info/sct#42356311000001109	http://snomed.info/sct#3194711000001105	388640
http://snomed.info/sct#42356311000001109	http://snomed.info/sct#3194711000001105	852688
http://snomed.info/sct#42356311000001109	http://snomed.info/sct#3195411000001103	388647
http://snomed.info/sct#42356311000001109	http://snomed.info/sct#3195411000001103	852723
http://snomed.info/sct#42356311000001109	http://snomed.info/sct#3196811000001109	388661
http://snomed.info/sct#42356311000001109	http://snomed.info/sct#3196811000001109	852798
http://snomed.info/sct#42356311000001109	http://snomed.info/sct#3197411000001109	388667
http://snomed.info/sct#42356311000001109	http://snomed.info/sct#3197411000001109	852828
http://snomed.info/sct#42356311000001109	http://snomed.info/sct#3197711000001103	388670
http://snomed.info/sct#42356311000001109	http://snomed.info/sct#3197711000001103	852838
http://snomed.info/sct#42356311000001109	http://snomed.info/sct#3198311000001101	388676
http://snomed.info/sct#42356311000001109	http://snomed.info/sct#3198311000001101	852871
http://snomed.info/sct#42356311000001109	http://snomed.info/sct#3632811000001101	391537
http://snomed.info/sct#42356311000001109	http://snomed.info/sct#3632811000001101	868071
http://snomed.info/sct#42356311000001109	http://snomed.info/sct#7316211000001108	424850
http://snomed.info/sct#42356311000001109	http://snomed.info/sct#7316211000001108	884002
http://snomed.info/sct#42356311000001109	http://snomed.info/sct#10687311000001104	459827
http://snomed.info/sct#42356311000001109	http://snomed.info/sct#10687311000001104	766693
http://snomed.info/sct#42356311000001109	http://snomed.info/sct#11551911000001100	468717
http://snomed.info/sct#42356311000001109	http://snomed.info/sct#11551911000001100	769861
http://snomed.info/sct#42356311000001109	http://snomed.info/sct#17948111000001102	534574
http://snomed.info/sct#42356311000001109	http://snomed.info/sct#17948111000001102	793794
http://snomed.info/sct#42356311000001109	http://snomed.info/sct#21825611000001108	570084
http://snomed.info/sct#42356311000001109	http://snomed.info/sct#21825611000001108	808182
http://snomed.info/sct#42356311000001109	http://snomed.info/sct#29972411000001102	645655
http://snomed.info/sct#42356311000001109	http://snomed.info/sct#29972411000001102	843642
http://snomed.info/sct#42356311000001109	http://snomed.info/sct#30067311000001105	646392
http://snomed.info/sct#42356311000001109	http://snomed.info/sct#30067311000001105	844004
http://snomed.info/sct#42356311000001109	http://snomed.info/sct#39324511000001102	2874222
http://snomed.info/sct#42356511000001103	http://snomed.info/sct#42356511000001103	3144466
http://snomed.info/sct#42356511000001103	http://snomed.info/sct#3199111000001105	388684
http://snomed.info/sct#42356511000001103	http://snomed.info/sct#3199111000001105	852914
http://snomed.info/sct#42356511000001103	http://snomed.info/sct#3200111000001100	388694
http://snomed.info/sct#42356511000001103	http://snomed.info/sct#3200111000001100	852966
http://snomed.info/sct#42356511000001103	http://snomed.info/sct#3200611000001108	388699
http://snomed.info/sct#42356511000001103	http://snomed.info/sct#3200611000001108	852994
http://snomed.info/sct#42356511000001103	http://snomed.info/sct#3201111000001106	388704
http://snomed.info/sct#42356511000001103	http://snomed.info/sct#3201111000001106	853023
http://snomed.info/sct#42356511000001103	http://snomed.info/sct#3201411000001101	388707
http://snomed.info/sct#42356511000001103	http://snomed.info/sct#3201411000001101	853038
http://snomed.info/sct#42356511000001103	http://snomed.info/sct#3202011000001102	388713
http://snomed.info/sct#42356511000001103	http://snomed.info/sct#3202011000001102	853070
http://snomed.info/sct#42356511000001103	http://snomed.info/sct#3202411000001106	388717
http://snomed.info/sct#42356511000001103	http://snomed.info/sct#3202411000001106	853093
http://snomed.info/sct#42356511000001103	http://snomed.info/sct#3202611000001109	388719
http://snomed.info/sct#42356511000001103	http://snomed.info/sct#3202611000001109	853104
http://snomed.info/sct#42356511000001103	http://snomed.info/sct#3203011000001106	388723
http://snomed.info/sct#42356511000001103	http://snomed.info/sct#3203011000001106	853125
http://snomed.info/sct#42356511000001103	http://snomed.info/sct#3633211000001108	391539
http://snomed.info/sct#42356511000001103	http://snomed.info/sct#3633211000001108	868072
http://snomed.info/sct#42356511000001103	http://snomed.info/sct#5027211000001103	403338
http://snomed.info/sct#42356511000001103	http://snomed.info/sct#5027211000001103	872741
http://snomed.info/sct#42356511000001103	http://snomed.info/sct#10320711000001102	456314
http://snomed.info/sct#42356511000001103	http://snomed.info/sct#10320711000001102	765543
http://snomed.info/sct#42356511000001103	http://snomed.info/sct#11552111000001108	468719
http://snomed.info/sct#42356511000001103	http://snomed.info/sct#11552111000001108	769862
http://snomed.info/sct#42356511000001103	http://snomed.info/sct#17948211000001108	534575
http://snomed.info/sct#42356511000001103	http://snomed.info/sct#17948211000001108	793795
http://snomed.info/sct#42356511000001103	http://snomed.info/sct#21825811000001107	570086
http://snomed.info/sct#42356511000001103	http://snomed.info/sct#21825811000001107	808183
http://snomed.info/sct#42356511000001103	http://snomed.info/sct#29972811000001100	645658
http://snomed.info/sct#42356511000001103	http://snomed.info/sct#29972811000001100	843643
http://snomed.info/sct#42356511000001103	http://snomed.info/sct#30067511000001104	646394
http://snomed.info/sct#42356511000001103	http://snomed.info/sct#30067511000001104	844005
http://snomed.info/sct#42356511000001103	http://snomed.info/sct#38994011000001106	2795341
http://snomed.info/sct#42356511000001103	http://snomed.info/sct#39321911000001106	2874134
http://snomed.info/sct#42356711000001108	http://snomed.info/sct#42356711000001108	3144553
http://snomed.info/sct#42356711000001108	http://snomed.info/sct#3204211000001103	388735
http://snomed.info/sct#42356711000001108	http://snomed.info/sct#3204211000001103	853188
http://snomed.info/sct#42356711000001108	http://snomed.info/sct#3204711000001105	388740
http://snomed.info/sct#42356711000001108	http://snomed.info/sct#3204711000001105	853214
http://snomed.info/sct#42356711000001108	http://snomed.info/sct#3205211000001102	388745
http://snomed.info/sct#42356711000001108	http://snomed.info/sct#3205211000001102	853240
http://snomed.info/sct#42356711000001108	http://snomed.info/sct#3205811000001101	388751
http://snomed.info/sct#42356711000001108	http://snomed.info/sct#3205811000001101	853269
http://snomed.info/sct#42356711000001108	http://snomed.info/sct#3206311000001100	388756
http://snomed.info/sct#42356711000001108	http://snomed.info/sct#3206311000001100	853293
http://snomed.info/sct#42356711000001108	http://snomed.info/sct#3207111000001104	388764
http://snomed.info/sct#42356711000001108	http://snomed.info/sct#3207111000001104	853330
http://snomed.info/sct#42356711000001108	http://snomed.info/sct#3207911000001101	388772
http://snomed.info/sct#42356711000001108	http://snomed.info/sct#3207911000001101	853368
http://snomed.info/sct#42356711000001108	http://snomed.info/sct#3208811000001105	388781
http://snomed.info/sct#42356711000001108	http://snomed.info/sct#3208811000001105	853417
http://snomed.info/sct#42356711000001108	http://snomed.info/sct#3209611000001102	388789
http://snomed.info/sct#42356711000001108	http://snomed.info/sct#3209611000001102	853460
http://snomed.info/sct#42356711000001108	http://snomed.info/sct#3633611000001105	391541
http://snomed.info/sct#42356711000001108	http://snomed.info/sct#3633611000001105	868073
http://snomed.info/sct#42356711000001108	http://snomed.info/sct#10687511000001105	459829
http://snomed.info/sct#42356711000001108	http://snomed.info/sct#10687511000001105	766694
http://snomed.info/sct#42356711000001108	http://snomed.info/sct#11552311000001105	468721
http://snomed.info/sct#42356711000001108	http://snomed.info/sct#11552311000001105	769863
http://snomed.info/sct#42356711000001108	http://snomed.info/sct#17948311000001100	534576
http://snomed.info/sct#42356711000001108	http://snomed.info/sct#17948311000001100	793796
http://snomed.info/sct#42356711000001108	http://snomed.info/sct#21826211000001100	570090
http://snomed.info/sct#42356711000001108	http://snomed.info/sct#21826211000001100	808185
http://snomed.info/sct#42356711000001108	http://snomed.info/sct#29973011000001102	645660
http://snomed.info/sct#42356711000001108	http://snomed.info/sct#29973011000001102	843644
http://snomed.info/sct#42356711000001108	http://snomed.info/sct#30067711000001109	646396
http://snomed.info/sct#42356711000001108	http://snomed.info/sct#30067711000001109	844006
http://snomed.info/sct#42356711000001108	http://snomed.info/sct#39299311000001109	2696125
http://snomed.info/sct#1111000001108	http://snomed.info/sct#1111000001108	333162
http://snomed.info/sct#1111000001108	http://snomed.info/sct#1111000001108	768214
http://snomed.info/sct#7011000001102	http://snomed.info/sct#7011000001102	334903
http://snomed.info/sct#7011000001102	http://snomed.info/sct#7011000001102	882576
http://snomed.info/sct#29411000001106	http://snomed.info/sct#29411000001106	336989
http://snomed.info/sct#29411000001106	http://snomed.info/sct#29411000001106	841369
http://snomed.info/sct#40511000001104	http://snomed.info/sct#40511000001104	337190
http://snomed.info/sct#40511000001104	http://snomed.info/sct#40511000001104	869543
http://snomed.info/sct#40911000001106	http://snomed.info/sct#40911000001106	337198
http://snomed.info/sct#40911000001106	http://snomed.info/sct#40911000001106	869678
http://snomed.info/sct#43811000001108	http://snomed.info/sct#43811000001108	337232
http://snomed.info/sct#43811000001108	http://snomed.info/sct#43811000001108	870595
http://snomed.info/sct#64411000001103	http://snomed.info/sct#64411000001103	337699
http://snomed.info/sct#64411000001103	http://snomed.info/sct#64411000001103	879439
http://snomed.info/sct#71711000001100	http://snomed.info/sct#71711000001100	337873
http://snomed.info/sct#71711000001100	http://snomed.info/sct#71711000001100	883428
http://snomed.info/sct#80311000001100	http://snomed.info/sct#80311000001100	338027
http://snomed.info/sct#80311000001100	http://snomed.info/sct#80311000001100	886312
http://snomed.info/sct#140611000001107	http://snomed.info/sct#140611000001107	339733
http://snomed.info/sct#140611000001107	http://snomed.info/sct#140611000001107	777964
http://snomed.info/sct#147611000001106	http://snomed.info/sct#147611000001106	339903
http://snomed.info/sct#147611000001106	http://snomed.info/sct#147611000001106	781043
http://snomed.info/sct#154111000001106	http://snomed.info/sct#154111000001106	340025
http://snomed.info/sct#154111000001106	http://snomed.info/sct#154111000001106	783655
http://snomed.info/sct#160711000001109	http://snomed.info/sct#160711000001109	340082
http://snomed.info/sct#160711000001109	http://snomed.info/sct#160711000001109	786093
http://snomed.info/sct#185011000001103	http://snomed.info/sct#185011000001103	340425
http://snomed.info/sct#185011000001103	http://snomed.info/sct#185011000001103	795952
http://snomed.info/sct#215811000001108	http://snomed.info/sct#215811000001108	341728
http://snomed.info/sct#215811000001108	http://snomed.info/sct#215811000001108	807330
http://snomed.info/sct#217611000001102	http://snomed.info/sct#217611000001102	341747
http://snomed.info/sct#217611000001102	http://snomed.info/sct#217611000001102	807920
http://snomed.info/sct#228611000001109	http://snomed.info/sct#228611000001109	342065
http://snomed.info/sct#228611000001109	http://snomed.info/sct#228611000001109	811702
http://snomed.info/sct#240211000001107	http://snomed.info/sct#240211000001107	342410
http://snomed.info/sct#240211000001107	http://snomed.info/sct#240211000001107	816635
http://snomed.info/sct#251411000001100	http://snomed.info/sct#251411000001100	342866
http://snomed.info/sct#251411000001100	http://snomed.info/sct#251411000001100	821308
http://snomed.info/sct#254411000001103	http://snomed.info/sct#254411000001103	342888
http://snomed.info/sct#254411000001103	http://snomed.info/sct#254411000001103	822700
http://snomed.info/sct#263411000001108	http://snomed.info/sct#263411000001108	342966
http://snomed.info/sct#263411000001108	http://snomed.info/sct#263411000001108	826986
http://snomed.info/sct#282211000001100	http://snomed.info/sct#282211000001100	343295
http://snomed.info/sct#282211000001100	http://snomed.info/sct#282211000001100	835817
http://snomed.info/sct#340711000001106	http://snomed.info/sct#340711000001106	345212
http://snomed.info/sct#340711000001106	http://snomed.info/sct#340711000001106	861847
http://snomed.info/sct#349911000001102	http://snomed.info/sct#349911000001102	345496
http://snomed.info/sct#349911000001102	http://snomed.info/sct#349911000001102	865320
http://snomed.info/sct#372711000001109	http://snomed.info/sct#372711000001109	346261
http://snomed.info/sct#372711000001109	http://snomed.info/sct#372711000001109	868407
http://snomed.info/sct#385811000001100	http://snomed.info/sct#385811000001100	346700
http://snomed.info/sct#385811000001100	http://snomed.info/sct#385811000001100	868890
http://snomed.info/sct#412411000001102	http://snomed.info/sct#412411000001102	347052
http://snomed.info/sct#412411000001102	http://snomed.info/sct#412411000001102	869787
http://snomed.info/sct#414711000001103	http://snomed.info/sct#414711000001103	347130
http://snomed.info/sct#414711000001103	http://snomed.info/sct#414711000001103	869856
http://snomed.info/sct#427311000001104	http://snomed.info/sct#427311000001104	347290
http://snomed.info/sct#427311000001104	http://snomed.info/sct#427311000001104	870255
http://snomed.info/sct#536711000001108	http://snomed.info/sct#536711000001108	349544
http://snomed.info/sct#536711000001108	http://snomed.info/sct#536711000001108	873939
http://snomed.info/sct#540211000001102	http://snomed.info/sct#540211000001102	349570
http://snomed.info/sct#540211000001102	http://snomed.info/sct#540211000001102	874094
http://snomed.info/sct#546111000001106	http://snomed.info/sct#546111000001106	349612
http://snomed.info/sct#546111000001106	http://snomed.info/sct#546111000001106	874332
http://snomed.info/sct#568311000001100	http://snomed.info/sct#568311000001100	349778
http://snomed.info/sct#568311000001100	http://snomed.info/sct#568311000001100	875249
http://snomed.info/sct#584711000001107	http://snomed.info/sct#584711000001107	349930
http://snomed.info/sct#584711000001107	http://snomed.info/sct#584711000001107	876177
http://snomed.info/sct#638011000001101	http://snomed.info/sct#638011000001101	350322
http://snomed.info/sct#638011000001101	http://snomed.info/sct#638011000001101	879095
http://snomed.info/sct#691311000001102	http://snomed.info/sct#691311000001102	350902
http://snomed.info/sct#691311000001102	http://snomed.info/sct#691311000001102	882043
http://snomed.info/sct#749811000001106	http://snomed.info/sct#749811000001106	352583
http://snomed.info/sct#749811000001106	http://snomed.info/sct#749811000001106	884813
http://snomed.info/sct#789711000001109	http://snomed.info/sct#789711000001109	354064
http://snomed.info/sct#789711000001109	http://snomed.info/sct#789711000001109	885832
http://snomed.info/sct#852311000001105	http://snomed.info/sct#852311000001105	357619
http://snomed.info/sct#852311000001105	http://snomed.info/sct#852311000001105	888013
http://snomed.info/sct#863411000001100	http://snomed.info/sct#863411000001100	358203
http://snomed.info/sct#863411000001100	http://snomed.info/sct#863411000001100	888384
http://snomed.info/sct#888511000001108	http://snomed.info/sct#888511000001108	359280
http://snomed.info/sct#888511000001108	http://snomed.info/sct#888511000001108	889368
http://snomed.info/sct#919311000001103	http://snomed.info/sct#919311000001103	360689
http://snomed.info/sct#919311000001103	http://snomed.info/sct#919311000001103	890594
http://snomed.info/sct#922011000001101	http://snomed.info/sct#922011000001101	360819
http://snomed.info/sct#922011000001101	http://snomed.info/sct#922011000001101	890720
http://snomed.info/sct#923011000001105	http://snomed.info/sct#923011000001105	360843
http://snomed.info/sct#923011000001105	http://snomed.info/sct#923011000001105	890755
http://snomed.info/sct#935511000001100	http://snomed.info/sct#935511000001100	361606
http://snomed.info/sct#935511000001100	http://snomed.info/sct#935511000001100	891234
http://snomed.info/sct#3192511000001105	http://snomed.info/sct#3192511000001105	388618
http://snomed.info/sct#3192511000001105	http://snomed.info/sct#3192511000001105	852571
http://snomed.info/sct#3192911000001103	http://snomed.info/sct#3192911000001103	388622
http://snomed.info/sct#3192911000001103	http://snomed.info/sct#3192911000001103	852592
http://snomed.info/sct#3193711000001108	http://snomed.info/sct#3193711000001108	388630
http://snomed.info/sct#3193711000001108	http://snomed.info/sct#3193711000001108	852631
http://snomed.info/sct#3194711000001105	http://snomed.info/sct#3194711000001105	388640
http://snomed.info/sct#3194711000001105	http://snomed.info/sct#3194711000001105	852688
http://snomed.info/sct#3195411000001103	http://snomed.info/sct#3195411000001103	388647
http://snomed.info/sct#3195411000001103	http://snomed.info/sct#3195411000001103	852723
http://snomed.info/sct#3196811000001109	http://snomed.info/sct#3196811000001109	388661
http://snomed.info/sct#3196811000001109	http://snomed.info/sct#3196811000001109	852798
http://snomed.info/sct#3197411000001109	http://snomed.info/sct#3197411000001109	388667
http://snomed.info/sct#3197411000001109	http://snomed.info/sct#3197411000001109	852828
http://snomed.info/sct#3197711000001103	http://snomed.info/sct#3197711000001103	388670
http://snomed.info/sct#3197711000001103	http://snomed.info/sct#3197711000001103	852838
http://snomed.info/sct#3198311000001101	http://snomed.info/sct#3198311000001101	388676
http://snomed.info/sct#3198311000001101	http://snomed.info/sct#3198311000001101	852871
http://snomed.info/sct#3199111000001105	http://snomed.info/sct#3199111000001105	388684
http://snomed.info/sct#3199111000001105	http://snomed.info/sct#3199111000001105	852914
http://snomed.info/sct#3200111000001100	http://snomed.info/sct#3200111000001100	388694
http://snomed.info/sct#3200111000001100	http://snomed.info/sct#3200111000001100	852966
http://snomed.info/sct#3200611000001108	http://snomed.info/sct#3200611000001108	388699
http://snomed.info/sct#3200611000001108	http://snomed.info/sct#3200611000001108	852994
http://snomed.info/sct#3201111000001106	http://snomed.info/sct#3201111000001106	388704
http://snomed.info/sct#3201111000001106	http://snomed.info/sct#3201111000001106	853023
http://snomed.info/sct#3201411000001101	http://snomed.info/sct#3201411000001101	388707
http://snomed.info/sct#3201411000001101	http://snomed.info/sct#3201411000001101	853038
http://snomed.info/sct#3202011000001102	http://snomed.info/sct#3202011000001102	388713
http://snomed.info/sct#3202011000001102	http://snomed.info/sct#3202011000001102	853070
http://snomed.info/sct#3202411000001106	http://snomed.info/sct#3202411000001106	388717
http://snomed.info/sct#3202411000001106	http://snomed.info/sct#3202411000001106	853093
http://snomed.info/sct#3202611000001109	http://snomed.info/sct#3202611000001109	388719
http://snomed.info/sct#3202611000001109	http://snomed.info/sct#3202611000001109	853104
http://snomed.info/sct#3203011000001106	http://snomed.info/sct#3203011000001106	388723
http://snomed.info/sct#3203011000001106	http://snomed.info/sct#3203011000001106	853125
http://snomed.info/sct#3204211000001103	http://snomed.info/sct#3204211000001103	388735
http://snomed.info/sct#3204211000001103	http://snomed.info/sct#3204211000001103	853188
http://snomed.info/sct#3204711000001105	http://snomed.info/sct#3204711000001105	388740
http://snomed.info/sct#3204711000001105	http://snomed.info/sct#3204711000001105	853214
http://snomed.info/sct#3205211000001102	http://snomed.info/sct#3205211000001102	388745
http://snomed.info/sct#3205211000001102	http://snomed.info/sct#3205211000001102	853240
http://snomed.info/sct#3205811000001101	http://snomed.info/sct#3205811000001101	388751
http://snomed.info/sct#3205811000001101	http://snomed.info/sct#3205811000001101	853269
http://snomed.info/sct#3206311000001100	http://snomed.info/sct#3206311000001100	388756
http://snomed.info/sct#3206311000001100	http://snomed.info/sct#3206311000001100	853293
http://snomed.info/sct#3207111000001104	http://snomed.info/sct#3207111000001104	388764
http://snomed.info/sct#3207111000001104	http://snomed.info/sct#3207111000001104	853330
http://snomed.info/sct#3207911000001101	http://snomed.info/sct#3207911000001101	388772
http://snomed.info/sct#3207911000001101	http://snomed.info/sct#3207911000001101	853368
http://snomed.info/sct#3208811000001105	http://snomed.info/sct#3208811000001105	388781
http://snomed.info/sct#3208811000001105	http://snomed.info/sct#3208811000001105	853417
http://snomed.info/sct#3209611000001102	http://snomed.info/sct#3209611000001102	388789
http://snomed.info/sct#3209611000001102	http://snomed.info/sct#3209611000001102	853460
http://snomed.info/sct#3261211000001101	http://snomed.info/sct#3261211000001101	389165
http://snomed.info/sct#3261211000001101	http://snomed.info/sct#3261211000001101	855838
http://snomed.info/sct#3632811000001101	http://snomed.info/sct#3632811000001101	391537
http://snomed.info/sct#3632811000001101	http://snomed.info/sct#3632811000001101	868071
http://snomed.info/sct#3633211000001108	http://snomed.info/sct#3633211000001108	391539
http://snomed.info/sct#3633211000001108	http://snomed.info/sct#3633211000001108	868072
http://snomed.info/sct#3633611000001105	http://snomed.info/sct#3633611000001105	391541
http://snomed.info/sct#3633611000001105	http://snomed.info/sct#3633611000001105	868073
http://snomed.info/sct#3753411000001102	http://snomed.info/sct#3753411000001102	392610
http://snomed.info/sct#3753411000001102	http://snomed.info/sct#3753411000001102	868493
http://snomed.info/sct#3753611000001104	http://snomed.info/sct#3753611000001104	392612
http://snomed.info/sct#3753611000001104	http://snomed.info/sct#3753611000001104	868494
http://snomed.info/sct#3753811000001100	http://snomed.info/sct#3753811000001100	392614
http://snomed.info/sct#3753811000001100	http://snomed.info/sct#3753811000001100	868495
http://snomed.info/sct#3944411000001105	http://snomed.info/sct#3944411000001105	394352
http://snomed.info/sct#3944411000001105	http://snomed.info/sct#3944411000001105	869177
http://snomed.info/sct#3948411000001101	http://snomed.info/sct#3948411000001101	394379
http://snomed.info/sct#3948411000001101	http://snomed.info/sct#3948411000001101	730325
http://snomed.info/sct#3948411000001101	http://snomed.info/sct#3944411000001105	394352
http://snomed.info/sct#3948411000001101	http://snomed.info/sct#3944411000001105	869177
http://snomed.info/sct#4053411000001103	http://snomed.info/sct#4053411000001103	395333
http://snomed.info/sct#4053411000001103	http://snomed.info/sct#4053411000001103	730485
http://snomed.info/sct#4053411000001103	http://snomed.info/sct#4040911000001100	395214
http://snomed.info/sct#4053411000001103	http://snomed.info/sct#4040911000001100	869504
http://snomed.info/sct#4053411000001103	http://snomed.info/sct#13996811000001105	496279
http://snomed.info/sct#4053411000001103	http://snomed.info/sct#13996811000001105	777726
http://snomed.info/sct#4053411000001103	http://snomed.info/sct#16204011000001104	517767
http://snomed.info/sct#4053411000001103	http://snomed.info/sct#16204011000001104	786557
http://snomed.info/sct#4053411000001103	http://snomed.info/sct#17482911000001105	530191
http://snomed.info/sct#4053411000001103	http://snomed.info/sct#17482911000001105	791867
http://snomed.info/sct#4053411000001103	http://snomed.info/sct#17598911000001103	531282
http://snomed.info/sct#4053411000001103	http://snomed.info/sct#17598911000001103	792323
http://snomed.info/sct#4053411000001103	http://snomed.info/sct#22428411000001109	575561
http://snomed.info/sct#4053411000001103	http://snomed.info/sct#22428411000001109	810329
http://snomed.info/sct#4053411000001103	http://snomed.info/sct#22672811000001106	577667
http://snomed.info/sct#4053411000001103	http://snomed.info/sct#22672811000001106	811046
http://snomed.info/sct#4053411000001103	http://snomed.info/sct#22680211000001102	577731
http://snomed.info/sct#4053411000001103	http://snomed.info/sct#22680211000001102	811064
http://snomed.info/sct#4053411000001103	http://snomed.info/sct#23166511000001107	582303
http://snomed.info/sct#4053411000001103	http://snomed.info/sct#23166511000001107	813158
http://snomed.info/sct#4053411000001103	http://snomed.info/sct#27957311000001103	627364
http://snomed.info/sct#4053411000001103	http://snomed.info/sct#27957311000001103	834690
http://snomed.info/sct#4053411000001103	http://snomed.info/sct#29883611000001106	644884
http://snomed.info/sct#4053411000001103	http://snomed.info/sct#29883611000001106	843329
http://snomed.info/sct#4053411000001103	http://snomed.info/sct#30060811000001100	646337
http://snomed.info/sct#4053411000001103	http://snomed.info/sct#30060811000001100	843972
http://snomed.info/sct#4053411000001103	http://snomed.info/sct#30218411000001108	647765
http://snomed.info/sct#4053411000001103	http://snomed.info/sct#30218411000001108	844712
http://snomed.info/sct#4053411000001103	http://snomed.info/sct#33591711000001100	679246
http://snomed.info/sct#4053411000001103	http://snomed.info/sct#33591711000001100	859945
http://snomed.info/sct#4053411000001103	http://snomed.info/sct#39011411000001106	2588240
http://snomed.info/sct#4053411000001103	http://snomed.info/sct#39294811000001104	2874558
http://snomed.info/sct#4053411000001103	http://snomed.info/sct#42687011000001106	3230446
http://snomed.info/sct#4040911000001100	http://snomed.info/sct#4040911000001100	395214
http://snomed.info/sct#4040911000001100	http://snomed.info/sct#4040911000001100	869504
http://snomed.info/sct#4053511000001104	http://snomed.info/sct#4053511000001104	395334
http://snomed.info/sct#4053511000001104	http://snomed.info/sct#4053511000001104	730486
http://snomed.info/sct#4053511000001104	http://snomed.info/sct#4041711000001105	395222
http://snomed.info/sct#4053511000001104	http://snomed.info/sct#4041711000001105	869508
http://snomed.info/sct#4053511000001104	http://snomed.info/sct#13997011000001101	496281
http://snomed.info/sct#4053511000001104	http://snomed.info/sct#13997011000001101	777727
http://snomed.info/sct#4053511000001104	http://snomed.info/sct#14190811000001109	498174
http://snomed.info/sct#4053511000001104	http://snomed.info/sct#14190811000001109	778566
http://snomed.info/sct#4053511000001104	http://snomed.info/sct#18176911000001105	536601
http://snomed.info/sct#4053511000001104	http://snomed.info/sct#18176911000001105	794617
http://snomed.info/sct#4053511000001104	http://snomed.info/sct#22428611000001107	575563
http://snomed.info/sct#4053511000001104	http://snomed.info/sct#22428611000001107	810330
http://snomed.info/sct#4053511000001104	http://snomed.info/sct#22649211000001101	577467
http://snomed.info/sct#4053511000001104	http://snomed.info/sct#22649211000001101	810994
http://snomed.info/sct#4053511000001104	http://snomed.info/sct#22673011000001109	577669
http://snomed.info/sct#4053511000001104	http://snomed.info/sct#22673011000001109	811047
http://snomed.info/sct#4053511000001104	http://snomed.info/sct#22680411000001103	577733
http://snomed.info/sct#4053511000001104	http://snomed.info/sct#22680411000001103	811065
http://snomed.info/sct#4053511000001104	http://snomed.info/sct#22834311000001101	579097
http://snomed.info/sct#4053511000001104	http://snomed.info/sct#22834311000001101	811571
http://snomed.info/sct#4053511000001104	http://snomed.info/sct#23166711000001102	582305
http://snomed.info/sct#4053511000001104	http://snomed.info/sct#23166711000001102	813159
http://snomed.info/sct#4053511000001104	http://snomed.info/sct#23218111000001103	582799
http://snomed.info/sct#4053511000001104	http://snomed.info/sct#23218111000001103	813406
http://snomed.info/sct#4053511000001104	http://snomed.info/sct#23260911000001101	583207
http://snomed.info/sct#4053511000001104	http://snomed.info/sct#23260911000001101	813613
http://snomed.info/sct#4053511000001104	http://snomed.info/sct#27957511000001109	627366
http://snomed.info/sct#4053511000001104	http://snomed.info/sct#27957511000001109	834691
http://snomed.info/sct#4053511000001104	http://snomed.info/sct#29883811000001105	644886
http://snomed.info/sct#4053511000001104	http://snomed.info/sct#29883811000001105	843330
http://snomed.info/sct#4053511000001104	http://snomed.info/sct#33591911000001103	679248
http://snomed.info/sct#4053511000001104	http://snomed.info/sct#33591911000001103	859946
http://snomed.info/sct#4053511000001104	http://snomed.info/sct#37097811000001105	711011
http://snomed.info/sct#4053511000001104	http://snomed.info/sct#39011711000001100	2793992
http://snomed.info/sct#4053511000001104	http://snomed.info/sct#39295011000001109	2874209
http://snomed.info/sct#4053511000001104	http://snomed.info/sct#42686811000001102	3244042
http://snomed.info/sct#4041711000001105	http://snomed.info/sct#4041711000001105	395222
http://snomed.info/sct#4041711000001105	http://snomed.info/sct#4041711000001105	869508
http://snomed.info/sct#4370611000001108	http://snomed.info/sct#4370611000001108	397959
http://snomed.info/sct#4370611000001108	http://snomed.info/sct#4370611000001108	870555
http://snomed.info/sct#5027211000001103	http://snomed.info/sct#5027211000001103	403338
http://snomed.info/sct#5027211000001103	http://snomed.info/sct#5027211000001103	872741
http://snomed.info/sct#5380911000001100	http://snomed.info/sct#5380911000001100	406520
http://snomed.info/sct#5380911000001100	http://snomed.info/sct#5380911000001100	873996
http://snomed.info/sct#5385211000001100	http://snomed.info/sct#5385211000001100	406563
http://snomed.info/sct#5385211000001100	http://snomed.info/sct#5385211000001100	874015
http://snomed.info/sct#5385411000001101	http://snomed.info/sct#5385411000001101	406565
http://snomed.info/sct#5385411000001101	http://snomed.info/sct#5385411000001101	874016
http://snomed.info/sct#5397411000001106	http://snomed.info/sct#5397411000001106	406681
http://snomed.info/sct#5397411000001106	http://snomed.info/sct#5397411000001106	874068
http://snomed.info/sct#5399511000001103	http://snomed.info/sct#5399511000001103	406699
http://snomed.info/sct#5399511000001103	http://snomed.info/sct#5399511000001103	874079
http://snomed.info/sct#5399811000001100	http://snomed.info/sct#5399811000001100	406702
http://snomed.info/sct#5399811000001100	http://snomed.info/sct#5399811000001100	874081
http://snomed.info/sct#5403511000001106	http://snomed.info/sct#5403511000001106	406736
http://snomed.info/sct#5403511000001106	http://snomed.info/sct#5403511000001106	874102
http://snomed.info/sct#5431411000001104	http://snomed.info/sct#5431411000001104	406985
http://snomed.info/sct#5431411000001104	http://snomed.info/sct#5431411000001104	874225
http://snomed.info/sct#5432011000001100	http://snomed.info/sct#5432011000001100	406991
http://snomed.info/sct#5432011000001100	http://snomed.info/sct#5432011000001100	874228
http://snomed.info/sct#5482211000001103	http://snomed.info/sct#5482211000001103	407324
http://snomed.info/sct#5482211000001103	http://snomed.info/sct#5482211000001103	874392
http://snomed.info/sct#5490911000001109	http://snomed.info/sct#5490911000001109	407359
http://snomed.info/sct#5490911000001109	http://snomed.info/sct#5490911000001109	874412
http://snomed.info/sct#5491511000001109	http://snomed.info/sct#5491511000001109	407365
http://snomed.info/sct#5491511000001109	http://snomed.info/sct#5491511000001109	874415
http://snomed.info/sct#5497311000001109	http://snomed.info/sct#5497311000001109	407420
http://snomed.info/sct#5497311000001109	http://snomed.info/sct#5497311000001109	874439
http://snomed.info/sct#5499911000001103	http://snomed.info/sct#5499911000001103	407445
http://snomed.info/sct#5499911000001103	http://snomed.info/sct#5499911000001103	874448
http://snomed.info/sct#5557111000001105	http://snomed.info/sct#5557111000001105	408001
http://snomed.info/sct#5557111000001105	http://snomed.info/sct#5557111000001105	874691
http://snomed.info/sct#5570111000001106	http://snomed.info/sct#5570111000001106	408123
http://snomed.info/sct#5570111000001106	http://snomed.info/sct#5570111000001106	874740
http://snomed.info/sct#5571111000001100	http://snomed.info/sct#5571111000001100	408132
http://snomed.info/sct#5571111000001100	http://snomed.info/sct#5571111000001100	874746
http://snomed.info/sct#5603811000001107	http://snomed.info/sct#5603811000001107	408451
http://snomed.info/sct#5603811000001107	http://snomed.info/sct#5603811000001107	874899
http://snomed.info/sct#5604611000001106	http://snomed.info/sct#5604611000001106	408457
http://snomed.info/sct#5604611000001106	http://snomed.info/sct#5604611000001106	874901
http://snomed.info/sct#5617211000001100	http://snomed.info/sct#5617211000001100	408571
http://snomed.info/sct#5617211000001100	http://snomed.info/sct#5617211000001100	874940
http://snomed.info/sct#5617411000001101	http://snomed.info/sct#5617411000001101	408573
http://snomed.info/sct#5617411000001101	http://snomed.info/sct#5617411000001101	874941
http://snomed.info/sct#7316211000001108	http://snomed.info/sct#7316211000001108	424850
http://snomed.info/sct#7316211000001108	http://snomed.info/sct#7316211000001108	884002
http://snomed.info/sct#7322511000001101	http://snomed.info/sct#7322511000001101	424901
http://snomed.info/sct#7322511000001101	http://snomed.info/sct#7322511000001101	732339
http://snomed.info/sct#7322511000001101	http://snomed.info/sct#7320811000001104	424888
http://snomed.info/sct#7322511000001101	http://snomed.info/sct#7320811000001104	884015
http://snomed.info/sct#7322511000001101	http://snomed.info/sct#20372111000001102	556660
http://snomed.info/sct#7322511000001101	http://snomed.info/sct#20372111000001102	802879
http://snomed.info/sct#7322511000001101	http://snomed.info/sct#20552311000001104	558361
http://snomed.info/sct#7322511000001101	http://snomed.info/sct#20552311000001104	803403
http://snomed.info/sct#7322511000001101	http://snomed.info/sct#34752611000001109	689834
http://snomed.info/sct#7322511000001101	http://snomed.info/sct#34752611000001109	864541
http://snomed.info/sct#7322511000001101	http://snomed.info/sct#39488911000001104	2881495
http://snomed.info/sct#7322511000001101	http://snomed.info/sct#40748811000001109	3051300
http://snomed.info/sct#7320811000001104	http://snomed.info/sct#7320811000001104	424888
http://snomed.info/sct#7320811000001104	http://snomed.info/sct#7320811000001104	884015
http://snomed.info/sct#8670511000001102	http://snomed.info/sct#8670511000001102	436978
http://snomed.info/sct#8670511000001102	http://snomed.info/sct#8670511000001102	733872
http://snomed.info/sct#8670511000001102	http://snomed.info/sct#8643311000001103	436715
http://snomed.info/sct#8670511000001102	http://snomed.info/sct#8643311000001103	888427
http://snomed.info/sct#8643311000001103	http://snomed.info/sct#8643311000001103	436715
http://snomed.info/sct#8643311000001103	http://snomed.info/sct#8643311000001103	888427
http://snomed.info/sct#8670611000001103	http://snomed.info/sct#8670611000001103	436979
http://snomed.info/sct#8670611000001103	http://snomed.info/sct#8670611000001103	733873
http://snomed.info/sct#8670611000001103	http://snomed.info/sct#8643811000001107	436720
http://snomed.info/sct#8670611000001103	http://snomed.info/sct#8643811000001107	888429
http://snomed.info/sct#8643811000001107	http://snomed.info/sct#8643811000001107	436720
http://snomed.info/sct#8643811000001107	http://snomed.info/sct#8643811000001107	888429
http://snomed.info/sct#8670711000001107	http://snomed.info/sct#8670711000001107	436980
http://snomed.info/sct#8670711000001107	http://snomed.info/sct#8670711000001107	733874
http://snomed.info/sct#8670711000001107	http://snomed.info/sct#8644211000001109	436724
http://snomed.info/sct#8670711000001107	http://snomed.info/sct#8644211000001109	888431
http://snomed.info/sct#8644211000001109	http://snomed.info/sct#8644211000001109	436724
http://snomed.info/sct#8644211000001109	http://snomed.info/sct#8644211000001109	888431
http://snomed.info/sct#8670811000001104	http://snomed.info/sct#8670811000001104	436981
http://snomed.info/sct#8670811000001104	http://snomed.info/sct#8670811000001104	733875
http://snomed.info/sct#8670811000001104	http://snomed.info/sct#8644711000001102	436729
http://snomed.info/sct#8670811000001104	http://snomed.info/sct#8644711000001102	888433
http://snomed.info/sct#8644711000001102	http://snomed.info/sct#8644711000001102	436729
http://snomed.info/sct#8644711000001102	http://snomed.info/sct#8644711000001102	888433
http://snomed.info/sct#9377211000001109	http://snomed.info/sct#9377211000001109	445373
http://snomed.info/sct#9377211000001109	http://snomed.info/sct#9377211000001109	891283
http://snomed.info/sct#9377411000001108	http://snomed.info/sct#9377411000001108	445377
http://snomed.info/sct#9377411000001108	http://snomed.info/sct#9377411000001108	891284
http://snomed.info/sct#9480611000001105	http://snomed.info/sct#9480611000001105	447098
http://snomed.info/sct#9480611000001105	http://snomed.info/sct#9480611000001105	891623
http://snomed.info/sct#9480911000001104	http://snomed.info/sct#9480911000001104	447104
http://snomed.info/sct#9480911000001104	http://snomed.info/sct#9480911000001104	891625
http://snomed.info/sct#9559411000001103	http://snomed.info/sct#9559411000001103	448512
http://snomed.info/sct#9559411000001103	http://snomed.info/sct#9559411000001103	891874
http://snomed.info/sct#9559611000001100	http://snomed.info/sct#9559611000001100	448516
http://snomed.info/sct#9559611000001100	http://snomed.info/sct#9559611000001100	891875
http://snomed.info/sct#9559811000001101	http://snomed.info/sct#9559811000001101	448520
http://snomed.info/sct#9559811000001101	http://snomed.info/sct#9559811000001101	891876
http://snomed.info/sct#9756711000001103	http://snomed.info/sct#9756711000001103	451482
http://snomed.info/sct#9756711000001103	http://snomed.info/sct#9756711000001103	892543
http://snomed.info/sct#9832811000001108	http://snomed.info/sct#9832811000001108	452162
http://snomed.info/sct#9832811000001108	http://snomed.info/sct#9832811000001108	892835
http://snomed.info/sct#9846411000001108	http://snomed.info/sct#9846411000001108	452252
http://snomed.info/sct#9846411000001108	http://snomed.info/sct#9846411000001108	892864
http://snomed.info/sct#9846611000001106	http://snomed.info/sct#9846611000001106	452254
http://snomed.info/sct#9846611000001106	http://snomed.info/sct#9846611000001106	892865
http://snomed.info/sct#9869511000001109	http://snomed.info/sct#9869511000001109	452414
http://snomed.info/sct#9869511000001109	http://snomed.info/sct#9869511000001109	892913
http://snomed.info/sct#9869711000001104	http://snomed.info/sct#9869711000001104	452416
http://snomed.info/sct#9869711000001104	http://snomed.info/sct#9869711000001104	892914
http://snomed.info/sct#9889511000001106	http://snomed.info/sct#9889511000001106	452567
http://snomed.info/sct#9889511000001106	http://snomed.info/sct#9889511000001106	892942
http://snomed.info/sct#9889711000001101	http://snomed.info/sct#9889711000001101	452569
http://snomed.info/sct#9889711000001101	http://snomed.info/sct#9889711000001101	892943
http://snomed.info/sct#9889911000001104	http://snomed.info/sct#9889911000001104	452571
http://snomed.info/sct#9889911000001104	http://snomed.info/sct#9889911000001104	892944
http://snomed.info/sct#9890111000001108	http://snomed.info/sct#9890111000001108	452573
http://snomed.info/sct#9890111000001108	http://snomed.info/sct#9890111000001108	892945
http://snomed.info/sct#9904811000001103	http://snomed.info/sct#9904811000001103	452731
http://snomed.info/sct#9904811000001103	http://snomed.info/sct#9904811000001103	892960
http://snomed.info/sct#9905011000001108	http://snomed.info/sct#9905011000001108	452735
http://snomed.info/sct#9905011000001108	http://snomed.info/sct#9905011000001108	892961
http://snomed.info/sct#9905311000001106	http://snomed.info/sct#9905311000001106	452740
http://snomed.info/sct#9905311000001106	http://snomed.info/sct#9905311000001106	892962
http://snomed.info/sct#9905511000001100	http://snomed.info/sct#9905511000001100	452744
http://snomed.info/sct#9905511000001100	http://snomed.info/sct#9905511000001100	892963
http://snomed.info/sct#9908111000001104	http://snomed.info/sct#9908111000001104	452775
http://snomed.info/sct#9908111000001104	http://snomed.info/sct#9908111000001104	892968
http://snomed.info/sct#9908311000001102	http://snomed.info/sct#9908311000001102	452777
http://snomed.info/sct#9908311000001102	http://snomed.info/sct#9908311000001102	892969
http://snomed.info/sct#9990711000001103	http://snomed.info/sct#9990711000001103	453576
http://snomed.info/sct#9990711000001103	http://snomed.info/sct#9990711000001103	893366
http://snomed.info/sct#9991011000001109	http://snomed.info/sct#9991011000001109	453578
http://snomed.info/sct#9991011000001109	http://snomed.info/sct#9991011000001109	893367
http://snomed.info/sct#10131611000001105	http://snomed.info/sct#10131611000001105	454790
http://snomed.info/sct#10131611000001105	http://snomed.info/sct#10131611000001105	765035
http://snomed.info/sct#10131811000001109	http://snomed.info/sct#10131811000001109	454792
http://snomed.info/sct#10131811000001109	http://snomed.info/sct#10131811000001109	765036
http://snomed.info/sct#10288611000001105	http://snomed.info/sct#10288611000001105	456008
http://snomed.info/sct#10288611000001105	http://snomed.info/sct#10288611000001105	765419
http://snomed.info/sct#10289311000001106	http://snomed.info/sct#10289311000001106	456014
http://snomed.info/sct#10289311000001106	http://snomed.info/sct#10289311000001106	765422
http://snomed.info/sct#10299911000001106	http://snomed.info/sct#10299911000001106	456120
http://snomed.info/sct#10299911000001106	http://snomed.info/sct#10299911000001106	765475
http://snomed.info/sct#10300411000001101	http://snomed.info/sct#10300411000001101	456125
http://snomed.info/sct#10300411000001101	http://snomed.info/sct#10300411000001101	765477
http://snomed.info/sct#10300811000001104	http://snomed.info/sct#10300811000001104	456129
http://snomed.info/sct#10300811000001104	http://snomed.info/sct#10300811000001104	765479
http://snomed.info/sct#10302811000001103	http://snomed.info/sct#10302811000001103	456149
http://snomed.info/sct#10302811000001103	http://snomed.info/sct#10302811000001103	765490
http://snomed.info/sct#10303011000001100	http://snomed.info/sct#10303011000001100	456151
http://snomed.info/sct#10303011000001100	http://snomed.info/sct#10303011000001100	765491
http://snomed.info/sct#10320711000001102	http://snomed.info/sct#10320711000001102	456314
http://snomed.info/sct#10320711000001102	http://snomed.info/sct#10320711000001102	765543
http://snomed.info/sct#10436111000001105	http://snomed.info/sct#10436111000001105	457481
http://snomed.info/sct#10436111000001105	http://snomed.info/sct#10436111000001105	765933
http://snomed.info/sct#10436311000001107	http://snomed.info/sct#10436311000001107	457483
http://snomed.info/sct#10436311000001107	http://snomed.info/sct#10436311000001107	765934
http://snomed.info/sct#10438911000001107	http://snomed.info/sct#10438911000001107	457508
http://snomed.info/sct#10438911000001107	http://snomed.info/sct#10438911000001107	765947
http://snomed.info/sct#10439411000001107	http://snomed.info/sct#10439411000001107	457513
http://snomed.info/sct#10439411000001107	http://snomed.info/sct#10439411000001107	765948
http://snomed.info/sct#10534611000001103	http://snomed.info/sct#10534611000001103	458427
http://snomed.info/sct#10534611000001103	http://snomed.info/sct#10534611000001103	766321
http://snomed.info/sct#10542411000001109	http://snomed.info/sct#10542411000001109	458533
http://snomed.info/sct#10542411000001109	http://snomed.info/sct#10542411000001109	766354
http://snomed.info/sct#10544411000001102	http://snomed.info/sct#10544411000001102	458572
http://snomed.info/sct#10544411000001102	http://snomed.info/sct#10544411000001102	766364
http://snomed.info/sct#10566811000001103	http://snomed.info/sct#10566811000001103	458784
http://snomed.info/sct#10566811000001103	http://snomed.info/sct#10566811000001103	766410
http://snomed.info/sct#10567011000001107	http://snomed.info/sct#10567011000001107	458786
http://snomed.info/sct#10567011000001107	http://snomed.info/sct#10567011000001107	766411
http://snomed.info/sct#10686911000001101	http://snomed.info/sct#10686911000001101	459823
http://snomed.info/sct#10686911000001101	http://snomed.info/sct#10686911000001101	766691
http://snomed.info/sct#10687111000001101	http://snomed.info/sct#10687111000001101	459825
http://snomed.info/sct#10687111000001101	http://snomed.info/sct#10687111000001101	766692
http://snomed.info/sct#10687311000001104	http://snomed.info/sct#10687311000001104	459827
http://snomed.info/sct#10687311000001104	http://snomed.info/sct#10687311000001104	766693
http://snomed.info/sct#10687511000001105	http://snomed.info/sct#10687511000001105	459829
http://snomed.info/sct#10687511000001105	http://snomed.info/sct#10687511000001105	766694
http://snomed.info/sct#10820111000001101	http://snomed.info/sct#10820111000001101	461267
http://snomed.info/sct#10820111000001101	http://snomed.info/sct#10820111000001101	767128
http://snomed.info/sct#10820511000001105	http://snomed.info/sct#10820511000001105	461269
http://snomed.info/sct#10820511000001105	http://snomed.info/sct#10820511000001105	767129
http://snomed.info/sct#10835311000001108	http://snomed.info/sct#10835311000001108	461408
http://snomed.info/sct#10835311000001108	http://snomed.info/sct#10835311000001108	767172
http://snomed.info/sct#10835511000001102	http://snomed.info/sct#10835511000001102	461411
http://snomed.info/sct#10835511000001102	http://snomed.info/sct#10835511000001102	767173
http://snomed.info/sct#11013911000001107	http://snomed.info/sct#11013911000001107	463283
http://snomed.info/sct#11013911000001107	http://snomed.info/sct#11013911000001107	767806
http://snomed.info/sct#11014211000001100	http://snomed.info/sct#11014211000001100	463286
http://snomed.info/sct#11014211000001100	http://snomed.info/sct#11014211000001100	767807
http://snomed.info/sct#11014711000001107	http://snomed.info/sct#11014711000001107	463291
http://snomed.info/sct#11014711000001107	http://snomed.info/sct#11014711000001107	767809
http://snomed.info/sct#11016711000001103	http://snomed.info/sct#11016711000001103	463314
http://snomed.info/sct#11016711000001103	http://snomed.info/sct#11016711000001103	767819
http://snomed.info/sct#11016911000001101	http://snomed.info/sct#11016911000001101	463316
http://snomed.info/sct#11016911000001101	http://snomed.info/sct#11016911000001101	767820
http://snomed.info/sct#11144411000001102	http://snomed.info/sct#11144411000001102	464638
http://snomed.info/sct#11144411000001102	http://snomed.info/sct#11144411000001102	768349
http://snomed.info/sct#11385311000001108	http://snomed.info/sct#11385311000001108	467074
http://snomed.info/sct#11385311000001108	http://snomed.info/sct#11385311000001108	769314
http://snomed.info/sct#11409811000001106	http://snomed.info/sct#11409811000001106	467304
http://snomed.info/sct#11409811000001106	http://snomed.info/sct#11409811000001106	769394
http://snomed.info/sct#11535811000001107	http://snomed.info/sct#11535811000001107	468567
http://snomed.info/sct#11535811000001107	http://snomed.info/sct#11535811000001107	769814
http://snomed.info/sct#11551911000001100	http://snomed.info/sct#11551911000001100	468717
http://snomed.info/sct#11551911000001100	http://snomed.info/sct#11551911000001100	769861
http://snomed.info/sct#11552111000001108	http://snomed.info/sct#11552111000001108	468719
http://snomed.info/sct#11552111000001108	http://snomed.info/sct#11552111000001108	769862
http://snomed.info/sct#11552311000001105	http://snomed.info/sct#11552311000001105	468721
http://snomed.info/sct#11552311000001105	http://snomed.info/sct#11552311000001105	769863
http://snomed.info/sct#11552511000001104	http://snomed.info/sct#11552511000001104	468723
http://snomed.info/sct#11552511000001104	http://snomed.info/sct#11552511000001104	769864
http://snomed.info/sct#11552711000001109	http://snomed.info/sct#11552711000001109	468725
http://snomed.info/sct#11552711000001109	http://snomed.info/sct#11552711000001109	769865
http://snomed.info/sct#13000911000001107	http://snomed.info/sct#13000911000001107	485308
http://snomed.info/sct#13000911000001107	http://snomed.info/sct#13000911000001107	717859
http://snomed.info/sct#13000911000001107	http://snomed.info/sct#12958811000001105	484892
http://snomed.info/sct#13000911000001107	http://snomed.info/sct#12958811000001105	774185
http://snomed.info/sct#12958811000001105	http://snomed.info/sct#12958811000001105	484892
http://snomed.info/sct#12958811000001105	http://snomed.info/sct#12958811000001105	774185
http://snomed.info/sct#13000811000001102	http://snomed.info/sct#13000811000001102	485307
http://snomed.info/sct#13000811000001102	http://snomed.info/sct#13000811000001102	717858
http://snomed.info/sct#13000811000001102	http://snomed.info/sct#12959711000001106	484901
http://snomed.info/sct#13000811000001102	http://snomed.info/sct#12959711000001106	774188
http://snomed.info/sct#12959711000001106	http://snomed.info/sct#12959711000001106	484901
http://snomed.info/sct#12959711000001106	http://snomed.info/sct#12959711000001106	774188
http://snomed.info/sct#13001111000001103	http://snomed.info/sct#13001111000001103	485310
http://snomed.info/sct#13001111000001103	http://snomed.info/sct#13001111000001103	717861
http://snomed.info/sct#13001111000001103	http://snomed.info/sct#12960911000001109	484909
http://snomed.info/sct#13001111000001103	http://snomed.info/sct#12960911000001109	774191
http://snomed.info/sct#12960911000001109	http://snomed.info/sct#12960911000001109	484909
http://snomed.info/sct#12960911000001109	http://snomed.info/sct#12960911000001109	774191
http://snomed.info/sct#13001011000001104	http://snomed.info/sct#13001011000001104	485309
http://snomed.info/sct#13001011000001104	http://snomed.info/sct#13001011000001104	717860
http://snomed.info/sct#13001011000001104	http://snomed.info/sct#12961711000001104	484917
http://snomed.info/sct#13001011000001104	http://snomed.info/sct#12961711000001104	774194
http://snomed.info/sct#12961711000001104	http://snomed.info/sct#12961711000001104	484917
http://snomed.info/sct#12961711000001104	http://snomed.info/sct#12961711000001104	774194
http://snomed.info/sct#13001311000001101	http://snomed.info/sct#13001311000001101	485312
http://snomed.info/sct#13001311000001101	http://snomed.info/sct#13001311000001101	717863
http://snomed.info/sct#13001311000001101	http://snomed.info/sct#12963111000001104	484931
http://snomed.info/sct#13001311000001101	http://snomed.info/sct#12963111000001104	774199
http://snomed.info/sct#12963111000001104	http://snomed.info/sct#12963111000001104	484931
http://snomed.info/sct#12963111000001104	http://snomed.info/sct#12963111000001104	774199
http://snomed.info/sct#13001211000001109	http://snomed.info/sct#13001211000001109	485311
http://snomed.info/sct#13001211000001109	http://snomed.info/sct#13001211000001109	717862
http://snomed.info/sct#13001211000001109	http://snomed.info/sct#12965311000001101	484953
http://snomed.info/sct#13001211000001109	http://snomed.info/sct#12965311000001101	774206
http://snomed.info/sct#12965311000001101	http://snomed.info/sct#12965311000001101	484953
http://snomed.info/sct#12965311000001101	http://snomed.info/sct#12965311000001101	774206
http://snomed.info/sct#13001511000001107	http://snomed.info/sct#13001511000001107	485314
http://snomed.info/sct#13001511000001107	http://snomed.info/sct#13001511000001107	717865
http://snomed.info/sct#13001511000001107	http://snomed.info/sct#12966811000001102	484968
http://snomed.info/sct#13001511000001107	http://snomed.info/sct#12966811000001102	774211
http://snomed.info/sct#12966811000001102	http://snomed.info/sct#12966811000001102	484968
http://snomed.info/sct#12966811000001102	http://snomed.info/sct#12966811000001102	774211
http://snomed.info/sct#13001411000001108	http://snomed.info/sct#13001411000001108	485313
http://snomed.info/sct#13001411000001108	http://snomed.info/sct#13001411000001108	717864
http://snomed.info/sct#13001411000001108	http://snomed.info/sct#12967411000001102	484974
http://snomed.info/sct#13001411000001108	http://snomed.info/sct#12967411000001102	774213
http://snomed.info/sct#12967411000001102	http://snomed.info/sct#12967411000001102	484974
http://snomed.info/sct#12967411000001102	http://snomed.info/sct#12967411000001102	774213
http://snomed.info/sct#13001711000001102	http://snomed.info/sct#13001711000001102	485316
http://snomed.info/sct#13001711000001102	http://snomed.info/sct#13001711000001102	717867
http://snomed.info/sct#13001711000001102	http://snomed.info/sct#12968311000001105	484983
http://snomed.info/sct#13001711000001102	http://snomed.info/sct#12968311000001105	774216
http://snomed.info/sct#12968311000001105	http://snomed.info/sct#12968311000001105	484983
http://snomed.info/sct#12968311000001105	http://snomed.info/sct#12968311000001105	774216
http://snomed.info/sct#13001611000001106	http://snomed.info/sct#13001611000001106	485315
http://snomed.info/sct#13001611000001106	http://snomed.info/sct#13001611000001106	717866
http://snomed.info/sct#13001611000001106	http://snomed.info/sct#12969111000001101	484991
http://snomed.info/sct#13001611000001106	http://snomed.info/sct#12969111000001101	774219
http://snomed.info/sct#12969111000001101	http://snomed.info/sct#12969111000001101	484991
http://snomed.info/sct#12969111000001101	http://snomed.info/sct#12969111000001101	774219
http://snomed.info/sct#13001911000001100	http://snomed.info/sct#13001911000001100	485318
http://snomed.info/sct#13001911000001100	http://snomed.info/sct#13001911000001100	717869
http://snomed.info/sct#13001911000001100	http://snomed.info/sct#12969411000001106	484994
http://snomed.info/sct#13001911000001100	http://snomed.info/sct#12969411000001106	774220
http://snomed.info/sct#12969411000001106	http://snomed.info/sct#12969411000001106	484994
http://snomed.info/sct#12969411000001106	http://snomed.info/sct#12969411000001106	774220
http://snomed.info/sct#13001811000001105	http://snomed.info/sct#13001811000001105	485317
http://snomed.info/sct#13001811000001105	http://snomed.info/sct#13001811000001105	717868
http://snomed.info/sct#13001811000001105	http://snomed.info/sct#12969711000001100	484997
http://snomed.info/sct#13001811000001105	http://snomed.info/sct#12969711000001100	774221
http://snomed.info/sct#12969711000001100	http://snomed.info/sct#12969711000001100	484997
http://snomed.info/sct#12969711000001100	http://snomed.info/sct#12969711000001100	774221
http://snomed.info/sct#13002111000001108	http://snomed.info/sct#13002111000001108	485320
http://snomed.info/sct#13002111000001108	http://snomed.info/sct#13002111000001108	717871
http://snomed.info/sct#13002111000001108	http://snomed.info/sct#12970611000001106	485006
http://snomed.info/sct#13002111000001108	http://snomed.info/sct#12970611000001106	774224
http://snomed.info/sct#12970611000001106	http://snomed.info/sct#12970611000001106	485006
http://snomed.info/sct#12970611000001106	http://snomed.info/sct#12970611000001106	774224
http://snomed.info/sct#13002011000001107	http://snomed.info/sct#13002011000001107	485319
http://snomed.info/sct#13002011000001107	http://snomed.info/sct#13002011000001107	717870
http://snomed.info/sct#13002011000001107	http://snomed.info/sct#12971511000001100	485015
http://snomed.info/sct#13002011000001107	http://snomed.info/sct#12971511000001100	774227
http://snomed.info/sct#12971511000001100	http://snomed.info/sct#12971511000001100	485015
http://snomed.info/sct#12971511000001100	http://snomed.info/sct#12971511000001100	774227
http://snomed.info/sct#13002311000001105	http://snomed.info/sct#13002311000001105	485322
http://snomed.info/sct#13002311000001105	http://snomed.info/sct#13002311000001105	717873
http://snomed.info/sct#13002311000001105	http://snomed.info/sct#12973011000001109	485030
http://snomed.info/sct#13002311000001105	http://snomed.info/sct#12973011000001109	774232
http://snomed.info/sct#12973011000001109	http://snomed.info/sct#12973011000001109	485030
http://snomed.info/sct#12973011000001109	http://snomed.info/sct#12973011000001109	774232
http://snomed.info/sct#13002211000001102	http://snomed.info/sct#13002211000001102	485321
http://snomed.info/sct#13002211000001102	http://snomed.info/sct#13002211000001102	717872
http://snomed.info/sct#13002211000001102	http://snomed.info/sct#12974011000001106	485040
http://snomed.info/sct#13002211000001102	http://snomed.info/sct#12974011000001106	774235
http://snomed.info/sct#12974011000001106	http://snomed.info/sct#12974011000001106	485040
http://snomed.info/sct#12974011000001106	http://snomed.info/sct#12974011000001106	774235
http://snomed.info/sct#13002511000001104	http://snomed.info/sct#13002511000001104	485324
http://snomed.info/sct#13002511000001104	http://snomed.info/sct#13002511000001104	717875
http://snomed.info/sct#13002511000001104	http://snomed.info/sct#12974811000001100	485048
http://snomed.info/sct#13002511000001104	http://snomed.info/sct#12974811000001100	774238
http://snomed.info/sct#12974811000001100	http://snomed.info/sct#12974811000001100	485048
http://snomed.info/sct#12974811000001100	http://snomed.info/sct#12974811000001100	774238
http://snomed.info/sct#13002411000001103	http://snomed.info/sct#13002411000001103	485323
http://snomed.info/sct#13002411000001103	http://snomed.info/sct#13002411000001103	717874
http://snomed.info/sct#13002411000001103	http://snomed.info/sct#12975411000001101	774240
http://snomed.info/sct#13002411000001103	http://snomed.info/sct#12975411000001101	485054
http://snomed.info/sct#12975411000001101	http://snomed.info/sct#12975411000001101	774240
http://snomed.info/sct#12975411000001101	http://snomed.info/sct#12975411000001101	485054
http://snomed.info/sct#13002711000001109	http://snomed.info/sct#13002711000001109	485326
http://snomed.info/sct#13002711000001109	http://snomed.info/sct#13002711000001109	717877
http://snomed.info/sct#13002711000001109	http://snomed.info/sct#12975911000001109	485059
http://snomed.info/sct#13002711000001109	http://snomed.info/sct#12975911000001109	774242
http://snomed.info/sct#12975911000001109	http://snomed.info/sct#12975911000001109	485059
http://snomed.info/sct#12975911000001109	http://snomed.info/sct#12975911000001109	774242
http://snomed.info/sct#13002611000001100	http://snomed.info/sct#13002611000001100	485325
http://snomed.info/sct#13002611000001100	http://snomed.info/sct#13002611000001100	717876
http://snomed.info/sct#13002611000001100	http://snomed.info/sct#12976511000001109	485065
http://snomed.info/sct#13002611000001100	http://snomed.info/sct#12976511000001109	774244
http://snomed.info/sct#12976511000001109	http://snomed.info/sct#12976511000001109	485065
http://snomed.info/sct#12976511000001109	http://snomed.info/sct#12976511000001109	774244
http://snomed.info/sct#13175311000001100	http://snomed.info/sct#13175311000001100	488108
http://snomed.info/sct#13175311000001100	http://snomed.info/sct#13175311000001100	774775
http://snomed.info/sct#13175511000001106	http://snomed.info/sct#13175511000001106	488110
http://snomed.info/sct#13175511000001106	http://snomed.info/sct#13175511000001106	774776
http://snomed.info/sct#13178711000001108	http://snomed.info/sct#13178711000001108	488148
http://snomed.info/sct#13178711000001108	http://snomed.info/sct#13178711000001108	774788
http://snomed.info/sct#13179211000001106	http://snomed.info/sct#13179211000001106	488154
http://snomed.info/sct#13179211000001106	http://snomed.info/sct#13179211000001106	774790
http://snomed.info/sct#13186211000001108	http://snomed.info/sct#13186211000001108	488229
http://snomed.info/sct#13186211000001108	http://snomed.info/sct#13186211000001108	774819
http://snomed.info/sct#13187411000001109	http://snomed.info/sct#13187411000001109	488244
http://snomed.info/sct#13187411000001109	http://snomed.info/sct#13187411000001109	774825
http://snomed.info/sct#13187711000001103	http://snomed.info/sct#13187711000001103	488249
http://snomed.info/sct#13187711000001103	http://snomed.info/sct#13187711000001103	774827
http://snomed.info/sct#13413811000001102	http://snomed.info/sct#13413811000001102	490732
http://snomed.info/sct#13413811000001102	http://snomed.info/sct#13413811000001102	775511
http://snomed.info/sct#13414611000001103	http://snomed.info/sct#13414611000001103	490738
http://snomed.info/sct#13414611000001103	http://snomed.info/sct#13414611000001103	775514
http://snomed.info/sct#13766811000001101	http://snomed.info/sct#13766811000001101	494115
http://snomed.info/sct#13766811000001101	http://snomed.info/sct#13766811000001101	776847
http://snomed.info/sct#13821911000001109	http://snomed.info/sct#13821911000001109	494600
http://snomed.info/sct#13821911000001109	http://snomed.info/sct#13821911000001109	718920
http://snomed.info/sct#13821911000001109	http://snomed.info/sct#13820811000001107	494589
http://snomed.info/sct#13821911000001109	http://snomed.info/sct#13820811000001107	777035
http://snomed.info/sct#13820811000001107	http://snomed.info/sct#13820811000001107	494589
http://snomed.info/sct#13820811000001107	http://snomed.info/sct#13820811000001107	777035
http://snomed.info/sct#13821811000001104	http://snomed.info/sct#13821811000001104	494599
http://snomed.info/sct#13821811000001104	http://snomed.info/sct#13821811000001104	718919
http://snomed.info/sct#13821811000001104	http://snomed.info/sct#13821111000001106	494592
http://snomed.info/sct#13821811000001104	http://snomed.info/sct#13821111000001106	777037
http://snomed.info/sct#13821111000001106	http://snomed.info/sct#13821111000001106	494592
http://snomed.info/sct#13821111000001106	http://snomed.info/sct#13821111000001106	777037
http://snomed.info/sct#13926011000001108	http://snomed.info/sct#13926011000001108	495608
http://snomed.info/sct#13926011000001108	http://snomed.info/sct#13926011000001108	777451
http://snomed.info/sct#13926311000001106	http://snomed.info/sct#13926311000001106	495611
http://snomed.info/sct#13926311000001106	http://snomed.info/sct#13926311000001106	777452
http://snomed.info/sct#13926511000001100	http://snomed.info/sct#13926511000001100	495613
http://snomed.info/sct#13926511000001100	http://snomed.info/sct#13926511000001100	777453
http://snomed.info/sct#13926711000001105	http://snomed.info/sct#13926711000001105	495615
http://snomed.info/sct#13926711000001105	http://snomed.info/sct#13926711000001105	777454
http://snomed.info/sct#13936611000001104	http://snomed.info/sct#13936611000001104	495712
http://snomed.info/sct#13936611000001104	http://snomed.info/sct#13936611000001104	777498
http://snomed.info/sct#13936811000001100	http://snomed.info/sct#13936811000001100	495714
http://snomed.info/sct#13936811000001100	http://snomed.info/sct#13936811000001100	777499
http://snomed.info/sct#13944211000001105	http://snomed.info/sct#13944211000001105	495786
http://snomed.info/sct#13944211000001105	http://snomed.info/sct#13944211000001105	777528
http://snomed.info/sct#13944411000001109	http://snomed.info/sct#13944411000001109	495788
http://snomed.info/sct#13944411000001109	http://snomed.info/sct#13944411000001109	777529
http://snomed.info/sct#13944611000001107	http://snomed.info/sct#13944611000001107	495790
http://snomed.info/sct#13944611000001107	http://snomed.info/sct#13944611000001107	777530
http://snomed.info/sct#13944811000001106	http://snomed.info/sct#13944811000001106	495792
http://snomed.info/sct#13944811000001106	http://snomed.info/sct#13944811000001106	777531
http://snomed.info/sct#13948911000001108	http://snomed.info/sct#13948911000001108	495833
http://snomed.info/sct#13948911000001108	http://snomed.info/sct#13948911000001108	777551
http://snomed.info/sct#13949111000001103	http://snomed.info/sct#13949111000001103	495835
http://snomed.info/sct#13949111000001103	http://snomed.info/sct#13949111000001103	777552
http://snomed.info/sct#14014211000001107	http://snomed.info/sct#14014211000001107	496437
http://snomed.info/sct#14014211000001107	http://snomed.info/sct#14014211000001107	718997
http://snomed.info/sct#14014211000001107	http://snomed.info/sct#13984311000001108	496158
http://snomed.info/sct#14014211000001107	http://snomed.info/sct#13984311000001108	777684
http://snomed.info/sct#13984311000001108	http://snomed.info/sct#13984311000001108	496158
http://snomed.info/sct#13984311000001108	http://snomed.info/sct#13984311000001108	777684
http://snomed.info/sct#14014311000001104	http://snomed.info/sct#14014311000001104	496438
http://snomed.info/sct#14014311000001104	http://snomed.info/sct#14014311000001104	718998
http://snomed.info/sct#14014311000001104	http://snomed.info/sct#13985011000001109	496164
http://snomed.info/sct#14014311000001104	http://snomed.info/sct#13985011000001109	777687
http://snomed.info/sct#13985011000001109	http://snomed.info/sct#13985011000001109	496164
http://snomed.info/sct#13985011000001109	http://snomed.info/sct#13985011000001109	777687
http://snomed.info/sct#13996811000001105	http://snomed.info/sct#13996811000001105	496279
http://snomed.info/sct#13996811000001105	http://snomed.info/sct#13996811000001105	777726
http://snomed.info/sct#13997011000001101	http://snomed.info/sct#13997011000001101	496281
http://snomed.info/sct#13997011000001101	http://snomed.info/sct#13997011000001101	777727
http://snomed.info/sct#14159911000001103	http://snomed.info/sct#14159911000001103	497867
http://snomed.info/sct#14159911000001103	http://snomed.info/sct#14159911000001103	719072
http://snomed.info/sct#14159911000001103	http://snomed.info/sct#14090111000001109	497168
http://snomed.info/sct#14159911000001103	http://snomed.info/sct#14090111000001109	778093
http://snomed.info/sct#14090111000001109	http://snomed.info/sct#14090111000001109	497168
http://snomed.info/sct#14090111000001109	http://snomed.info/sct#14090111000001109	778093
http://snomed.info/sct#14160011000001101	http://snomed.info/sct#14160011000001101	497868
http://snomed.info/sct#14160011000001101	http://snomed.info/sct#14160011000001101	719073
http://snomed.info/sct#14160011000001101	http://snomed.info/sct#14090711000001105	497174
http://snomed.info/sct#14160011000001101	http://snomed.info/sct#14090711000001105	778096
http://snomed.info/sct#14090711000001105	http://snomed.info/sct#14090711000001105	497174
http://snomed.info/sct#14090711000001105	http://snomed.info/sct#14090711000001105	778096
http://snomed.info/sct#14125511000001108	http://snomed.info/sct#14125511000001108	497523
http://snomed.info/sct#14125511000001108	http://snomed.info/sct#14125511000001108	778269
http://snomed.info/sct#14190811000001109	http://snomed.info/sct#14190811000001109	498174
http://snomed.info/sct#14190811000001109	http://snomed.info/sct#14190811000001109	778566
http://snomed.info/sct#14332711000001102	http://snomed.info/sct#14332711000001102	499539
http://snomed.info/sct#14332711000001102	http://snomed.info/sct#14332711000001102	779193
http://snomed.info/sct#14335611000001102	http://snomed.info/sct#14335611000001102	499568
http://snomed.info/sct#14335611000001102	http://snomed.info/sct#14335611000001102	779207
http://snomed.info/sct#14336711000001103	http://snomed.info/sct#14336711000001103	499579
http://snomed.info/sct#14336711000001103	http://snomed.info/sct#14336711000001103	779212
http://snomed.info/sct#14344911000001105	http://snomed.info/sct#14344911000001105	499660
http://snomed.info/sct#14344911000001105	http://snomed.info/sct#14344911000001105	779249
http://snomed.info/sct#14345611000001103	http://snomed.info/sct#14345611000001103	499667
http://snomed.info/sct#14345611000001103	http://snomed.info/sct#14345611000001103	779252
http://snomed.info/sct#14366011000001109	http://snomed.info/sct#14366011000001109	499870
http://snomed.info/sct#14366011000001109	http://snomed.info/sct#14366011000001109	779352
http://snomed.info/sct#14367211000001102	http://snomed.info/sct#14367211000001102	499882
http://snomed.info/sct#14367211000001102	http://snomed.info/sct#14367211000001102	779358
http://snomed.info/sct#14369211000001108	http://snomed.info/sct#14369211000001108	499902
http://snomed.info/sct#14369211000001108	http://snomed.info/sct#14369211000001108	779368
http://snomed.info/sct#14370311000001102	http://snomed.info/sct#14370311000001102	499914
http://snomed.info/sct#14370311000001102	http://snomed.info/sct#14370311000001102	779373
http://snomed.info/sct#14742811000001107	http://snomed.info/sct#14742811000001107	503514
http://snomed.info/sct#14742811000001107	http://snomed.info/sct#14742811000001107	719232
http://snomed.info/sct#14742811000001107	http://snomed.info/sct#14707311000001107	503165
http://snomed.info/sct#14742811000001107	http://snomed.info/sct#14707311000001107	780814
http://snomed.info/sct#14707311000001107	http://snomed.info/sct#14707311000001107	503165
http://snomed.info/sct#14707311000001107	http://snomed.info/sct#14707311000001107	780814
http://snomed.info/sct#14707611000001102	http://snomed.info/sct#14707611000001102	503168
http://snomed.info/sct#14707611000001102	http://snomed.info/sct#14707611000001102	780816
http://snomed.info/sct#14708011000001105	http://snomed.info/sct#14708011000001105	503172
http://snomed.info/sct#14708011000001105	http://snomed.info/sct#14708011000001105	780817
http://snomed.info/sct#14796611000001101	http://snomed.info/sct#14796611000001101	504023
http://snomed.info/sct#14796611000001101	http://snomed.info/sct#14796611000001101	719257
http://snomed.info/sct#14796611000001101	http://snomed.info/sct#14782211000001103	503892
http://snomed.info/sct#14796611000001101	http://snomed.info/sct#14782211000001103	781118
http://snomed.info/sct#14782211000001103	http://snomed.info/sct#14782211000001103	503892
http://snomed.info/sct#14782211000001103	http://snomed.info/sct#14782211000001103	781118
http://snomed.info/sct#14796711000001105	http://snomed.info/sct#14796711000001105	504024
http://snomed.info/sct#14796711000001105	http://snomed.info/sct#14796711000001105	719258
http://snomed.info/sct#14796711000001105	http://snomed.info/sct#14782511000001100	503895
http://snomed.info/sct#14796711000001105	http://snomed.info/sct#14782511000001100	781119
http://snomed.info/sct#14782511000001100	http://snomed.info/sct#14782511000001100	503895
http://snomed.info/sct#14782511000001100	http://snomed.info/sct#14782511000001100	781119
http://snomed.info/sct#15028911000001107	http://snomed.info/sct#15028911000001107	506208
http://snomed.info/sct#15028911000001107	http://snomed.info/sct#15028911000001107	782145
http://snomed.info/sct#15057211000001101	http://snomed.info/sct#15057211000001101	506475
http://snomed.info/sct#15057211000001101	http://snomed.info/sct#15057211000001101	782272
http://snomed.info/sct#15106311000001107	http://snomed.info/sct#15106311000001107	506906
http://snomed.info/sct#15106311000001107	http://snomed.info/sct#15106311000001107	782474
http://snomed.info/sct#15106711000001106	http://snomed.info/sct#15106711000001106	506910
http://snomed.info/sct#15106711000001106	http://snomed.info/sct#15106711000001106	782476
http://snomed.info/sct#15112711000001105	http://snomed.info/sct#15112711000001105	506966
http://snomed.info/sct#15112711000001105	http://snomed.info/sct#15112711000001105	782504
http://snomed.info/sct#15112911000001107	http://snomed.info/sct#15112911000001107	506968
http://snomed.info/sct#15112911000001107	http://snomed.info/sct#15112911000001107	782505
http://snomed.info/sct#15124911000001106	http://snomed.info/sct#15124911000001106	507036
http://snomed.info/sct#15124911000001106	http://snomed.info/sct#15124911000001106	719372
http://snomed.info/sct#15124911000001106	http://snomed.info/sct#15117411000001101	507011
http://snomed.info/sct#15124911000001106	http://snomed.info/sct#15117411000001101	782524
http://snomed.info/sct#15117411000001101	http://snomed.info/sct#15117411000001101	507011
http://snomed.info/sct#15117411000001101	http://snomed.info/sct#15117411000001101	782524
http://snomed.info/sct#15125011000001106	http://snomed.info/sct#15125011000001106	507037
http://snomed.info/sct#15125011000001106	http://snomed.info/sct#15125011000001106	719373
http://snomed.info/sct#15125011000001106	http://snomed.info/sct#15117711000001107	507014
http://snomed.info/sct#15125011000001106	http://snomed.info/sct#15117711000001107	782525
http://snomed.info/sct#15117711000001107	http://snomed.info/sct#15117711000001107	507014
http://snomed.info/sct#15117711000001107	http://snomed.info/sct#15117711000001107	782525
http://snomed.info/sct#15437511000001105	http://snomed.info/sct#15437511000001105	509971
http://snomed.info/sct#15437511000001105	http://snomed.info/sct#15437511000001105	719552
http://snomed.info/sct#15437511000001105	http://snomed.info/sct#15430911000001104	509907
http://snomed.info/sct#15437511000001105	http://snomed.info/sct#15430911000001104	783718
http://snomed.info/sct#15430911000001104	http://snomed.info/sct#15430911000001104	509907
http://snomed.info/sct#15430911000001104	http://snomed.info/sct#15430911000001104	783718
http://snomed.info/sct#15437611000001109	http://snomed.info/sct#15437611000001109	509972
http://snomed.info/sct#15437611000001109	http://snomed.info/sct#15437611000001109	719553
http://snomed.info/sct#15437611000001109	http://snomed.info/sct#15431211000001102	509910
http://snomed.info/sct#15437611000001109	http://snomed.info/sct#15431211000001102	783720
http://snomed.info/sct#15431211000001102	http://snomed.info/sct#15431211000001102	509910
http://snomed.info/sct#15431211000001102	http://snomed.info/sct#15431211000001102	783720
http://snomed.info/sct#15448811000001108	http://snomed.info/sct#15448811000001108	510080
http://snomed.info/sct#15448811000001108	http://snomed.info/sct#15448811000001108	783770
http://snomed.info/sct#15449111000001108	http://snomed.info/sct#15449111000001108	510083
http://snomed.info/sct#15449111000001108	http://snomed.info/sct#15449111000001108	783771
http://snomed.info/sct#15453711000001109	http://snomed.info/sct#15453711000001109	510121
http://snomed.info/sct#15453711000001109	http://snomed.info/sct#15453711000001109	783779
http://snomed.info/sct#15453911000001106	http://snomed.info/sct#15453911000001106	510123
http://snomed.info/sct#15453911000001106	http://snomed.info/sct#15453911000001106	783780
http://snomed.info/sct#15510711000001102	http://snomed.info/sct#15510711000001102	510629
http://snomed.info/sct#15510711000001102	http://snomed.info/sct#15510711000001102	783973
http://snomed.info/sct#15510911000001100	http://snomed.info/sct#15510911000001100	510631
http://snomed.info/sct#15510911000001100	http://snomed.info/sct#15510911000001100	783974
http://snomed.info/sct#15517511000001106	http://snomed.info/sct#15517511000001106	510693
http://snomed.info/sct#15517511000001106	http://snomed.info/sct#15517511000001106	783993
http://snomed.info/sct#15517711000001101	http://snomed.info/sct#15517711000001101	510695
http://snomed.info/sct#15517711000001101	http://snomed.info/sct#15517711000001101	783994
http://snomed.info/sct#15533711000001104	http://snomed.info/sct#15533711000001104	510850
http://snomed.info/sct#15533711000001104	http://snomed.info/sct#15533711000001104	719627
http://snomed.info/sct#15533711000001104	http://snomed.info/sct#15525711000001100	510774
http://snomed.info/sct#15533711000001104	http://snomed.info/sct#15525711000001100	784011
http://snomed.info/sct#15525711000001100	http://snomed.info/sct#15525711000001100	510774
http://snomed.info/sct#15525711000001100	http://snomed.info/sct#15525711000001100	784011
http://snomed.info/sct#15533811000001107	http://snomed.info/sct#15533811000001107	510851
http://snomed.info/sct#15533811000001107	http://snomed.info/sct#15533811000001107	719628
http://snomed.info/sct#15533811000001107	http://snomed.info/sct#15526011000001106	510777
http://snomed.info/sct#15533811000001107	http://snomed.info/sct#15526011000001106	784012
http://snomed.info/sct#15526011000001106	http://snomed.info/sct#15526011000001106	510777
http://snomed.info/sct#15526011000001106	http://snomed.info/sct#15526011000001106	784012
http://snomed.info/sct#15533911000001102	http://snomed.info/sct#15533911000001102	510852
http://snomed.info/sct#15533911000001102	http://snomed.info/sct#15533911000001102	719629
http://snomed.info/sct#15533911000001102	http://snomed.info/sct#15528511000001102	510798
http://snomed.info/sct#15533911000001102	http://snomed.info/sct#15528511000001102	784019
http://snomed.info/sct#15528511000001102	http://snomed.info/sct#15528511000001102	510798
http://snomed.info/sct#15528511000001102	http://snomed.info/sct#15528511000001102	784019
http://snomed.info/sct#15534011000001104	http://snomed.info/sct#15534011000001104	510853
http://snomed.info/sct#15534011000001104	http://snomed.info/sct#15534011000001104	719630
http://snomed.info/sct#15534011000001104	http://snomed.info/sct#15528811000001104	510801
http://snomed.info/sct#15534011000001104	http://snomed.info/sct#15528811000001104	784020
http://snomed.info/sct#15528811000001104	http://snomed.info/sct#15528811000001104	510801
http://snomed.info/sct#15528811000001104	http://snomed.info/sct#15528811000001104	784020
http://snomed.info/sct#15535411000001109	http://snomed.info/sct#15535411000001109	510867
http://snomed.info/sct#15535411000001109	http://snomed.info/sct#15535411000001109	719641
http://snomed.info/sct#15535411000001109	http://snomed.info/sct#15532011000001105	510833
http://snomed.info/sct#15535411000001109	http://snomed.info/sct#15532011000001105	784031
http://snomed.info/sct#15532011000001105	http://snomed.info/sct#15532011000001105	510833
http://snomed.info/sct#15532011000001105	http://snomed.info/sct#15532011000001105	784031
http://snomed.info/sct#15535511000001108	http://snomed.info/sct#15535511000001108	510868
http://snomed.info/sct#15535511000001108	http://snomed.info/sct#15535511000001108	719642
http://snomed.info/sct#15535511000001108	http://snomed.info/sct#15532811000001104	510841
http://snomed.info/sct#15535511000001108	http://snomed.info/sct#15532811000001104	784034
http://snomed.info/sct#15532811000001104	http://snomed.info/sct#15532811000001104	510841
http://snomed.info/sct#15532811000001104	http://snomed.info/sct#15532811000001104	784034
http://snomed.info/sct#15536711000001106	http://snomed.info/sct#15536711000001106	510880
http://snomed.info/sct#15536711000001106	http://snomed.info/sct#15536711000001106	719647
http://snomed.info/sct#15536711000001106	http://snomed.info/sct#15536411000001100	510877
http://snomed.info/sct#15536711000001106	http://snomed.info/sct#15536411000001100	784037
http://snomed.info/sct#15536411000001100	http://snomed.info/sct#15536411000001100	510877
http://snomed.info/sct#15536411000001100	http://snomed.info/sct#15536411000001100	784037
http://snomed.info/sct#15608811000001101	http://snomed.info/sct#15608811000001101	511533
http://snomed.info/sct#15608811000001101	http://snomed.info/sct#15608811000001101	784286
http://snomed.info/sct#15609011000001102	http://snomed.info/sct#15609011000001102	511535
http://snomed.info/sct#15609011000001102	http://snomed.info/sct#15609011000001102	784287
http://snomed.info/sct#15609411000001106	http://snomed.info/sct#15609411000001106	511539
http://snomed.info/sct#15609411000001106	http://snomed.info/sct#15609411000001106	784289
http://snomed.info/sct#15609611000001109	http://snomed.info/sct#15609611000001109	511541
http://snomed.info/sct#15609611000001109	http://snomed.info/sct#15609611000001109	784290
http://snomed.info/sct#15632711000001100	http://snomed.info/sct#15632711000001100	511777
http://snomed.info/sct#15632711000001100	http://snomed.info/sct#15632711000001100	719710
http://snomed.info/sct#15632711000001100	http://snomed.info/sct#15619411000001109	511633
http://snomed.info/sct#15632711000001100	http://snomed.info/sct#15619411000001109	784311
http://snomed.info/sct#15619411000001109	http://snomed.info/sct#15619411000001109	511633
http://snomed.info/sct#15619411000001109	http://snomed.info/sct#15619411000001109	784311
http://snomed.info/sct#15632811000001108	http://snomed.info/sct#15632811000001108	511778
http://snomed.info/sct#15632811000001108	http://snomed.info/sct#15632811000001108	719711
http://snomed.info/sct#15632811000001108	http://snomed.info/sct#15619711000001103	511636
http://snomed.info/sct#15632811000001108	http://snomed.info/sct#15619711000001103	784312
http://snomed.info/sct#15619711000001103	http://snomed.info/sct#15619711000001103	511636
http://snomed.info/sct#15619711000001103	http://snomed.info/sct#15619711000001103	784312
http://snomed.info/sct#15648811000001106	http://snomed.info/sct#15648811000001106	512009
http://snomed.info/sct#15648811000001106	http://snomed.info/sct#15648811000001106	719727
http://snomed.info/sct#15648811000001106	http://snomed.info/sct#15635611000001100	511827
http://snomed.info/sct#15648811000001106	http://snomed.info/sct#15635611000001100	784358
http://snomed.info/sct#15635611000001100	http://snomed.info/sct#15635611000001100	511827
http://snomed.info/sct#15635611000001100	http://snomed.info/sct#15635611000001100	784358
http://snomed.info/sct#15648911000001101	http://snomed.info/sct#15648911000001101	512012
http://snomed.info/sct#15648911000001101	http://snomed.info/sct#15648911000001101	719728
http://snomed.info/sct#15648911000001101	http://snomed.info/sct#15635911000001106	511832
http://snomed.info/sct#15648911000001101	http://snomed.info/sct#15635911000001106	784359
http://snomed.info/sct#15635911000001106	http://snomed.info/sct#15635911000001106	511832
http://snomed.info/sct#15635911000001106	http://snomed.info/sct#15635911000001106	784359
http://snomed.info/sct#15649011000001105	http://snomed.info/sct#15649011000001105	512015
http://snomed.info/sct#15649011000001105	http://snomed.info/sct#15649011000001105	719729
http://snomed.info/sct#15649011000001105	http://snomed.info/sct#15636211000001108	511837
http://snomed.info/sct#15649011000001105	http://snomed.info/sct#15636211000001108	784360
http://snomed.info/sct#15636211000001108	http://snomed.info/sct#15636211000001108	511837
http://snomed.info/sct#15636211000001108	http://snomed.info/sct#15636211000001108	784360
http://snomed.info/sct#15649211000001100	http://snomed.info/sct#15649211000001100	512020
http://snomed.info/sct#15649211000001100	http://snomed.info/sct#15649211000001100	719731
http://snomed.info/sct#15649211000001100	http://snomed.info/sct#15636511000001106	511841
http://snomed.info/sct#15649211000001100	http://snomed.info/sct#15636511000001106	784361
http://snomed.info/sct#15636511000001106	http://snomed.info/sct#15636511000001106	511841
http://snomed.info/sct#15636511000001106	http://snomed.info/sct#15636511000001106	784361
http://snomed.info/sct#15649111000001106	http://snomed.info/sct#15649111000001106	512018
http://snomed.info/sct#15649111000001106	http://snomed.info/sct#15649111000001106	719730
http://snomed.info/sct#15649111000001106	http://snomed.info/sct#15636811000001109	511848
http://snomed.info/sct#15649111000001106	http://snomed.info/sct#15636811000001109	784362
http://snomed.info/sct#15636811000001109	http://snomed.info/sct#15636811000001109	511848
http://snomed.info/sct#15636811000001109	http://snomed.info/sct#15636811000001109	784362
http://snomed.info/sct#15915011000001101	http://snomed.info/sct#15915011000001101	514670
http://snomed.info/sct#15915011000001101	http://snomed.info/sct#15915011000001101	719839
http://snomed.info/sct#15915011000001101	http://snomed.info/sct#15894611000001104	514474
http://snomed.info/sct#15915011000001101	http://snomed.info/sct#15894611000001104	785418
http://snomed.info/sct#15894611000001104	http://snomed.info/sct#15894611000001104	514474
http://snomed.info/sct#15894611000001104	http://snomed.info/sct#15894611000001104	785418
http://snomed.info/sct#15915111000001100	http://snomed.info/sct#15915111000001100	514671
http://snomed.info/sct#15915111000001100	http://snomed.info/sct#15915111000001100	719840
http://snomed.info/sct#15915111000001100	http://snomed.info/sct#15895411000001101	514481
http://snomed.info/sct#15915111000001100	http://snomed.info/sct#15895411000001101	785421
http://snomed.info/sct#15895411000001101	http://snomed.info/sct#15895411000001101	514481
http://snomed.info/sct#15895411000001101	http://snomed.info/sct#15895411000001101	785421
http://snomed.info/sct#16036411000001101	http://snomed.info/sct#16036411000001101	516107
http://snomed.info/sct#16036411000001101	http://snomed.info/sct#16036411000001101	719878
http://snomed.info/sct#16036411000001101	http://snomed.info/sct#16023711000001102	515928
http://snomed.info/sct#16036411000001101	http://snomed.info/sct#16023711000001102	785917
http://snomed.info/sct#16023711000001102	http://snomed.info/sct#16023711000001102	515928
http://snomed.info/sct#16023711000001102	http://snomed.info/sct#16023711000001102	785917
http://snomed.info/sct#16036511000001102	http://snomed.info/sct#16036511000001102	516108
http://snomed.info/sct#16036511000001102	http://snomed.info/sct#16036511000001102	719879
http://snomed.info/sct#16036511000001102	http://snomed.info/sct#16025711000001101	515958
http://snomed.info/sct#16036511000001102	http://snomed.info/sct#16025711000001101	785927
http://snomed.info/sct#16025711000001101	http://snomed.info/sct#16025711000001101	515958
http://snomed.info/sct#16025711000001101	http://snomed.info/sct#16025711000001101	785927
http://snomed.info/sct#16074011000001103	http://snomed.info/sct#16074011000001103	516517
http://snomed.info/sct#16074011000001103	http://snomed.info/sct#16074011000001103	719906
http://snomed.info/sct#16074011000001103	http://snomed.info/sct#16041511000001105	516162
http://snomed.info/sct#16074011000001103	http://snomed.info/sct#16041511000001105	785985
http://snomed.info/sct#16041511000001105	http://snomed.info/sct#16041511000001105	516162
http://snomed.info/sct#16041511000001105	http://snomed.info/sct#16041511000001105	785985
http://snomed.info/sct#16064411000001102	http://snomed.info/sct#16064411000001102	516422
http://snomed.info/sct#16064411000001102	http://snomed.info/sct#16064411000001102	786068
http://snomed.info/sct#16109711000001104	http://snomed.info/sct#16109711000001104	516883
http://snomed.info/sct#16109711000001104	http://snomed.info/sct#16109711000001104	719970
http://snomed.info/sct#16109711000001104	http://snomed.info/sct#16107011000001105	516859
http://snomed.info/sct#16109711000001104	http://snomed.info/sct#16107011000001105	786184
http://snomed.info/sct#16107011000001105	http://snomed.info/sct#16107011000001105	516859
http://snomed.info/sct#16107011000001105	http://snomed.info/sct#16107011000001105	786184
http://snomed.info/sct#16109811000001107	http://snomed.info/sct#16109811000001107	516884
http://snomed.info/sct#16109811000001107	http://snomed.info/sct#16109811000001107	719971
http://snomed.info/sct#16109811000001107	http://snomed.info/sct#16107311000001108	516862
http://snomed.info/sct#16109811000001107	http://snomed.info/sct#16107311000001108	786185
http://snomed.info/sct#16107311000001108	http://snomed.info/sct#16107311000001108	516862
http://snomed.info/sct#16107311000001108	http://snomed.info/sct#16107311000001108	786185
http://snomed.info/sct#16132311000001103	http://snomed.info/sct#16132311000001103	517098
http://snomed.info/sct#16132311000001103	http://snomed.info/sct#16132311000001103	720004
http://snomed.info/sct#16132311000001103	http://snomed.info/sct#16116611000001103	516948
http://snomed.info/sct#16132311000001103	http://snomed.info/sct#16116611000001103	786212
http://snomed.info/sct#16132311000001103	http://snomed.info/sct#36818211000001107	708544
http://snomed.info/sct#16132311000001103	http://snomed.info/sct#37543911000001103	2556698
http://snomed.info/sct#16132311000001103	http://snomed.info/sct#39408011000001104	2873836
http://snomed.info/sct#16132311000001103	http://snomed.info/sct#39933411000001107	2975295
http://snomed.info/sct#16132311000001103	http://snomed.info/sct#40326911000001104	3010800
http://snomed.info/sct#16132311000001103	http://snomed.info/sct#40337111000001101	3012750
http://snomed.info/sct#16116611000001103	http://snomed.info/sct#16116611000001103	516948
http://snomed.info/sct#16116611000001103	http://snomed.info/sct#16116611000001103	786212
http://snomed.info/sct#16204011000001104	http://snomed.info/sct#16204011000001104	517767
http://snomed.info/sct#16204011000001104	http://snomed.info/sct#16204011000001104	786557
http://snomed.info/sct#16213211000001109	http://snomed.info/sct#16213211000001109	517927
http://snomed.info/sct#16213211000001109	http://snomed.info/sct#16213211000001109	786591
http://snomed.info/sct#16213411000001108	http://snomed.info/sct#16213411000001108	517933
http://snomed.info/sct#16213411000001108	http://snomed.info/sct#16213411000001108	786592
http://snomed.info/sct#16224111000001108	http://snomed.info/sct#16224111000001108	518128
http://snomed.info/sct#16224111000001108	http://snomed.info/sct#16224111000001108	786633
http://snomed.info/sct#16224311000001105	http://snomed.info/sct#16224311000001105	518134
http://snomed.info/sct#16224311000001105	http://snomed.info/sct#16224311000001105	786634
http://snomed.info/sct#16228811000001109	http://snomed.info/sct#16228811000001109	518186
http://snomed.info/sct#16228811000001109	http://snomed.info/sct#16228811000001109	786651
http://snomed.info/sct#16229011000001108	http://snomed.info/sct#16229011000001108	518190
http://snomed.info/sct#16229011000001108	http://snomed.info/sct#16229011000001108	786652
http://snomed.info/sct#16512211000001108	http://snomed.info/sct#16512211000001108	521094
http://snomed.info/sct#16512211000001108	http://snomed.info/sct#16512211000001108	787931
http://snomed.info/sct#16513311000001105	http://snomed.info/sct#16513311000001105	521104
http://snomed.info/sct#16513311000001105	http://snomed.info/sct#16513311000001105	787934
http://snomed.info/sct#16563111000001107	http://snomed.info/sct#16563111000001107	521663
http://snomed.info/sct#16563111000001107	http://snomed.info/sct#16563111000001107	788136
http://snomed.info/sct#16563411000001102	http://snomed.info/sct#16563411000001102	521666
http://snomed.info/sct#16563411000001102	http://snomed.info/sct#16563411000001102	788138
http://snomed.info/sct#16569611000001102	http://snomed.info/sct#16569611000001102	521725
http://snomed.info/sct#16569611000001102	http://snomed.info/sct#16569611000001102	788164
http://snomed.info/sct#16569811000001103	http://snomed.info/sct#16569811000001103	521727
http://snomed.info/sct#16569811000001103	http://snomed.info/sct#16569811000001103	788165
http://snomed.info/sct#16741811000001106	http://snomed.info/sct#16741811000001106	523244
http://snomed.info/sct#16741811000001106	http://snomed.info/sct#16741811000001106	788771
http://snomed.info/sct#16742111000001109	http://snomed.info/sct#16742111000001109	523247
http://snomed.info/sct#16742111000001109	http://snomed.info/sct#16742111000001109	788772
http://snomed.info/sct#17011211000001100	http://snomed.info/sct#17011211000001100	525888
http://snomed.info/sct#17011211000001100	http://snomed.info/sct#17011211000001100	790071
http://snomed.info/sct#17203211000001107	http://snomed.info/sct#17203211000001107	527660
http://snomed.info/sct#17203211000001107	http://snomed.info/sct#17203211000001107	790788
http://snomed.info/sct#17203411000001106	http://snomed.info/sct#17203411000001106	527662
http://snomed.info/sct#17203411000001106	http://snomed.info/sct#17203411000001106	790789
http://snomed.info/sct#17217711000001108	http://snomed.info/sct#17217711000001108	527793
http://snomed.info/sct#17217711000001108	http://snomed.info/sct#17217711000001108	790845
http://snomed.info/sct#17217911000001105	http://snomed.info/sct#17217911000001105	527795
http://snomed.info/sct#17217911000001105	http://snomed.info/sct#17217911000001105	790846
http://snomed.info/sct#17482911000001105	http://snomed.info/sct#17482911000001105	530191
http://snomed.info/sct#17482911000001105	http://snomed.info/sct#17482911000001105	791867
http://snomed.info/sct#17514811000001104	http://snomed.info/sct#17514811000001104	530497
http://snomed.info/sct#17514811000001104	http://snomed.info/sct#17514811000001104	792000
http://snomed.info/sct#17515011000001109	http://snomed.info/sct#17515011000001109	530499
http://snomed.info/sct#17515011000001109	http://snomed.info/sct#17515011000001109	792001
http://snomed.info/sct#17515311000001107	http://snomed.info/sct#17515311000001107	530502
http://snomed.info/sct#17515311000001107	http://snomed.info/sct#17515311000001107	792002
http://snomed.info/sct#17571811000001105	http://snomed.info/sct#17571811000001105	531017
http://snomed.info/sct#17571811000001105	http://snomed.info/sct#17571811000001105	792209
http://snomed.info/sct#17588211000001108	http://snomed.info/sct#17588211000001108	531179
http://snomed.info/sct#17588211000001108	http://snomed.info/sct#17588211000001108	792283
http://snomed.info/sct#17598611000001109	http://snomed.info/sct#17598611000001109	531279
http://snomed.info/sct#17598611000001109	http://snomed.info/sct#17598611000001109	792322
http://snomed.info/sct#17598911000001103	http://snomed.info/sct#17598911000001103	531282
http://snomed.info/sct#17598911000001103	http://snomed.info/sct#17598911000001103	792323
http://snomed.info/sct#17599811000001101	http://snomed.info/sct#17599811000001101	531291
http://snomed.info/sct#17599811000001101	http://snomed.info/sct#17599811000001101	792327
http://snomed.info/sct#17631411000001100	http://snomed.info/sct#17631411000001100	531587
http://snomed.info/sct#17631411000001100	http://snomed.info/sct#17631411000001100	720399
http://snomed.info/sct#17631411000001100	http://snomed.info/sct#17603311000001101	531323
http://snomed.info/sct#17631411000001100	http://snomed.info/sct#17603311000001101	792342
http://snomed.info/sct#17631411000001100	http://snomed.info/sct#19468411000001106	548683
http://snomed.info/sct#17631411000001100	http://snomed.info/sct#19468411000001106	799853
http://snomed.info/sct#17631411000001100	http://snomed.info/sct#19669311000001107	550396
http://snomed.info/sct#17631411000001100	http://snomed.info/sct#19669311000001107	800483
http://snomed.info/sct#17631411000001100	http://snomed.info/sct#21347711000001105	565742
http://snomed.info/sct#17631411000001100	http://snomed.info/sct#21347711000001105	806479
http://snomed.info/sct#17631411000001100	http://snomed.info/sct#21976711000001102	571430
http://snomed.info/sct#17631411000001100	http://snomed.info/sct#21976711000001102	808749
http://snomed.info/sct#17631411000001100	http://snomed.info/sct#23975011000001104	589710
http://snomed.info/sct#17631411000001100	http://snomed.info/sct#23975011000001104	816492
http://snomed.info/sct#17631411000001100	http://snomed.info/sct#24529311000001108	594813
http://snomed.info/sct#17631411000001100	http://snomed.info/sct#24529311000001108	818680
http://snomed.info/sct#17631411000001100	http://snomed.info/sct#29858311000001103	644659
http://snomed.info/sct#17631411000001100	http://snomed.info/sct#29858311000001103	843234
http://snomed.info/sct#17631411000001100	http://snomed.info/sct#29869111000001103	644751
http://snomed.info/sct#17631411000001100	http://snomed.info/sct#29869111000001103	843269
http://snomed.info/sct#17631411000001100	http://snomed.info/sct#33665211000001103	679918
http://snomed.info/sct#17631411000001100	http://snomed.info/sct#33665211000001103	860227
http://snomed.info/sct#17631411000001100	http://snomed.info/sct#33694311000001109	680164
http://snomed.info/sct#17631411000001100	http://snomed.info/sct#33694311000001109	860300
http://snomed.info/sct#17631411000001100	http://snomed.info/sct#38891411000001106	2816066
http://snomed.info/sct#17631411000001100	http://snomed.info/sct#41146811000001109	3055472
http://snomed.info/sct#17631411000001100	http://snomed.info/sct#42092711000001101	3239197
http://snomed.info/sct#17603311000001101	http://snomed.info/sct#17603311000001101	531323
http://snomed.info/sct#17603311000001101	http://snomed.info/sct#17603311000001101	792342
http://snomed.info/sct#17631311000001107	http://snomed.info/sct#17631311000001107	531586
http://snomed.info/sct#17631311000001107	http://snomed.info/sct#17631311000001107	720398
http://snomed.info/sct#17631311000001107	http://snomed.info/sct#17603611000001106	531326
http://snomed.info/sct#17631311000001107	http://snomed.info/sct#17603611000001106	792343
http://snomed.info/sct#17631311000001107	http://snomed.info/sct#19468611000001109	548685
http://snomed.info/sct#17631311000001107	http://snomed.info/sct#19468611000001109	799854
http://snomed.info/sct#17631311000001107	http://snomed.info/sct#19669111000001105	550394
http://snomed.info/sct#17631311000001107	http://snomed.info/sct#19669111000001105	800482
http://snomed.info/sct#17631311000001107	http://snomed.info/sct#21347511000001100	565740
http://snomed.info/sct#17631311000001107	http://snomed.info/sct#21347511000001100	806478
http://snomed.info/sct#17631311000001107	http://snomed.info/sct#21976411000001108	571427
http://snomed.info/sct#17631311000001107	http://snomed.info/sct#21976411000001108	808748
http://snomed.info/sct#17631311000001107	http://snomed.info/sct#23974711000001101	589707
http://snomed.info/sct#17631311000001107	http://snomed.info/sct#23974711000001101	816491
http://snomed.info/sct#17631311000001107	http://snomed.info/sct#24529111000001106	594811
http://snomed.info/sct#17631311000001107	http://snomed.info/sct#24529111000001106	818679
http://snomed.info/sct#17631311000001107	http://snomed.info/sct#29857511000001105	644651
http://snomed.info/sct#17631311000001107	http://snomed.info/sct#29857511000001105	843229
http://snomed.info/sct#17631311000001107	http://snomed.info/sct#29868911000001108	644749
http://snomed.info/sct#17631311000001107	http://snomed.info/sct#29868911000001108	843268
http://snomed.info/sct#17631311000001107	http://snomed.info/sct#30126411000001101	646924
http://snomed.info/sct#17631311000001107	http://snomed.info/sct#30126411000001101	844262
http://snomed.info/sct#17631311000001107	http://snomed.info/sct#33664711000001106	679916
http://snomed.info/sct#17631311000001107	http://snomed.info/sct#33664711000001106	860226
http://snomed.info/sct#17631311000001107	http://snomed.info/sct#33694511000001103	680166
http://snomed.info/sct#17631311000001107	http://snomed.info/sct#33694511000001103	860301
http://snomed.info/sct#17631311000001107	http://snomed.info/sct#35585411000001101	697255
http://snomed.info/sct#17631311000001107	http://snomed.info/sct#35585411000001101	867303
http://snomed.info/sct#17631311000001107	http://snomed.info/sct#38891211000001107	2789279
http://snomed.info/sct#17631311000001107	http://snomed.info/sct#40590411000001102	3010494
http://snomed.info/sct#17631311000001107	http://snomed.info/sct#41115511000001109	3064590
http://snomed.info/sct#17631311000001107	http://snomed.info/sct#41260611000001103	3221780
http://snomed.info/sct#17631311000001107	http://snomed.info/sct#42092511000001106	3232806
http://snomed.info/sct#17603611000001106	http://snomed.info/sct#17603611000001106	531326
http://snomed.info/sct#17603611000001106	http://snomed.info/sct#17603611000001106	792343
http://snomed.info/sct#17618511000001101	http://snomed.info/sct#17618511000001101	531472
http://snomed.info/sct#17618511000001101	http://snomed.info/sct#17618511000001101	792403
http://snomed.info/sct#17618711000001106	http://snomed.info/sct#17618711000001106	531474
http://snomed.info/sct#17618711000001106	http://snomed.info/sct#17618711000001106	792404
http://snomed.info/sct#17661311000001101	http://snomed.info/sct#17661311000001101	531853
http://snomed.info/sct#17661311000001101	http://snomed.info/sct#17661311000001101	792528
http://snomed.info/sct#17661511000001107	http://snomed.info/sct#17661511000001107	531855
http://snomed.info/sct#17661511000001107	http://snomed.info/sct#17661511000001107	792529
http://snomed.info/sct#17934911000001105	http://snomed.info/sct#17934911000001105	534444
http://snomed.info/sct#17934911000001105	http://snomed.info/sct#17934911000001105	793732
http://snomed.info/sct#17935111000001106	http://snomed.info/sct#17935111000001106	534446
http://snomed.info/sct#17935111000001106	http://snomed.info/sct#17935111000001106	793733
http://snomed.info/sct#17947811000001105	http://snomed.info/sct#17947811000001105	534571
http://snomed.info/sct#17947811000001105	http://snomed.info/sct#17947811000001105	793791
http://snomed.info/sct#17947911000001100	http://snomed.info/sct#17947911000001100	534572
http://snomed.info/sct#17947911000001100	http://snomed.info/sct#17947911000001100	793792
http://snomed.info/sct#17948011000001103	http://snomed.info/sct#17948011000001103	534573
http://snomed.info/sct#17948011000001103	http://snomed.info/sct#17948011000001103	793793
http://snomed.info/sct#17948111000001102	http://snomed.info/sct#17948111000001102	534574
http://snomed.info/sct#17948111000001102	http://snomed.info/sct#17948111000001102	793794
http://snomed.info/sct#17948211000001108	http://snomed.info/sct#17948211000001108	534575
http://snomed.info/sct#17948211000001108	http://snomed.info/sct#17948211000001108	793795
http://snomed.info/sct#17948311000001100	http://snomed.info/sct#17948311000001100	534576
http://snomed.info/sct#17948311000001100	http://snomed.info/sct#17948311000001100	793796
http://snomed.info/sct#17951911000001106	http://snomed.info/sct#17951911000001106	534610
http://snomed.info/sct#17951911000001106	http://snomed.info/sct#17951911000001106	793809
http://snomed.info/sct#17952111000001103	http://snomed.info/sct#17952111000001103	534612
http://snomed.info/sct#17952111000001103	http://snomed.info/sct#17952111000001103	793810
http://snomed.info/sct#17958211000001106	http://snomed.info/sct#17958211000001106	534666
http://snomed.info/sct#17958211000001106	http://snomed.info/sct#17958211000001106	793834
http://snomed.info/sct#17958411000001105	http://snomed.info/sct#17958411000001105	534668
http://snomed.info/sct#17958411000001105	http://snomed.info/sct#17958411000001105	793835
http://snomed.info/sct#17973511000001103	http://snomed.info/sct#17973511000001103	534815
http://snomed.info/sct#17973511000001103	http://snomed.info/sct#17973511000001103	793899
http://snomed.info/sct#17973711000001108	http://snomed.info/sct#17973711000001108	534817
http://snomed.info/sct#17973711000001108	http://snomed.info/sct#17973711000001108	793900
http://snomed.info/sct#18165811000001102	http://snomed.info/sct#18165811000001102	536499
http://snomed.info/sct#18165811000001102	http://snomed.info/sct#18165811000001102	794578
http://snomed.info/sct#18176911000001105	http://snomed.info/sct#18176911000001105	536601
http://snomed.info/sct#18176911000001105	http://snomed.info/sct#18176911000001105	794617
http://snomed.info/sct#18276611000001102	http://snomed.info/sct#18276611000001102	537550
http://snomed.info/sct#18276611000001102	http://snomed.info/sct#18276611000001102	795050
http://snomed.info/sct#18478011000001109	http://snomed.info/sct#18478011000001109	539388
http://snomed.info/sct#18478011000001109	http://snomed.info/sct#18478011000001109	795872
http://snomed.info/sct#18478211000001104	http://snomed.info/sct#18478211000001104	539390
http://snomed.info/sct#18478211000001104	http://snomed.info/sct#18478211000001104	795873
http://snomed.info/sct#18494311000001108	http://snomed.info/sct#18494311000001108	539540
http://snomed.info/sct#18494311000001108	http://snomed.info/sct#18494311000001108	795931
http://snomed.info/sct#18494511000001102	http://snomed.info/sct#18494511000001102	539542
http://snomed.info/sct#18494511000001102	http://snomed.info/sct#18494511000001102	795932
http://snomed.info/sct#18494711000001107	http://snomed.info/sct#18494711000001107	539544
http://snomed.info/sct#18494711000001107	http://snomed.info/sct#18494711000001107	795933
http://snomed.info/sct#18494911000001109	http://snomed.info/sct#18494911000001109	539546
http://snomed.info/sct#18494911000001109	http://snomed.info/sct#18494911000001109	795934
http://snomed.info/sct#18503211000001105	http://snomed.info/sct#18503211000001105	539614
http://snomed.info/sct#18503211000001105	http://snomed.info/sct#18503211000001105	795958
http://snomed.info/sct#18503311000001102	http://snomed.info/sct#18503311000001102	539615
http://snomed.info/sct#18503311000001102	http://snomed.info/sct#18503311000001102	795959
http://snomed.info/sct#18503411000001109	http://snomed.info/sct#18503411000001109	539616
http://snomed.info/sct#18503411000001109	http://snomed.info/sct#18503411000001109	795960
http://snomed.info/sct#18520011000001104	http://snomed.info/sct#18520011000001104	539771
http://snomed.info/sct#18520011000001104	http://snomed.info/sct#18520011000001104	720684
http://snomed.info/sct#18520011000001104	http://snomed.info/sct#18516611000001104	539737
http://snomed.info/sct#18520011000001104	http://snomed.info/sct#18516611000001104	796009
http://snomed.info/sct#18516611000001104	http://snomed.info/sct#18516611000001104	539737
http://snomed.info/sct#18516611000001104	http://snomed.info/sct#18516611000001104	796009
http://snomed.info/sct#18520111000001103	http://snomed.info/sct#18520111000001103	539772
http://snomed.info/sct#18520111000001103	http://snomed.info/sct#18520111000001103	720685
http://snomed.info/sct#18520111000001103	http://snomed.info/sct#18516911000001105	539740
http://snomed.info/sct#18520111000001103	http://snomed.info/sct#18516911000001105	796010
http://snomed.info/sct#18516911000001105	http://snomed.info/sct#18516911000001105	539740
http://snomed.info/sct#18516911000001105	http://snomed.info/sct#18516911000001105	796010
http://snomed.info/sct#18681511000001102	http://snomed.info/sct#18681511000001102	541212
http://snomed.info/sct#18681511000001102	http://snomed.info/sct#18681511000001102	796556
http://snomed.info/sct#18681711000001107	http://snomed.info/sct#18681711000001107	541214
http://snomed.info/sct#18681711000001107	http://snomed.info/sct#18681711000001107	796557
http://snomed.info/sct#19468411000001106	http://snomed.info/sct#19468411000001106	548683
http://snomed.info/sct#19468411000001106	http://snomed.info/sct#19468411000001106	799853
http://snomed.info/sct#19468611000001109	http://snomed.info/sct#19468611000001109	548685
http://snomed.info/sct#19468611000001109	http://snomed.info/sct#19468611000001109	799854
http://snomed.info/sct#19510711000001108	http://snomed.info/sct#19510711000001108	549011
http://snomed.info/sct#19510711000001108	http://snomed.info/sct#19510711000001108	799967
http://snomed.info/sct#19511111000001101	http://snomed.info/sct#19511111000001101	549015
http://snomed.info/sct#19511111000001101	http://snomed.info/sct#19511111000001101	799970
http://snomed.info/sct#19511411000001106	http://snomed.info/sct#19511411000001106	549018
http://snomed.info/sct#19511411000001106	http://snomed.info/sct#19511411000001106	799971
http://snomed.info/sct#19629111000001102	http://snomed.info/sct#19629111000001102	550015
http://snomed.info/sct#19629111000001102	http://snomed.info/sct#19629111000001102	800296
http://snomed.info/sct#19630711000001106	http://snomed.info/sct#19630711000001106	550025
http://snomed.info/sct#19630711000001106	http://snomed.info/sct#19630711000001106	800298
http://snomed.info/sct#19669111000001105	http://snomed.info/sct#19669111000001105	550394
http://snomed.info/sct#19669111000001105	http://snomed.info/sct#19669111000001105	800482
http://snomed.info/sct#19669311000001107	http://snomed.info/sct#19669311000001107	550396
http://snomed.info/sct#19669311000001107	http://snomed.info/sct#19669311000001107	800483
http://snomed.info/sct#19675711000001104	http://snomed.info/sct#19675711000001104	550458
http://snomed.info/sct#19675711000001104	http://snomed.info/sct#19675711000001104	800508
http://snomed.info/sct#19675911000001102	http://snomed.info/sct#19675911000001102	550460
http://snomed.info/sct#19675911000001102	http://snomed.info/sct#19675911000001102	800509
http://snomed.info/sct#19697211000001107	http://snomed.info/sct#19697211000001107	550644
http://snomed.info/sct#19697211000001107	http://snomed.info/sct#19697211000001107	800564
http://snomed.info/sct#19720111000001100	http://snomed.info/sct#19720111000001100	550852
http://snomed.info/sct#19720111000001100	http://snomed.info/sct#19720111000001100	800654
http://snomed.info/sct#19858711000001100	http://snomed.info/sct#19858711000001100	552087
http://snomed.info/sct#19858711000001100	http://snomed.info/sct#19858711000001100	801146
http://snomed.info/sct#19967111000001100	http://snomed.info/sct#19967111000001100	552858
http://snomed.info/sct#19967111000001100	http://snomed.info/sct#19967111000001100	801423
http://snomed.info/sct#19967311000001103	http://snomed.info/sct#19967311000001103	552860
http://snomed.info/sct#19967311000001103	http://snomed.info/sct#19967311000001103	801424
http://snomed.info/sct#19967511000001109	http://snomed.info/sct#19967511000001109	552862
http://snomed.info/sct#19967511000001109	http://snomed.info/sct#19967511000001109	801425
http://snomed.info/sct#19967711000001104	http://snomed.info/sct#19967711000001104	552864
http://snomed.info/sct#19967711000001104	http://snomed.info/sct#19967711000001104	801426
http://snomed.info/sct#19968011000001100	http://snomed.info/sct#19968011000001100	552867
http://snomed.info/sct#19968011000001100	http://snomed.info/sct#19968011000001100	801427
http://snomed.info/sct#20101411000001102	http://snomed.info/sct#20101411000001102	554138
http://snomed.info/sct#20101411000001102	http://snomed.info/sct#20101411000001102	801887
http://snomed.info/sct#20101811000001100	http://snomed.info/sct#20101811000001100	554142
http://snomed.info/sct#20101811000001100	http://snomed.info/sct#20101811000001100	801889
http://snomed.info/sct#20318611000001102	http://snomed.info/sct#20318611000001102	556185
http://snomed.info/sct#20318611000001102	http://snomed.info/sct#20318611000001102	802671
http://snomed.info/sct#20372111000001102	http://snomed.info/sct#20372111000001102	556660
http://snomed.info/sct#20372111000001102	http://snomed.info/sct#20372111000001102	802879
http://snomed.info/sct#20552311000001104	http://snomed.info/sct#20552311000001104	558361
http://snomed.info/sct#20552311000001104	http://snomed.info/sct#20552311000001104	803403
http://snomed.info/sct#20947311000001106	http://snomed.info/sct#20947311000001106	562165
http://snomed.info/sct#20947311000001106	http://snomed.info/sct#20947311000001106	805154
http://snomed.info/sct#20947511000001100	http://snomed.info/sct#20947511000001100	562167
http://snomed.info/sct#20947511000001100	http://snomed.info/sct#20947511000001100	805155
http://snomed.info/sct#21304911000001105	http://snomed.info/sct#21304911000001105	565365
http://snomed.info/sct#21304911000001105	http://snomed.info/sct#21304911000001105	806338
http://snomed.info/sct#21347511000001100	http://snomed.info/sct#21347511000001100	565740
http://snomed.info/sct#21347511000001100	http://snomed.info/sct#21347511000001100	806478
http://snomed.info/sct#21347711000001105	http://snomed.info/sct#21347711000001105	565742
http://snomed.info/sct#21347711000001105	http://snomed.info/sct#21347711000001105	806479
http://snomed.info/sct#21507211000001106	http://snomed.info/sct#21507211000001106	567222
http://snomed.info/sct#21507211000001106	http://snomed.info/sct#21507211000001106	807106
http://snomed.info/sct#21548611000001100	http://snomed.info/sct#21548611000001100	567590
http://snomed.info/sct#21548611000001100	http://snomed.info/sct#21548611000001100	807221
http://snomed.info/sct#21548811000001101	http://snomed.info/sct#21548811000001101	567592
http://snomed.info/sct#21548811000001101	http://snomed.info/sct#21548811000001101	807222
http://snomed.info/sct#21553411000001106	http://snomed.info/sct#21553411000001106	567635
http://snomed.info/sct#21553411000001106	http://snomed.info/sct#21553411000001106	807244
http://snomed.info/sct#21553611000001109	http://snomed.info/sct#21553611000001109	567637
http://snomed.info/sct#21553611000001109	http://snomed.info/sct#21553611000001109	807245
http://snomed.info/sct#21554211000001105	http://snomed.info/sct#21554211000001105	567641
http://snomed.info/sct#21554211000001105	http://snomed.info/sct#21554211000001105	807247
http://snomed.info/sct#21554411000001109	http://snomed.info/sct#21554411000001109	567643
http://snomed.info/sct#21554411000001109	http://snomed.info/sct#21554411000001109	807248
http://snomed.info/sct#21661511000001108	http://snomed.info/sct#21661511000001108	568624
http://snomed.info/sct#21661511000001108	http://snomed.info/sct#21661511000001108	807614
http://snomed.info/sct#21661711000001103	http://snomed.info/sct#21661711000001103	568626
http://snomed.info/sct#21661711000001103	http://snomed.info/sct#21661711000001103	807615
http://snomed.info/sct#21662511000001100	http://snomed.info/sct#21662511000001100	568634
http://snomed.info/sct#21662511000001100	http://snomed.info/sct#21662511000001100	807617
http://snomed.info/sct#21663211000001109	http://snomed.info/sct#21663211000001109	568641
http://snomed.info/sct#21663211000001109	http://snomed.info/sct#21663211000001109	807619
http://snomed.info/sct#21684811000001105	http://snomed.info/sct#21684811000001105	568838
http://snomed.info/sct#21684811000001105	http://snomed.info/sct#21684811000001105	807679
http://snomed.info/sct#21686311000001107	http://snomed.info/sct#21686311000001107	568853
http://snomed.info/sct#21686311000001107	http://snomed.info/sct#21686311000001107	807683
http://snomed.info/sct#21733711000001100	http://snomed.info/sct#21733711000001100	569242
http://snomed.info/sct#21733711000001100	http://snomed.info/sct#21733711000001100	807813
http://snomed.info/sct#21734011000001100	http://snomed.info/sct#21734011000001100	569244
http://snomed.info/sct#21734011000001100	http://snomed.info/sct#21734011000001100	807814
http://snomed.info/sct#21824711000001103	http://snomed.info/sct#21824711000001103	570075
http://snomed.info/sct#21824711000001103	http://snomed.info/sct#21824711000001103	808178
http://snomed.info/sct#21824911000001101	http://snomed.info/sct#21824911000001101	570077
http://snomed.info/sct#21824911000001101	http://snomed.info/sct#21824911000001101	808179
http://snomed.info/sct#21825211000001106	http://snomed.info/sct#21825211000001106	570080
http://snomed.info/sct#21825211000001106	http://snomed.info/sct#21825211000001106	808181
http://snomed.info/sct#21825611000001108	http://snomed.info/sct#21825611000001108	570084
http://snomed.info/sct#21825611000001108	http://snomed.info/sct#21825611000001108	808182
http://snomed.info/sct#21825811000001107	http://snomed.info/sct#21825811000001107	570086
http://snomed.info/sct#21825811000001107	http://snomed.info/sct#21825811000001107	808183
http://snomed.info/sct#21826211000001100	http://snomed.info/sct#21826211000001100	570090
http://snomed.info/sct#21826211000001100	http://snomed.info/sct#21826211000001100	808185
http://snomed.info/sct#21834611000001105	http://snomed.info/sct#21834611000001105	570168
http://snomed.info/sct#21834611000001105	http://snomed.info/sct#21834611000001105	808221
http://snomed.info/sct#21835111000001103	http://snomed.info/sct#21835111000001103	570173
http://snomed.info/sct#21835111000001103	http://snomed.info/sct#21835111000001103	808223
http://snomed.info/sct#21877311000001107	http://snomed.info/sct#21877311000001107	570532
http://snomed.info/sct#21877311000001107	http://snomed.info/sct#21877311000001107	808363
http://snomed.info/sct#21877511000001101	http://snomed.info/sct#21877511000001101	570534
http://snomed.info/sct#21877511000001101	http://snomed.info/sct#21877511000001101	808364
http://snomed.info/sct#21976411000001108	http://snomed.info/sct#21976411000001108	571427
http://snomed.info/sct#21976411000001108	http://snomed.info/sct#21976411000001108	808748
http://snomed.info/sct#21976711000001102	http://snomed.info/sct#21976711000001102	571430
http://snomed.info/sct#21976711000001102	http://snomed.info/sct#21976711000001102	808749
http://snomed.info/sct#21977111000001100	http://snomed.info/sct#21977111000001100	571434
http://snomed.info/sct#21977111000001100	http://snomed.info/sct#21977111000001100	808751
http://snomed.info/sct#21977311000001103	http://snomed.info/sct#21977311000001103	571436
http://snomed.info/sct#21977311000001103	http://snomed.info/sct#21977311000001103	808752
http://snomed.info/sct#21993411000001105	http://snomed.info/sct#21993411000001105	571590
http://snomed.info/sct#21993411000001105	http://snomed.info/sct#21993411000001105	808827
http://snomed.info/sct#22060911000001103	http://snomed.info/sct#22060911000001103	572223
http://snomed.info/sct#22060911000001103	http://snomed.info/sct#22060911000001103	809109
http://snomed.info/sct#22061311000001109	http://snomed.info/sct#22061311000001109	572227
http://snomed.info/sct#22061311000001109	http://snomed.info/sct#22061311000001109	809111
http://snomed.info/sct#22102211000001101	http://snomed.info/sct#22102211000001101	572593
http://snomed.info/sct#22102211000001101	http://snomed.info/sct#22102211000001101	809258
http://snomed.info/sct#22102511000001103	http://snomed.info/sct#22102511000001103	572596
http://snomed.info/sct#22102511000001103	http://snomed.info/sct#22102511000001103	809259
http://snomed.info/sct#22380011000001104	http://snomed.info/sct#22380011000001104	575138
http://snomed.info/sct#22380011000001104	http://snomed.info/sct#22380011000001104	810206
http://snomed.info/sct#22380211000001109	http://snomed.info/sct#22380211000001109	575140
http://snomed.info/sct#22380211000001109	http://snomed.info/sct#22380211000001109	810207
http://snomed.info/sct#22428411000001109	http://snomed.info/sct#22428411000001109	575561
http://snomed.info/sct#22428411000001109	http://snomed.info/sct#22428411000001109	810329
http://snomed.info/sct#22428611000001107	http://snomed.info/sct#22428611000001107	575563
http://snomed.info/sct#22428611000001107	http://snomed.info/sct#22428611000001107	810330
http://snomed.info/sct#22649211000001101	http://snomed.info/sct#22649211000001101	577467
http://snomed.info/sct#22649211000001101	http://snomed.info/sct#22649211000001101	810994
http://snomed.info/sct#22672811000001106	http://snomed.info/sct#22672811000001106	577667
http://snomed.info/sct#22672811000001106	http://snomed.info/sct#22672811000001106	811046
http://snomed.info/sct#22673011000001109	http://snomed.info/sct#22673011000001109	577669
http://snomed.info/sct#22673011000001109	http://snomed.info/sct#22673011000001109	811047
http://snomed.info/sct#22680211000001102	http://snomed.info/sct#22680211000001102	577731
http://snomed.info/sct#22680211000001102	http://snomed.info/sct#22680211000001102	811064
http://snomed.info/sct#22680411000001103	http://snomed.info/sct#22680411000001103	577733
http://snomed.info/sct#22680411000001103	http://snomed.info/sct#22680411000001103	811065
http://snomed.info/sct#22808511000001108	http://snomed.info/sct#22808511000001108	578858
http://snomed.info/sct#22808511000001108	http://snomed.info/sct#22808511000001108	811455
http://snomed.info/sct#22809711000001107	http://snomed.info/sct#22809711000001107	578868
http://snomed.info/sct#22809711000001107	http://snomed.info/sct#22809711000001107	811460
http://snomed.info/sct#22834311000001101	http://snomed.info/sct#22834311000001101	579097
http://snomed.info/sct#22834311000001101	http://snomed.info/sct#22834311000001101	811571
http://snomed.info/sct#23166511000001107	http://snomed.info/sct#23166511000001107	582303
http://snomed.info/sct#23166511000001107	http://snomed.info/sct#23166511000001107	813158
http://snomed.info/sct#23166711000001102	http://snomed.info/sct#23166711000001102	582305
http://snomed.info/sct#23166711000001102	http://snomed.info/sct#23166711000001102	813159
http://snomed.info/sct#23218111000001103	http://snomed.info/sct#23218111000001103	582799
http://snomed.info/sct#23218111000001103	http://snomed.info/sct#23218111000001103	813406
http://snomed.info/sct#23260911000001101	http://snomed.info/sct#23260911000001101	583207
http://snomed.info/sct#23260911000001101	http://snomed.info/sct#23260911000001101	813613
http://snomed.info/sct#23639311000001100	http://snomed.info/sct#23639311000001100	586576
http://snomed.info/sct#23639311000001100	http://snomed.info/sct#23639311000001100	814999
http://snomed.info/sct#23914611000001100	http://snomed.info/sct#23914611000001100	589213
http://snomed.info/sct#23914611000001100	http://snomed.info/sct#23914611000001100	816267
http://snomed.info/sct#23914811000001101	http://snomed.info/sct#23914811000001101	589215
http://snomed.info/sct#23914811000001101	http://snomed.info/sct#23914811000001101	816268
http://snomed.info/sct#23974711000001101	http://snomed.info/sct#23974711000001101	589707
http://snomed.info/sct#23974711000001101	http://snomed.info/sct#23974711000001101	816491
http://snomed.info/sct#23975011000001104	http://snomed.info/sct#23975011000001104	589710
http://snomed.info/sct#23975011000001104	http://snomed.info/sct#23975011000001104	816492
http://snomed.info/sct#23975411000001108	http://snomed.info/sct#23975411000001108	589714
http://snomed.info/sct#23975411000001108	http://snomed.info/sct#23975411000001108	816494
http://snomed.info/sct#23975711000001102	http://snomed.info/sct#23975711000001102	589717
http://snomed.info/sct#23975711000001102	http://snomed.info/sct#23975711000001102	816495
http://snomed.info/sct#24014611000001108	http://snomed.info/sct#24014611000001108	590058
http://snomed.info/sct#24014611000001108	http://snomed.info/sct#24014611000001108	816616
http://snomed.info/sct#24351311000001108	http://snomed.info/sct#24351311000001108	593208
http://snomed.info/sct#24351311000001108	http://snomed.info/sct#24351311000001108	722803
http://snomed.info/sct#24351311000001108	http://snomed.info/sct#24328911000001104	593008
http://snomed.info/sct#24351311000001108	http://snomed.info/sct#24328911000001104	818006
http://snomed.info/sct#24328911000001104	http://snomed.info/sct#24328911000001104	593008
http://snomed.info/sct#24328911000001104	http://snomed.info/sct#24328911000001104	818006
http://snomed.info/sct#24351411000001101	http://snomed.info/sct#24351411000001101	593209
http://snomed.info/sct#24351411000001101	http://snomed.info/sct#24351411000001101	722804
http://snomed.info/sct#24351411000001101	http://snomed.info/sct#24329411000001104	593013
http://snomed.info/sct#24351411000001101	http://snomed.info/sct#24329411000001104	818008
http://snomed.info/sct#24329411000001104	http://snomed.info/sct#24329411000001104	593013
http://snomed.info/sct#24329411000001104	http://snomed.info/sct#24329411000001104	818008
http://snomed.info/sct#24355211000001102	http://snomed.info/sct#24355211000001102	593245
http://snomed.info/sct#24355211000001102	http://snomed.info/sct#24355211000001102	818126
http://snomed.info/sct#24355411000001103	http://snomed.info/sct#24355411000001103	593247
http://snomed.info/sct#24355411000001103	http://snomed.info/sct#24355411000001103	818127
http://snomed.info/sct#24389311000001101	http://snomed.info/sct#24389311000001101	593560
http://snomed.info/sct#24389311000001101	http://snomed.info/sct#24389311000001101	818271
http://snomed.info/sct#24389511000001107	http://snomed.info/sct#24389511000001107	593562
http://snomed.info/sct#24389511000001107	http://snomed.info/sct#24389511000001107	818272
http://snomed.info/sct#24529111000001106	http://snomed.info/sct#24529111000001106	594811
http://snomed.info/sct#24529111000001106	http://snomed.info/sct#24529111000001106	818679
http://snomed.info/sct#24529311000001108	http://snomed.info/sct#24529311000001108	594813
http://snomed.info/sct#24529311000001108	http://snomed.info/sct#24529311000001108	818680
http://snomed.info/sct#24662211000001107	http://snomed.info/sct#24662211000001107	595871
http://snomed.info/sct#24662211000001107	http://snomed.info/sct#24662211000001107	819076
http://snomed.info/sct#24662911000001103	http://snomed.info/sct#24662911000001103	595877
http://snomed.info/sct#24662911000001103	http://snomed.info/sct#24662911000001103	819079
http://snomed.info/sct#27843011000001102	http://snomed.info/sct#27843011000001102	626300
http://snomed.info/sct#27843011000001102	http://snomed.info/sct#27843011000001102	834219
http://snomed.info/sct#27957311000001103	http://snomed.info/sct#27957311000001103	627364
http://snomed.info/sct#27957311000001103	http://snomed.info/sct#27957311000001103	834690
http://snomed.info/sct#27957511000001109	http://snomed.info/sct#27957511000001109	627366
http://snomed.info/sct#27957511000001109	http://snomed.info/sct#27957511000001109	834691
http://snomed.info/sct#28939811000001109	http://snomed.info/sct#28939811000001109	636279
http://snomed.info/sct#28939811000001109	http://snomed.info/sct#28939811000001109	839087
http://snomed.info/sct#29669711000001105	http://snomed.info/sct#29669711000001105	642969
http://snomed.info/sct#29669711000001105	http://snomed.info/sct#29669711000001105	723479
http://snomed.info/sct#29669711000001105	http://snomed.info/sct#29578511000001106	642179
http://snomed.info/sct#29669711000001105	http://snomed.info/sct#29578511000001106	842097
http://snomed.info/sct#29578511000001106	http://snomed.info/sct#29578511000001106	642179
http://snomed.info/sct#29578511000001106	http://snomed.info/sct#29578511000001106	842097
http://snomed.info/sct#29819111000001102	http://snomed.info/sct#29819111000001102	644301
http://snomed.info/sct#29819111000001102	http://snomed.info/sct#29819111000001102	843084
http://snomed.info/sct#29857511000001105	http://snomed.info/sct#29857511000001105	644651
http://snomed.info/sct#29857511000001105	http://snomed.info/sct#29857511000001105	843229
http://snomed.info/sct#29857911000001103	http://snomed.info/sct#29857911000001103	644655
http://snomed.info/sct#29857911000001103	http://snomed.info/sct#29857911000001103	843231
http://snomed.info/sct#29858111000001100	http://snomed.info/sct#29858111000001100	644657
http://snomed.info/sct#29858111000001100	http://snomed.info/sct#29858111000001100	843233
http://snomed.info/sct#29858311000001103	http://snomed.info/sct#29858311000001103	644659
http://snomed.info/sct#29858311000001103	http://snomed.info/sct#29858311000001103	843234
http://snomed.info/sct#29868911000001108	http://snomed.info/sct#29868911000001108	644749
http://snomed.info/sct#29868911000001108	http://snomed.info/sct#29868911000001108	843268
http://snomed.info/sct#29869111000001103	http://snomed.info/sct#29869111000001103	644751
http://snomed.info/sct#29869111000001103	http://snomed.info/sct#29869111000001103	843269
http://snomed.info/sct#29883611000001106	http://snomed.info/sct#29883611000001106	644884
http://snomed.info/sct#29883611000001106	http://snomed.info/sct#29883611000001106	843329
http://snomed.info/sct#29883811000001105	http://snomed.info/sct#29883811000001105	644886
http://snomed.info/sct#29883811000001105	http://snomed.info/sct#29883811000001105	843330
http://snomed.info/sct#29972411000001102	http://snomed.info/sct#29972411000001102	645655
http://snomed.info/sct#29972411000001102	http://snomed.info/sct#29972411000001102	843642
http://snomed.info/sct#29972811000001100	http://snomed.info/sct#29972811000001100	645658
http://snomed.info/sct#29972811000001100	http://snomed.info/sct#29972811000001100	843643
http://snomed.info/sct#29973011000001102	http://snomed.info/sct#29973011000001102	645660
http://snomed.info/sct#29973011000001102	http://snomed.info/sct#29973011000001102	843644
http://snomed.info/sct#29975411000001105	http://snomed.info/sct#29975411000001105	645681
http://snomed.info/sct#29975411000001105	http://snomed.info/sct#29975411000001105	843655
http://snomed.info/sct#29975611000001108	http://snomed.info/sct#29975611000001108	645683
http://snomed.info/sct#29975611000001108	http://snomed.info/sct#29975611000001108	843656
http://snomed.info/sct#30060811000001100	http://snomed.info/sct#30060811000001100	646337
http://snomed.info/sct#30060811000001100	http://snomed.info/sct#30060811000001100	843972
http://snomed.info/sct#30066711000001106	http://snomed.info/sct#30066711000001106	646386
http://snomed.info/sct#30066711000001106	http://snomed.info/sct#30066711000001106	844000
http://snomed.info/sct#30066911000001108	http://snomed.info/sct#30066911000001108	646388
http://snomed.info/sct#30066911000001108	http://snomed.info/sct#30066911000001108	844001
http://snomed.info/sct#30067011000001107	http://snomed.info/sct#30067011000001107	646389
http://snomed.info/sct#30067011000001107	http://snomed.info/sct#30067011000001107	844002
http://snomed.info/sct#30067311000001105	http://snomed.info/sct#30067311000001105	646392
http://snomed.info/sct#30067311000001105	http://snomed.info/sct#30067311000001105	844004
http://snomed.info/sct#30067511000001104	http://snomed.info/sct#30067511000001104	646394
http://snomed.info/sct#30067511000001104	http://snomed.info/sct#30067511000001104	844005
http://snomed.info/sct#30067711000001109	http://snomed.info/sct#30067711000001109	646396
http://snomed.info/sct#30067711000001109	http://snomed.info/sct#30067711000001109	844006
http://snomed.info/sct#30071411000001100	http://snomed.info/sct#30071411000001100	646433
http://snomed.info/sct#30071411000001100	http://snomed.info/sct#30071411000001100	844025
http://snomed.info/sct#30071611000001102	http://snomed.info/sct#30071611000001102	646435
http://snomed.info/sct#30071611000001102	http://snomed.info/sct#30071611000001102	844026
http://snomed.info/sct#30126411000001101	http://snomed.info/sct#30126411000001101	646924
http://snomed.info/sct#30126411000001101	http://snomed.info/sct#30126411000001101	844262
http://snomed.info/sct#30126611000001103	http://snomed.info/sct#30126611000001103	646926
http://snomed.info/sct#30126611000001103	http://snomed.info/sct#30126611000001103	844263
http://snomed.info/sct#30218411000001108	http://snomed.info/sct#30218411000001108	647765
http://snomed.info/sct#30218411000001108	http://snomed.info/sct#30218411000001108	844712
http://snomed.info/sct#30762311000001105	http://snomed.info/sct#30762311000001105	652980
http://snomed.info/sct#30762311000001105	http://snomed.info/sct#30762311000001105	847374
http://snomed.info/sct#30762511000001104	http://snomed.info/sct#30762511000001104	652982
http://snomed.info/sct#30762511000001104	http://snomed.info/sct#30762511000001104	847375
http://snomed.info/sct#30827911000001100	http://snomed.info/sct#30827911000001100	653551
http://snomed.info/sct#30827911000001100	http://snomed.info/sct#30827911000001100	847610
http://snomed.info/sct#30828411000001107	http://snomed.info/sct#30828411000001107	653553
http://snomed.info/sct#30828411000001107	http://snomed.info/sct#30828411000001107	847612
http://snomed.info/sct#30843811000001102	http://snomed.info/sct#30843811000001102	653700
http://snomed.info/sct#30843811000001102	http://snomed.info/sct#30843811000001102	847667
http://snomed.info/sct#30844011000001105	http://snomed.info/sct#30844011000001105	653702
http://snomed.info/sct#30844011000001105	http://snomed.info/sct#30844011000001105	847668
http://snomed.info/sct#31062811000001107	http://snomed.info/sct#31062811000001107	655624
http://snomed.info/sct#31062811000001107	http://snomed.info/sct#31062811000001107	848505
http://snomed.info/sct#31685111000001103	http://snomed.info/sct#31685111000001103	661428
http://snomed.info/sct#31685111000001103	http://snomed.info/sct#31685111000001103	851377
http://snomed.info/sct#32412011000001109	http://snomed.info/sct#32412011000001109	668380
http://snomed.info/sct#32412011000001109	http://snomed.info/sct#32412011000001109	855027
http://snomed.info/sct#32412211000001104	http://snomed.info/sct#32412211000001104	668382
http://snomed.info/sct#32412211000001104	http://snomed.info/sct#32412211000001104	855028
http://snomed.info/sct#32440211000001109	http://snomed.info/sct#32440211000001109	668634
http://snomed.info/sct#32440211000001109	http://snomed.info/sct#32440211000001109	855136
http://snomed.info/sct#32440511000001107	http://snomed.info/sct#32440511000001107	668637
http://snomed.info/sct#32440511000001107	http://snomed.info/sct#32440511000001107	855138
http://snomed.info/sct#32441811000001102	http://snomed.info/sct#32441811000001102	668650
http://snomed.info/sct#32441811000001102	http://snomed.info/sct#32441811000001102	855142
http://snomed.info/sct#32442111000001104	http://snomed.info/sct#32442111000001104	668653
http://snomed.info/sct#32442111000001104	http://snomed.info/sct#32442111000001104	855143
http://snomed.info/sct#32442411000001109	http://snomed.info/sct#32442411000001109	668656
http://snomed.info/sct#32442411000001109	http://snomed.info/sct#32442411000001109	855144
http://snomed.info/sct#32492411000001104	http://snomed.info/sct#32492411000001104	669079
http://snomed.info/sct#32492411000001104	http://snomed.info/sct#32492411000001104	855320
http://snomed.info/sct#32492611000001101	http://snomed.info/sct#32492611000001101	669081
http://snomed.info/sct#32492611000001101	http://snomed.info/sct#32492611000001101	855321
http://snomed.info/sct#32556611000001103	http://snomed.info/sct#32556611000001103	669673
http://snomed.info/sct#32556611000001103	http://snomed.info/sct#32556611000001103	855600
http://snomed.info/sct#32557811000001102	http://snomed.info/sct#32557811000001102	669685
http://snomed.info/sct#32557811000001102	http://snomed.info/sct#32557811000001102	855604
http://snomed.info/sct#32558611000001102	http://snomed.info/sct#32558611000001102	669693
http://snomed.info/sct#32558611000001102	http://snomed.info/sct#32558611000001102	855607
http://snomed.info/sct#32750211000001103	http://snomed.info/sct#32750211000001103	671465
http://snomed.info/sct#32750211000001103	http://snomed.info/sct#32750211000001103	726762
http://snomed.info/sct#32750211000001103	http://snomed.info/sct#32707511000001105	671052
http://snomed.info/sct#32750211000001103	http://snomed.info/sct#32707511000001105	856184
http://snomed.info/sct#32707511000001105	http://snomed.info/sct#32707511000001105	671052
http://snomed.info/sct#32707511000001105	http://snomed.info/sct#32707511000001105	856184
http://snomed.info/sct#32807211000001105	http://snomed.info/sct#32807211000001105	671940
http://snomed.info/sct#32807211000001105	http://snomed.info/sct#32807211000001105	856573
http://snomed.info/sct#32877811000001103	http://snomed.info/sct#32877811000001103	672586
http://snomed.info/sct#32877811000001103	http://snomed.info/sct#32877811000001103	726893
http://snomed.info/sct#32877811000001103	http://snomed.info/sct#32875011000001102	672559
http://snomed.info/sct#32877811000001103	http://snomed.info/sct#32875011000001102	856840
http://snomed.info/sct#32875011000001102	http://snomed.info/sct#32875011000001102	672559
http://snomed.info/sct#32875011000001102	http://snomed.info/sct#32875011000001102	856840
http://snomed.info/sct#33432211000001102	http://snomed.info/sct#33432211000001102	677781
http://snomed.info/sct#33432211000001102	http://snomed.info/sct#33432211000001102	859357
http://snomed.info/sct#33569211000001105	http://snomed.info/sct#33569211000001105	679046
http://snomed.info/sct#33569211000001105	http://snomed.info/sct#33569211000001105	859859
http://snomed.info/sct#33591711000001100	http://snomed.info/sct#33591711000001100	679246
http://snomed.info/sct#33591711000001100	http://snomed.info/sct#33591711000001100	859945
http://snomed.info/sct#33591911000001103	http://snomed.info/sct#33591911000001103	679248
http://snomed.info/sct#33591911000001103	http://snomed.info/sct#33591911000001103	859946
http://snomed.info/sct#33612211000001109	http://snomed.info/sct#33612211000001109	679437
http://snomed.info/sct#33612211000001109	http://snomed.info/sct#33612211000001109	860022
http://snomed.info/sct#33612411000001108	http://snomed.info/sct#33612411000001108	679439
http://snomed.info/sct#33612411000001108	http://snomed.info/sct#33612411000001108	860023
http://snomed.info/sct#33664711000001106	http://snomed.info/sct#33664711000001106	679916
http://snomed.info/sct#33664711000001106	http://snomed.info/sct#33664711000001106	860226
http://snomed.info/sct#33665211000001103	http://snomed.info/sct#33665211000001103	679918
http://snomed.info/sct#33665211000001103	http://snomed.info/sct#33665211000001103	860227
http://snomed.info/sct#33694311000001109	http://snomed.info/sct#33694311000001109	680164
http://snomed.info/sct#33694311000001109	http://snomed.info/sct#33694311000001109	860300
http://snomed.info/sct#33694511000001103	http://snomed.info/sct#33694511000001103	680166
http://snomed.info/sct#33694511000001103	http://snomed.info/sct#33694511000001103	860301
http://snomed.info/sct#34665111000001107	http://snomed.info/sct#34665111000001107	689071
http://snomed.info/sct#34665111000001107	http://snomed.info/sct#34665111000001107	728749
http://snomed.info/sct#34665111000001107	http://snomed.info/sct#34651511000001108	688942
http://snomed.info/sct#34665111000001107	http://snomed.info/sct#34651511000001108	864185
http://snomed.info/sct#34651511000001108	http://snomed.info/sct#34651511000001108	688942
http://snomed.info/sct#34651511000001108	http://snomed.info/sct#34651511000001108	864185
http://snomed.info/sct#34683711000001105	http://snomed.info/sct#34683711000001105	689237
http://snomed.info/sct#34683711000001105	http://snomed.info/sct#34683711000001105	728781
http://snomed.info/sct#34683711000001105	http://snomed.info/sct#34675111000001104	689158
http://snomed.info/sct#34683711000001105	http://snomed.info/sct#34675111000001104	864264
http://snomed.info/sct#34675111000001104	http://snomed.info/sct#34675111000001104	689158
http://snomed.info/sct#34675111000001104	http://snomed.info/sct#34675111000001104	864264
http://snomed.info/sct#34683811000001102	http://snomed.info/sct#34683811000001102	689238
http://snomed.info/sct#34683811000001102	http://snomed.info/sct#34683811000001102	728782
http://snomed.info/sct#34683811000001102	http://snomed.info/sct#34675411000001109	689161
http://snomed.info/sct#34683811000001102	http://snomed.info/sct#34675411000001109	864265
http://snomed.info/sct#34675411000001109	http://snomed.info/sct#34675411000001109	689161
http://snomed.info/sct#34675411000001109	http://snomed.info/sct#34675411000001109	864265
http://snomed.info/sct#34752611000001109	http://snomed.info/sct#34752611000001109	689834
http://snomed.info/sct#34752611000001109	http://snomed.info/sct#34752611000001109	864541
http://snomed.info/sct#34754811000001102	http://snomed.info/sct#34754811000001102	689856
http://snomed.info/sct#34754811000001102	http://snomed.info/sct#34754811000001102	864551
http://snomed.info/sct#34755011000001107	http://snomed.info/sct#34755011000001107	689858
http://snomed.info/sct#34755011000001107	http://snomed.info/sct#34755011000001107	864552
http://snomed.info/sct#35174611000001102	http://snomed.info/sct#35174611000001102	693504
http://snomed.info/sct#35174611000001102	http://snomed.info/sct#35174611000001102	865848
http://snomed.info/sct#35174811000001103	http://snomed.info/sct#35174811000001103	693506
http://snomed.info/sct#35174811000001103	http://snomed.info/sct#35174811000001103	865849
http://snomed.info/sct#35246211000001105	http://snomed.info/sct#35246211000001105	694156
http://snomed.info/sct#35246211000001105	http://snomed.info/sct#35246211000001105	866103
http://snomed.info/sct#35246411000001109	http://snomed.info/sct#35246411000001109	694158
http://snomed.info/sct#35246411000001109	http://snomed.info/sct#35246411000001109	866104
http://snomed.info/sct#35247411000001106	http://snomed.info/sct#35247411000001106	694168
http://snomed.info/sct#35247411000001106	http://snomed.info/sct#35247411000001106	866109
http://snomed.info/sct#35585411000001101	http://snomed.info/sct#35585411000001101	697255
http://snomed.info/sct#35585411000001101	http://snomed.info/sct#35585411000001101	867303
http://snomed.info/sct#35611111000001101	http://snomed.info/sct#35611111000001101	697495
http://snomed.info/sct#35611111000001101	http://snomed.info/sct#35611111000001101	729894
http://snomed.info/sct#35611111000001101	http://snomed.info/sct#35603211000001108	697425
http://snomed.info/sct#35611111000001101	http://snomed.info/sct#35603211000001108	867363
http://snomed.info/sct#35603211000001108	http://snomed.info/sct#35603211000001108	697425
http://snomed.info/sct#35603211000001108	http://snomed.info/sct#35603211000001108	867363
http://snomed.info/sct#35775411000001106	http://snomed.info/sct#35775411000001106	698799
http://snomed.info/sct#35775411000001106	http://snomed.info/sct#35775411000001106	867871
http://snomed.info/sct#36378411000001100	http://snomed.info/sct#36378411000001100	704494
http://snomed.info/sct#36379611000001106	http://snomed.info/sct#36379611000001106	704506
http://snomed.info/sct#36439811000001101	http://snomed.info/sct#36439811000001101	705081
http://snomed.info/sct#36440011000001100	http://snomed.info/sct#36440011000001100	705083
http://snomed.info/sct#36501111000001108	http://snomed.info/sct#36501111000001108	705628
http://snomed.info/sct#36501311000001105	http://snomed.info/sct#36501311000001105	705630
http://snomed.info/sct#36601411000001106	http://snomed.info/sct#36601411000001106	706531
http://snomed.info/sct#36601611000001109	http://snomed.info/sct#36601611000001109	706533
http://snomed.info/sct#36775611000001107	http://snomed.info/sct#36775611000001107	708171
http://snomed.info/sct#36775611000001107	http://snomed.info/sct#36771511000001105	708130
http://snomed.info/sct#36771511000001105	http://snomed.info/sct#36771511000001105	708130
http://snomed.info/sct#36818211000001107	http://snomed.info/sct#36818211000001107	708544
http://snomed.info/sct#36819911000001106	http://snomed.info/sct#36819911000001106	708561
http://snomed.info/sct#36820311000001106	http://snomed.info/sct#36820311000001106	708565
http://snomed.info/sct#36828111000001106	http://snomed.info/sct#36828111000001106	708635
http://snomed.info/sct#36828311000001108	http://snomed.info/sct#36828311000001108	708637
http://snomed.info/sct#36855211000001106	http://snomed.info/sct#36855211000001106	708903
http://snomed.info/sct#36855411000001105	http://snomed.info/sct#36855411000001105	708905
http://snomed.info/sct#36868311000001103	http://snomed.info/sct#36868311000001103	709028
http://snomed.info/sct#36904011000001103	http://snomed.info/sct#36904011000001103	709365
http://snomed.info/sct#36904011000001103	http://snomed.info/sct#36878011000001106	709124
http://snomed.info/sct#36878011000001106	http://snomed.info/sct#36878011000001106	709124
http://snomed.info/sct#37064211000001100	http://snomed.info/sct#37064211000001100	710812
http://snomed.info/sct#37096411000001106	http://snomed.info/sct#37096411000001106	711007
http://snomed.info/sct#37097611000001106	http://snomed.info/sct#37097611000001106	711009
http://snomed.info/sct#37097811000001105	http://snomed.info/sct#37097811000001105	711011
http://snomed.info/sct#37121611000001104	http://snomed.info/sct#37121611000001104	711146
http://snomed.info/sct#37124611000001102	http://snomed.info/sct#37124611000001102	711176
http://snomed.info/sct#37124811000001103	http://snomed.info/sct#37124811000001103	711178
http://snomed.info/sct#37125011000001108	http://snomed.info/sct#37125011000001108	711180
http://snomed.info/sct#37137411000001107	http://snomed.info/sct#37137411000001107	711292
http://snomed.info/sct#37137611000001105	http://snomed.info/sct#37137611000001105	711294
http://snomed.info/sct#37210911000001107	http://snomed.info/sct#37210911000001107	2663297
http://snomed.info/sct#37211111000001103	http://snomed.info/sct#37211111000001103	2567808
http://snomed.info/sct#37416111000001106	http://snomed.info/sct#37416111000001106	2631160
http://snomed.info/sct#37543911000001103	http://snomed.info/sct#37543911000001103	2556698
http://snomed.info/sct#37551911000001101	http://snomed.info/sct#37551911000001101	2790196
http://snomed.info/sct#37552111000001109	http://snomed.info/sct#37552111000001109	2686678
http://snomed.info/sct#37556211000001102	http://snomed.info/sct#37556211000001102	2672031
http://snomed.info/sct#37567311000001101	http://snomed.info/sct#37567311000001101	2852421
http://snomed.info/sct#37568011000001103	http://snomed.info/sct#37568011000001103	2674629
http://snomed.info/sct#37590211000001107	http://snomed.info/sct#37590211000001107	2720720
http://snomed.info/sct#37590411000001106	http://snomed.info/sct#37590411000001106	2747828
http://snomed.info/sct#37590611000001109	http://snomed.info/sct#37590611000001109	2787219
http://snomed.info/sct#37673411000001101	http://snomed.info/sct#37673411000001101	2830679
http://snomed.info/sct#37799111000001107	http://snomed.info/sct#37799111000001107	2717187
http://snomed.info/sct#38072111000001103	http://snomed.info/sct#38072111000001103	1476753
http://snomed.info/sct#38072111000001103	http://snomed.info/sct#38011811000001105	2784712
http://snomed.info/sct#38072111000001103	http://snomed.info/sct#38216111000001100	2580378
http://snomed.info/sct#38072111000001103	http://snomed.info/sct#38313211000001109	2613979
http://snomed.info/sct#38011811000001105	http://snomed.info/sct#38011811000001105	2784712
http://snomed.info/sct#38072211000001109	http://snomed.info/sct#38072211000001109	1476845
http://snomed.info/sct#38072211000001109	http://snomed.info/sct#38012111000001108	1501429
http://snomed.info/sct#38072211000001109	http://snomed.info/sct#38216411000001105	2786310
http://snomed.info/sct#38072211000001109	http://snomed.info/sct#38316811000001101	2801214
http://snomed.info/sct#38012111000001108	http://snomed.info/sct#38012111000001108	1501429
http://snomed.info/sct#38017011000001109	http://snomed.info/sct#38017011000001109	2830514
http://snomed.info/sct#38147011000001108	http://snomed.info/sct#38147011000001108	2724391
http://snomed.info/sct#38216111000001100	http://snomed.info/sct#38216111000001100	2580378
http://snomed.info/sct#38216411000001105	http://snomed.info/sct#38216411000001105	2786310
http://snomed.info/sct#38313211000001109	http://snomed.info/sct#38313211000001109	2613979
http://snomed.info/sct#38316811000001101	http://snomed.info/sct#38316811000001101	2801214
http://snomed.info/sct#38418911000001104	http://snomed.info/sct#38418911000001104	2682206
http://snomed.info/sct#38701911000001104	http://snomed.info/sct#38701911000001104	2667823
http://snomed.info/sct#38724311000001106	http://snomed.info/sct#38724311000001106	2622594
http://snomed.info/sct#38868511000001102	http://snomed.info/sct#38868511000001102	2635185
http://snomed.info/sct#38868711000001107	http://snomed.info/sct#38868711000001107	2671679
http://snomed.info/sct#38868911000001109	http://snomed.info/sct#38868911000001109	2705983
http://snomed.info/sct#38891211000001107	http://snomed.info/sct#38891211000001107	2789279
http://snomed.info/sct#38891411000001106	http://snomed.info/sct#38891411000001106	2816066
http://snomed.info/sct#38891611000001109	http://snomed.info/sct#38891611000001109	2850887
http://snomed.info/sct#38891811000001108	http://snomed.info/sct#38891811000001108	2573930
http://snomed.info/sct#38912111000001103	http://snomed.info/sct#38912111000001103	2773932
http://snomed.info/sct#38994011000001106	http://snomed.info/sct#38994011000001106	2795341
http://snomed.info/sct#39010411000001102	http://snomed.info/sct#39010411000001102	2557320
http://snomed.info/sct#39011211000001107	http://snomed.info/sct#39011211000001107	2552127
http://snomed.info/sct#39011411000001106	http://snomed.info/sct#39011411000001106	2588240
http://snomed.info/sct#39011711000001100	http://snomed.info/sct#39011711000001100	2793992
http://snomed.info/sct#39070511000001109	http://snomed.info/sct#39070511000001109	2597407
http://snomed.info/sct#39070711000001104	http://snomed.info/sct#39070711000001104	2624267
http://snomed.info/sct#39205111000001107	http://snomed.info/sct#39205111000001107	2748456
http://snomed.info/sct#39206111000001101	http://snomed.info/sct#39206111000001101	2777523
http://snomed.info/sct#39206811000001108	http://snomed.info/sct#39206811000001108	2721770
http://snomed.info/sct#39294811000001104	http://snomed.info/sct#39294811000001104	2874558
http://snomed.info/sct#39295011000001109	http://snomed.info/sct#39295011000001109	2874209
http://snomed.info/sct#39299311000001109	http://snomed.info/sct#39299311000001109	2696125
http://snomed.info/sct#39300411000001100	http://snomed.info/sct#39300411000001100	2753330
http://snomed.info/sct#39300611000001102	http://snomed.info/sct#39300611000001102	2784164
http://snomed.info/sct#39321911000001106	http://snomed.info/sct#39321911000001106	2874134
http://snomed.info/sct#39324511000001102	http://snomed.info/sct#39324511000001102	2874222
http://snomed.info/sct#39408011000001104	http://snomed.info/sct#39408011000001104	2873836
http://snomed.info/sct#39488911000001104	http://snomed.info/sct#39488911000001104	2881495
http://snomed.info/sct#39577211000001108	http://snomed.info/sct#39577211000001108	2973571
http://snomed.info/sct#39577411000001107	http://snomed.info/sct#39577411000001107	2974059
http://snomed.info/sct#39577611000001105	http://snomed.info/sct#39577611000001105	2974433
http://snomed.info/sct#39933411000001107	http://snomed.info/sct#39933411000001107	2975295
http://snomed.info/sct#39968411000001107	http://snomed.info/sct#39968411000001107	2972546
http://snomed.info/sct#40125711000001103	http://snomed.info/sct#40125711000001103	2985222
http://snomed.info/sct#40326911000001104	http://snomed.info/sct#40326911000001104	3010800
http://snomed.info/sct#40337111000001101	http://snomed.info/sct#40337111000001101	3012750
http://snomed.info/sct#40590411000001102	http://snomed.info/sct#40590411000001102	3010494
http://snomed.info/sct#40739211000001102	http://snomed.info/sct#40739211000001102	3067590
http://snomed.info/sct#40748811000001109	http://snomed.info/sct#40748811000001109	3051300
http://snomed.info/sct#40817011000001109	http://snomed.info/sct#40817011000001109	3061657
http://snomed.info/sct#40916211000001106	http://snomed.info/sct#40916211000001106	3058810
http://snomed.info/sct#40916511000001109	http://snomed.info/sct#40916511000001109	3052249
http://snomed.info/sct#41115511000001109	http://snomed.info/sct#41115511000001109	3064590
http://snomed.info/sct#41146811000001109	http://snomed.info/sct#41146811000001109	3055472
http://snomed.info/sct#41172011000001103	http://snomed.info/sct#41172011000001103	3055387
http://snomed.info/sct#41260611000001103	http://snomed.info/sct#41260611000001103	3221780
http://snomed.info/sct#41409711000001100	http://snomed.info/sct#41409711000001100	3246157
http://snomed.info/sct#41730811000001104	http://snomed.info/sct#41730811000001104	3248524
http://snomed.info/sct#41731311000001103	http://snomed.info/sct#41731311000001103	3198677
http://snomed.info/sct#41731611000001108	http://snomed.info/sct#41731611000001108	3204272
http://snomed.info/sct#41752411000001101	http://snomed.info/sct#41752411000001101	3241916
http://snomed.info/sct#41752711000001107	http://snomed.info/sct#41752711000001107	3225668
http://snomed.info/sct#41870011000001106	http://snomed.info/sct#41870011000001106	3209035
http://snomed.info/sct#41961211000001107	http://snomed.info/sct#41961211000001107	3215682
http://snomed.info/sct#42069511000001100	http://snomed.info/sct#42069511000001100	3227250
http://snomed.info/sct#42092511000001106	http://snomed.info/sct#42092511000001106	3232806
http://snomed.info/sct#42092711000001101	http://snomed.info/sct#42092711000001101	3239197
http://snomed.info/sct#42202211000001101	http://snomed.info/sct#42202211000001101	3144285
http://snomed.info/sct#42202211000001101	http://snomed.info/sct#42183311000001103	3230313
http://snomed.info/sct#42202211000001101	http://snomed.info/sct#42407711000001109	3215086
http://snomed.info/sct#42183311000001103	http://snomed.info/sct#42183311000001103	3230313
http://snomed.info/sct#42407711000001109	http://snomed.info/sct#42407711000001109	3215086
http://snomed.info/sct#42431511000001103	http://snomed.info/sct#42431511000001103	3221139
http://snomed.info/sct#42432811000001109	http://snomed.info/sct#42432811000001109	3209367
http://snomed.info/sct#42445111000001105	http://snomed.info/sct#42445111000001105	3169999
http://snomed.info/sct#42445111000001105	http://snomed.info/sct#42444211000001100	3247587
http://snomed.info/sct#42445111000001105	http://snomed.info/sct#42549711000001104	3205827
http://snomed.info/sct#42445111000001105	http://snomed.info/sct#42748811000001101	3213603
http://snomed.info/sct#42444211000001100	http://snomed.info/sct#42444211000001100	3247587
http://snomed.info/sct#42445211000001104	http://snomed.info/sct#42445211000001104	3166310
http://snomed.info/sct#42445211000001104	http://snomed.info/sct#42444511000001102	3231616
http://snomed.info/sct#42445211000001104	http://snomed.info/sct#42549911000001102	3209387
http://snomed.info/sct#42445211000001104	http://snomed.info/sct#42749011000001102	3243984
http://snomed.info/sct#42444511000001102	http://snomed.info/sct#42444511000001102	3231616
http://snomed.info/sct#42549711000001104	http://snomed.info/sct#42549711000001104	3205827
http://snomed.info/sct#42549911000001102	http://snomed.info/sct#42549911000001102	3209387
http://snomed.info/sct#42623011000001108	http://snomed.info/sct#42623011000001108	3231448
http://snomed.info/sct#42686811000001102	http://snomed.info/sct#42686811000001102	3244042
http://snomed.info/sct#42687011000001106	http://snomed.info/sct#42687011000001106	3230446
http://snomed.info/sct#42748811000001101	http://snomed.info/sct#42748811000001101	3213603
http://snomed.info/sct#42749011000001102	http://snomed.info/sct#42749011000001102	3243984
http://snomed.info/sct#42780311000001103	http://snomed.info/sct#42780311000001103	3223394
http://snomed.info/sct#42841411000001108	http://snomed.info/sct#42841411000001108	3198888
http://snomed.info/sct#42906411000001102	http://snomed.info/sct#42906411000001102	3241535
http://snomed.info/sct#43008311000001105	http://snomed.info/sct#43008311000001105	3217080
http://snomed.info/sct#43008311000001105	http://snomed.info/sct#42995311000001101	3198479
http://snomed.info/sct#42995311000001101	http://snomed.info/sct#42995311000001101	3198479
http://snomed.info/sct#43156811000001101	http://snomed.info/sct#43156811000001101	3220789
http://snomed.info/sct#43179111000001102	http://snomed.info/sct#43179111000001102	3233782
http://snomed.info/sct#43582711000001105	http://snomed.info/sct#43582711000001105	3233806
http://snomed.info/sct#43788711000001107	http://snomed.info/sct#43788711000001107	3247853
http://snomed.info/sct#43820611000001105	http://snomed.info/sct#43820611000001105	3245945
http://snomed.info/sct#44024611000001102	http://snomed.info/sct#44024611000001102	3249493
http://snomed.info/sct#44123411000001107	http://snomed.info/sct#44123411000001107	3305203
http://snomed.info/sct#44123611000001105	http://snomed.info/sct#44123611000001105	3305364
http://snomed.info/sct#44761611000001107	http://snomed.info/sct#44761611000001107	3354249
http://snomed.info/sct#44761811000001106	http://snomed.info/sct#44761811000001106	3356804
http://snomed.info/sct#45266511000001104	http://snomed.info/sct#45266511000001104	3359196
http://snomed.info/sct#896810008	http://snomed.info/sct#896810008	2887833
http://hl7.org/fhir/administrative-gender/female	http://hl7.org/fhir/administrative-gender/female	1335245
http://hl7.org/fhir/administrative-gender/male	http://hl7.org/fhir/administrative-gender/male	1335244
http://snomed.info/sct#23045005	http://snomed.info/sct#23045005	19218
http://snomed.info/sct#28032008	http://snomed.info/sct#28032008	23430
http://snomed.info/sct#46635009	http://snomed.info/sct#46635009	39086
http://snomed.info/sct#46635009	http://snomed.info/sct#23045005	19218
http://snomed.info/sct#46635009	http://snomed.info/sct#28032008	23430
http://snomed.info/sct#46635009	http://snomed.info/sct#70694009	59251
http://snomed.info/sct#46635009	http://snomed.info/sct#190368000	122290
http://snomed.info/sct#46635009	http://snomed.info/sct#190372001	122291
http://snomed.info/sct#46635009	http://snomed.info/sct#199229001	124696
http://snomed.info/sct#46635009	http://snomed.info/sct#290002008	189109
http://snomed.info/sct#46635009	http://snomed.info/sct#426875007	262765
http://snomed.info/sct#46635009	http://snomed.info/sct#444073006	276688
http://snomed.info/sct#46635009	http://snomed.info/sct#444074000	276689
http://snomed.info/sct#46635009	http://snomed.info/sct#609566000	292243
http://snomed.info/sct#46635009	http://snomed.info/sct#703137001	297222
http://snomed.info/sct#46635009	http://snomed.info/sct#722454003	313043
http://snomed.info/sct#46635009	http://snomed.info/sct#31321000119102	337018
http://snomed.info/sct#46635009	http://snomed.info/sct#870528001	2698916
http://snomed.info/sct#46635009	http://snomed.info/sct#1217068008	3064092
http://snomed.info/sct#46635009	http://snomed.info/sct#1255271005	3212800
http://snomed.info/sct#46635009	http://snomed.info/sct#1290118005	3211063
http://snomed.info/sct#46635009	http://snomed.info/sct#1285518004	3235350
http://snomed.info/sct#46635009	http://snomed.info/sct#1285519007	3237496
http://snomed.info/sct#46635009	http://snomed.info/sct#609564002	292241
http://snomed.info/sct#190330002	http://snomed.info/sct#190330002	122287
http://snomed.info/sct#190368000	http://snomed.info/sct#190368000	122290
http://snomed.info/sct#190369008	http://snomed.info/sct#190369008	2573033
http://snomed.info/sct#190372001	http://snomed.info/sct#190372001	122291
http://snomed.info/sct#290002008	http://snomed.info/sct#290002008	189109
http://snomed.info/sct#313435000	http://snomed.info/sct#313435000	209634
http://snomed.info/sct#314771006	http://snomed.info/sct#314771006	210708
http://snomed.info/sct#314893005	http://snomed.info/sct#314893005	210802
http://snomed.info/sct#314893005	http://snomed.info/sct#71771000119100	337875
http://snomed.info/sct#314893005	http://snomed.info/sct#368541000119101	2889836
http://snomed.info/sct#401110002	http://snomed.info/sct#401110002	240024
http://snomed.info/sct#420270002	http://snomed.info/sct#420270002	256489
http://snomed.info/sct#420270002	http://snomed.info/sct#421075007	257243
http://snomed.info/sct#420486006	http://snomed.info/sct#420486006	256696
http://snomed.info/sct#420514000	http://snomed.info/sct#420514000	256719
http://snomed.info/sct#420514000	http://snomed.info/sct#421305000	257450
http://snomed.info/sct#420789003	http://snomed.info/sct#420789003	256976
http://snomed.info/sct#420789003	http://snomed.info/sct#60961000119107	337446
http://snomed.info/sct#420789003	http://snomed.info/sct#60971000119101	337447
http://snomed.info/sct#420789003	http://snomed.info/sct#82571000119107	338111
http://snomed.info/sct#420789003	http://snomed.info/sct#104941000119109	338787
http://snomed.info/sct#420789003	http://snomed.info/sct#109171000119104	338923
http://snomed.info/sct#420789003	http://snomed.info/sct#706894000	300127
http://snomed.info/sct#420789003	http://snomed.info/sct#138881000119106	339676
http://snomed.info/sct#420789003	http://snomed.info/sct#138891000119109	339677
http://snomed.info/sct#420789003	http://snomed.info/sct#16745211000119100	2887757
http://snomed.info/sct#420789003	http://snomed.info/sct#16746741000119102	2888777
http://snomed.info/sct#420789003	http://snomed.info/sct#16747741000119100	2889083
http://snomed.info/sct#420789003	http://snomed.info/sct#16748741000119101	2889479
http://snomed.info/sct#420789003	http://snomed.info/sct#769219006	332009
http://snomed.info/sct#420789003	http://snomed.info/sct#16745891000119105	2889639
http://snomed.info/sct#420789003	http://snomed.info/sct#16745611000119102	2888597
http://snomed.info/sct#420789003	http://snomed.info/sct#16697421000119103	2888669
http://snomed.info/sct#420789003	http://snomed.info/sct#16697471000119102	2887663
http://snomed.info/sct#420789003	http://snomed.info/sct#16746661000119106	2887862
http://snomed.info/sct#420789003	http://snomed.info/sct#16746941000119104	2889291
http://snomed.info/sct#420789003	http://snomed.info/sct#16747341000119101	2888460
http://snomed.info/sct#420789003	http://snomed.info/sct#16749781000119101	2888260
http://snomed.info/sct#420789003	http://snomed.info/sct#420486006	256696
http://snomed.info/sct#420789003	http://snomed.info/sct#16745411000119104	2888036
http://snomed.info/sct#420789003	http://snomed.info/sct#16697521000119104	2890665
http://snomed.info/sct#420789003	http://snomed.info/sct#16747101000119101	2889573
http://snomed.info/sct#420825003	http://snomed.info/sct#420825003	257008
http://snomed.info/sct#420868002	http://snomed.info/sct#420868002	257051
http://snomed.info/sct#420868002	http://snomed.info/sct#314893005	210802
http://snomed.info/sct#420868002	http://snomed.info/sct#420825003	257008
http://snomed.info/sct#420868002	http://snomed.info/sct#421365002	257508
http://snomed.info/sct#420868002	http://snomed.info/sct#421468001	257600
http://snomed.info/sct#420868002	http://snomed.info/sct#421893009	257994
http://snomed.info/sct#420868002	http://snomed.info/sct#426907004	262797
http://snomed.info/sct#420868002	http://snomed.info/sct#721283000	312002
http://snomed.info/sct#420868002	http://snomed.info/sct#739681000	326154
http://snomed.info/sct#420868002	http://snomed.info/sct#691000119103	333050
http://snomed.info/sct#420868002	http://snomed.info/sct#1571000119104	333303
http://snomed.info/sct#420868002	http://snomed.info/sct#31211000119101	337017
http://snomed.info/sct#420868002	http://snomed.info/sct#60991000119100	337448
http://snomed.info/sct#420868002	http://snomed.info/sct#72021000119109	337882
http://snomed.info/sct#420868002	http://snomed.info/sct#72031000119107	337883
http://snomed.info/sct#420868002	http://snomed.info/sct#72041000119103	337884
http://snomed.info/sct#420868002	http://snomed.info/sct#72141000119104	337888
http://snomed.info/sct#420868002	http://snomed.info/sct#84371000119108	338150
http://snomed.info/sct#420868002	http://snomed.info/sct#110141000119100	338961
http://snomed.info/sct#420868002	http://snomed.info/sct#137941000119106	339652
http://snomed.info/sct#420868002	http://snomed.info/sct#367991000119101	346119
http://snomed.info/sct#420868002	http://snomed.info/sct#368551000119104	346179
http://snomed.info/sct#420868002	http://snomed.info/sct#368561000119102	346180
http://snomed.info/sct#420868002	http://snomed.info/sct#16891191000119108	2890471
http://snomed.info/sct#420868002	http://snomed.info/sct#716020005	307711
http://snomed.info/sct#420868002	http://snomed.info/sct#367211000119103	2889062
http://snomed.info/sct#420868002	http://snomed.info/sct#71771000119100	337875
http://snomed.info/sct#420868002	http://snomed.info/sct#368541000119101	2889836
http://snomed.info/sct#420868002	http://snomed.info/sct#190330002	122287
http://snomed.info/sct#420868002	http://snomed.info/sct#421075007	257243
http://snomed.info/sct#420868002	http://snomed.info/sct#421437000	257573
http://snomed.info/sct#420868002	http://snomed.info/sct#368521000119107	346178
http://snomed.info/sct#420868002	http://snomed.info/sct#96441000119101	338595
http://snomed.info/sct#420868002	http://snomed.info/sct#243421000119104	342570
http://snomed.info/sct#420868002	http://snomed.info/sct#420270002	256489
http://snomed.info/sct#420868002	http://snomed.info/sct#420789003	256976
http://snomed.info/sct#420868002	http://snomed.info/sct#421920002	258021
http://snomed.info/sct#420868002	http://snomed.info/sct#82581000119105	338112
http://snomed.info/sct#420868002	http://snomed.info/sct#104951000119106	338788
http://snomed.info/sct#420868002	http://snomed.info/sct#1196923000	3064516
http://snomed.info/sct#420868002	http://snomed.info/sct#120711000119108	339205
http://snomed.info/sct#420868002	http://snomed.info/sct#87471000119106	338228
http://snomed.info/sct#420868002	http://snomed.info/sct#164881000119109	340185
http://snomed.info/sct#420868002	http://snomed.info/sct#428896009	264691
http://snomed.info/sct#420868002	http://snomed.info/sct#706891008	300124
http://snomed.info/sct#420868002	http://snomed.info/sct#712882000	304881
http://snomed.info/sct#420868002	http://snomed.info/sct#770098001	332722
http://snomed.info/sct#420868002	http://snomed.info/sct#71791000119104	337876
http://snomed.info/sct#420868002	http://snomed.info/sct#102781000119107	338738
http://snomed.info/sct#420868002	http://snomed.info/sct#71701000119105	337872
http://snomed.info/sct#420868002	http://snomed.info/sct#90721000119101	338346
http://snomed.info/sct#420868002	http://snomed.info/sct#90731000119103	338347
http://snomed.info/sct#420868002	http://snomed.info/sct#90741000119107	338349
http://snomed.info/sct#420868002	http://snomed.info/sct#90751000119109	338350
http://snomed.info/sct#420868002	http://snomed.info/sct#90761000119106	338351
http://snomed.info/sct#420868002	http://snomed.info/sct#90771000119100	338352
http://snomed.info/sct#420868002	http://snomed.info/sct#420514000	256719
http://snomed.info/sct#420868002	http://snomed.info/sct#18521000119106	336308
http://snomed.info/sct#420868002	http://snomed.info/sct#71721000119101	337874
http://snomed.info/sct#420868002	http://snomed.info/sct#60961000119107	337446
http://snomed.info/sct#420868002	http://snomed.info/sct#60971000119101	337447
http://snomed.info/sct#420868002	http://snomed.info/sct#82571000119107	338111
http://snomed.info/sct#420868002	http://snomed.info/sct#104941000119109	338787
http://snomed.info/sct#420868002	http://snomed.info/sct#109171000119104	338923
http://snomed.info/sct#420868002	http://snomed.info/sct#706894000	300127
http://snomed.info/sct#420868002	http://snomed.info/sct#87491000119107	338230
http://snomed.info/sct#420868002	http://snomed.info/sct#789571005	2618511
http://snomed.info/sct#420868002	http://snomed.info/sct#789572003	2629090
http://snomed.info/sct#420868002	http://snomed.info/sct#713702000	305648
http://snomed.info/sct#420868002	http://snomed.info/sct#420918009	257100
http://snomed.info/sct#420868002	http://snomed.info/sct#427571000	263437
http://snomed.info/sct#420868002	http://snomed.info/sct#713705003	305651
http://snomed.info/sct#420868002	http://snomed.info/sct#128001000119105	339399
http://snomed.info/sct#420868002	http://snomed.info/sct#1332442005	3233825
http://snomed.info/sct#420868002	http://snomed.info/sct#1332464001	3229537
http://snomed.info/sct#420868002	http://snomed.info/sct#1332467008	3231190
http://snomed.info/sct#420868002	http://snomed.info/sct#1332468003	3233250
http://snomed.info/sct#420868002	http://snomed.info/sct#1332471006	3249562
http://snomed.info/sct#420868002	http://snomed.info/sct#1332472004	3248748
http://snomed.info/sct#420868002	http://snomed.info/sct#421305000	257450
http://snomed.info/sct#420868002	http://snomed.info/sct#138881000119106	339676
http://snomed.info/sct#420868002	http://snomed.info/sct#138891000119109	339677
http://snomed.info/sct#420868002	http://snomed.info/sct#16745211000119100	2887757
http://snomed.info/sct#420868002	http://snomed.info/sct#16746741000119102	2888777
http://snomed.info/sct#420868002	http://snomed.info/sct#16747741000119100	2889083
http://snomed.info/sct#420868002	http://snomed.info/sct#16748741000119101	2889479
http://snomed.info/sct#420868002	http://snomed.info/sct#769219006	332009
http://snomed.info/sct#420868002	http://snomed.info/sct#10656231000119100	459468
http://snomed.info/sct#420868002	http://snomed.info/sct#1332436006	3216981
http://snomed.info/sct#420868002	http://snomed.info/sct#1332441003	3234508
http://snomed.info/sct#420868002	http://snomed.info/sct#16745891000119105	2889639
http://snomed.info/sct#420868002	http://snomed.info/sct#16745611000119102	2888597
http://snomed.info/sct#420868002	http://snomed.info/sct#16697421000119103	2888669
http://snomed.info/sct#420868002	http://snomed.info/sct#16697471000119102	2887663
http://snomed.info/sct#420868002	http://snomed.info/sct#16746661000119106	2887862
http://snomed.info/sct#420868002	http://snomed.info/sct#16746941000119104	2889291
http://snomed.info/sct#420868002	http://snomed.info/sct#16747341000119101	2888460
http://snomed.info/sct#420868002	http://snomed.info/sct#16749781000119101	2888260
http://snomed.info/sct#420868002	http://snomed.info/sct#420486006	256696
http://snomed.info/sct#420868002	http://snomed.info/sct#16745411000119104	2888036
http://snomed.info/sct#420868002	http://snomed.info/sct#16697521000119104	2890665
http://snomed.info/sct#420868002	http://snomed.info/sct#16747101000119101	2889573
http://snomed.info/sct#420918009	http://snomed.info/sct#420918009	257100
http://snomed.info/sct#421075007	http://snomed.info/sct#421075007	257243
http://snomed.info/sct#421165007	http://snomed.info/sct#421165007	2556958
http://snomed.info/sct#421305000	http://snomed.info/sct#421305000	257450
http://snomed.info/sct#421365002	http://snomed.info/sct#421365002	257508
http://snomed.info/sct#421437000	http://snomed.info/sct#421437000	257573
http://snomed.info/sct#421468001	http://snomed.info/sct#421468001	257600
http://snomed.info/sct#421468001	http://snomed.info/sct#190330002	122287
http://snomed.info/sct#421468001	http://snomed.info/sct#421075007	257243
http://snomed.info/sct#421468001	http://snomed.info/sct#421437000	257573
http://snomed.info/sct#421468001	http://snomed.info/sct#368521000119107	346178
http://snomed.info/sct#421468001	http://snomed.info/sct#706891008	300124
http://snomed.info/sct#421468001	http://snomed.info/sct#712882000	304881
http://snomed.info/sct#421468001	http://snomed.info/sct#770098001	332722
http://snomed.info/sct#421468001	http://snomed.info/sct#71791000119104	337876
http://snomed.info/sct#421468001	http://snomed.info/sct#102781000119107	338738
http://snomed.info/sct#421468001	http://snomed.info/sct#713702000	305648
http://snomed.info/sct#421468001	http://snomed.info/sct#420918009	257100
http://snomed.info/sct#421468001	http://snomed.info/sct#427571000	263437
http://snomed.info/sct#421468001	http://snomed.info/sct#713705003	305651
http://snomed.info/sct#421468001	http://snomed.info/sct#71771000119100	337875
http://snomed.info/sct#421893009	http://snomed.info/sct#421893009	257994
http://snomed.info/sct#421893009	http://snomed.info/sct#96441000119101	338595
http://snomed.info/sct#421893009	http://snomed.info/sct#243421000119104	342570
http://snomed.info/sct#421893009	http://snomed.info/sct#71701000119105	337872
http://snomed.info/sct#421893009	http://snomed.info/sct#90721000119101	338346
http://snomed.info/sct#421893009	http://snomed.info/sct#90731000119103	338347
http://snomed.info/sct#421893009	http://snomed.info/sct#90741000119107	338349
http://snomed.info/sct#421893009	http://snomed.info/sct#90751000119109	338350
http://snomed.info/sct#421893009	http://snomed.info/sct#90761000119106	338351
http://snomed.info/sct#421893009	http://snomed.info/sct#90771000119100	338352
http://snomed.info/sct#421893009	http://snomed.info/sct#420514000	256719
http://snomed.info/sct#421893009	http://snomed.info/sct#18521000119106	336308
http://snomed.info/sct#421893009	http://snomed.info/sct#71721000119101	337874
http://snomed.info/sct#421893009	http://snomed.info/sct#128001000119105	339399
http://snomed.info/sct#421893009	http://snomed.info/sct#1332442005	3233825
http://snomed.info/sct#421893009	http://snomed.info/sct#1332464001	3229537
http://snomed.info/sct#421893009	http://snomed.info/sct#1332467008	3231190
http://snomed.info/sct#421893009	http://snomed.info/sct#1332468003	3233250
http://snomed.info/sct#421893009	http://snomed.info/sct#1332471006	3249562
http://snomed.info/sct#421893009	http://snomed.info/sct#1332472004	3248748
http://snomed.info/sct#421893009	http://snomed.info/sct#421305000	257450
http://snomed.info/sct#421893009	http://snomed.info/sct#1332436006	3216981
http://snomed.info/sct#421893009	http://snomed.info/sct#1332441003	3234508
http://snomed.info/sct#421920002	http://snomed.info/sct#421920002	258021
http://snomed.info/sct#422228004	http://snomed.info/sct#422228004	258310
http://snomed.info/sct#426875007	http://snomed.info/sct#426875007	262765
http://snomed.info/sct#428896009	http://snomed.info/sct#428896009	264691
http://snomed.info/sct#444073006	http://snomed.info/sct#444073006	276688
http://snomed.info/sct#444074000	http://snomed.info/sct#444074000	276689
http://snomed.info/sct#472970003	http://snomed.info/sct#472970003	290954
http://snomed.info/sct#703137001	http://snomed.info/sct#703137001	297222
http://snomed.info/sct#706891008	http://snomed.info/sct#706891008	300124
http://snomed.info/sct#713702000	http://snomed.info/sct#713702000	305648
http://snomed.info/sct#713705003	http://snomed.info/sct#713705003	305651
http://snomed.info/sct#739681000	http://snomed.info/sct#739681000	326154
http://snomed.info/sct#739681000	http://snomed.info/sct#420789003	256976
http://snomed.info/sct#739681000	http://snomed.info/sct#421920002	258021
http://snomed.info/sct#739681000	http://snomed.info/sct#82581000119105	338112
http://snomed.info/sct#739681000	http://snomed.info/sct#104951000119106	338788
http://snomed.info/sct#739681000	http://snomed.info/sct#1196923000	3064516
http://snomed.info/sct#739681000	http://snomed.info/sct#60961000119107	337446
http://snomed.info/sct#739681000	http://snomed.info/sct#60971000119101	337447
http://snomed.info/sct#739681000	http://snomed.info/sct#82571000119107	338111
http://snomed.info/sct#739681000	http://snomed.info/sct#104941000119109	338787
http://snomed.info/sct#739681000	http://snomed.info/sct#109171000119104	338923
http://snomed.info/sct#739681000	http://snomed.info/sct#706894000	300127
http://snomed.info/sct#739681000	http://snomed.info/sct#138881000119106	339676
http://snomed.info/sct#739681000	http://snomed.info/sct#138891000119109	339677
http://snomed.info/sct#739681000	http://snomed.info/sct#16745211000119100	2887757
http://snomed.info/sct#739681000	http://snomed.info/sct#16746741000119102	2888777
http://snomed.info/sct#739681000	http://snomed.info/sct#16747741000119100	2889083
http://snomed.info/sct#739681000	http://snomed.info/sct#16748741000119101	2889479
http://snomed.info/sct#739681000	http://snomed.info/sct#769219006	332009
http://snomed.info/sct#739681000	http://snomed.info/sct#16745891000119105	2889639
http://snomed.info/sct#739681000	http://snomed.info/sct#16745611000119102	2888597
http://snomed.info/sct#739681000	http://snomed.info/sct#16697421000119103	2888669
http://snomed.info/sct#739681000	http://snomed.info/sct#16697471000119102	2887663
http://snomed.info/sct#739681000	http://snomed.info/sct#16746661000119106	2887862
http://snomed.info/sct#739681000	http://snomed.info/sct#16746941000119104	2889291
http://snomed.info/sct#739681000	http://snomed.info/sct#16747341000119101	2888460
http://snomed.info/sct#739681000	http://snomed.info/sct#16749781000119101	2888260
http://snomed.info/sct#739681000	http://snomed.info/sct#420486006	256696
http://snomed.info/sct#739681000	http://snomed.info/sct#16745411000119104	2888036
http://snomed.info/sct#739681000	http://snomed.info/sct#16697521000119104	2890665
http://snomed.info/sct#739681000	http://snomed.info/sct#16747101000119101	2889573
http://snomed.info/sct#31211000119101	http://snomed.info/sct#31211000119101	337017
http://snomed.info/sct#31321000119102	http://snomed.info/sct#31321000119102	337018
http://snomed.info/sct#71771000119100	http://snomed.info/sct#71771000119100	337875
http://snomed.info/sct#82581000119105	http://snomed.info/sct#82581000119105	338112
http://snomed.info/sct#128001000119105	http://snomed.info/sct#128001000119105	339399
http://snomed.info/sct#368561000119102	http://snomed.info/sct#368561000119102	346180
http://snomed.info/sct#368561000119102	http://snomed.info/sct#190330002	122287
http://snomed.info/sct#368561000119102	http://snomed.info/sct#428896009	264691
http://snomed.info/sct#385041000000108	http://snomed.info/sct#385041000000108	346687
http://snomed.info/sct#1067201000000106	http://snomed.info/sct#1067201000000106	370985
http://snomed.info/sct#154673001	http://snomed.info/sct#154673001	2547013
http://snomed.info/sct#190366001	http://snomed.info/sct#190366001	2549595
http://snomed.info/sct#371054002	http://snomed.info/sct#371054002	2856398
http://snomed.info/sct#371055001	http://snomed.info/sct#371055001	2546886
http://snomed.info/sct#190365002	http://snomed.info/sct#190365002	2549763
http://snomed.info/sct#190363009	http://snomed.info/sct#190363009	2854943
http://snomed.info/sct#314377008	http://snomed.info/sct#314377008	2615448
http://snomed.info/sct#190364003	http://snomed.info/sct#190364003	2849865
http://snomed.info/sct#314892000	http://snomed.info/sct#314892000	2637069
http://snomed.info/sct#190362004	http://snomed.info/sct#190362004	2841085
http://snomed.info/sct#190367005	http://snomed.info/sct#190367005	2564164
http://snomed.info/sct#190370009	http://snomed.info/sct#190370009	2671277
http://snomed.info/sct#190371008	http://snomed.info/sct#190371008	2665624
http://snomed.info/sct#190373006	http://snomed.info/sct#190373006	2679331
http://snomed.info/sct#190374000	http://snomed.info/sct#190374000	2674266
http://snomed.info/sct#190375004	http://snomed.info/sct#190375004	2688205
http://snomed.info/sct#190376003	http://snomed.info/sct#190376003	2683101
http://snomed.info/sct#190377007	http://snomed.info/sct#190377007	2697718
http://snomed.info/sct#190378002	http://snomed.info/sct#190378002	2696954
http://snomed.info/sct#190379005	http://snomed.info/sct#190379005	2711500
http://snomed.info/sct#190380008	http://snomed.info/sct#190380008	2809515
http://snomed.info/sct#190381007	http://snomed.info/sct#190381007	2803942
http://snomed.info/sct#314368001	http://snomed.info/sct#314368001	2805498
http://snomed.info/sct#1561000119105	http://snomed.info/sct#1561000119105	2645614
http://snomed.info/sct#314369009	http://snomed.info/sct#314369009	2809614
http://snomed.info/sct#422297002	http://snomed.info/sct#422297002	2625625
http://snomed.info/sct#314887002	http://snomed.info/sct#314887002	2833953
http://snomed.info/sct#314894004	http://snomed.info/sct#314894004	2645338
http://snomed.info/sct#401109007	http://snomed.info/sct#401109007	2670139
http://snomed.info/sct#408287009	http://snomed.info/sct#408287009	2835325
http://snomed.info/sct#198661000000102	http://snomed.info/sct#198661000000102	2654656
http://snomed.info/sct#213991000000107	http://snomed.info/sct#213991000000107	2669109
http://snomed.info/sct#772031000000104	http://snomed.info/sct#772031000000104	2646574
http://snomed.info/sct#888191000000107	http://snomed.info/sct#888191000000107	2583451
http://snomed.info/sct#888201000000109	http://snomed.info/sct#888201000000109	2661257
http://snomed.info/sct#789571005	http://snomed.info/sct#789571005	2618511
http://snomed.info/sct#789572003	http://snomed.info/sct#789572003	2629090
http://snomed.info/sct#368541000119101	http://snomed.info/sct#368541000119101	2889836
http://snomed.info/sct#16697421000119103	http://snomed.info/sct#16697421000119103	2888669
http://snomed.info/sct#16697421000119103	http://snomed.info/sct#16697521000119104	2890665
http://snomed.info/sct#16745211000119100	http://snomed.info/sct#16745211000119100	2887757
http://snomed.info/sct#16745211000119100	http://snomed.info/sct#16697421000119103	2888669
http://snomed.info/sct#16745211000119100	http://snomed.info/sct#16746661000119106	2887862
http://snomed.info/sct#16745211000119100	http://snomed.info/sct#16745891000119105	2889639
http://snomed.info/sct#16745211000119100	http://snomed.info/sct#16746941000119104	2889291
http://snomed.info/sct#16745211000119100	http://snomed.info/sct#16697521000119104	2890665
http://snomed.info/sct#16745211000119100	http://snomed.info/sct#16745411000119104	2888036
http://snomed.info/sct#16745211000119100	http://snomed.info/sct#16747101000119101	2889573
http://snomed.info/sct#16697471000119102	http://snomed.info/sct#16697471000119102	2887663
http://snomed.info/sct#16697471000119102	http://snomed.info/sct#16697521000119104	2890665
http://snomed.info/sct#16746741000119102	http://snomed.info/sct#16746741000119102	2888777
http://snomed.info/sct#16746741000119102	http://snomed.info/sct#16697471000119102	2887663
http://snomed.info/sct#16746741000119102	http://snomed.info/sct#16746661000119106	2887862
http://snomed.info/sct#16746741000119102	http://snomed.info/sct#16745611000119102	2888597
http://snomed.info/sct#16746741000119102	http://snomed.info/sct#16747341000119101	2888460
http://snomed.info/sct#16746741000119102	http://snomed.info/sct#16697521000119104	2890665
http://snomed.info/sct#16746741000119102	http://snomed.info/sct#16745411000119104	2888036
http://snomed.info/sct#16746741000119102	http://snomed.info/sct#16747101000119101	2889573
http://snomed.info/sct#16697521000119104	http://snomed.info/sct#16697521000119104	2890665
http://snomed.info/sct#16746661000119106	http://snomed.info/sct#16746661000119106	2887862
http://snomed.info/sct#16746661000119106	http://snomed.info/sct#16697521000119104	2890665
http://snomed.info/sct#16746661000119106	http://snomed.info/sct#16745411000119104	2888036
http://snomed.info/sct#16746661000119106	http://snomed.info/sct#16747101000119101	2889573
http://snomed.info/sct#16745411000119104	http://snomed.info/sct#16745411000119104	2888036
http://snomed.info/sct#16745891000119105	http://snomed.info/sct#16745891000119105	2889639
http://snomed.info/sct#16745891000119105	http://snomed.info/sct#16745411000119104	2888036
http://snomed.info/sct#16745611000119102	http://snomed.info/sct#16745611000119102	2888597
http://snomed.info/sct#16745611000119102	http://snomed.info/sct#16745411000119104	2888036
http://snomed.info/sct#16746941000119104	http://snomed.info/sct#16746941000119104	2889291
http://snomed.info/sct#16746941000119104	http://snomed.info/sct#16747101000119101	2889573
http://snomed.info/sct#16747101000119101	http://snomed.info/sct#16747101000119101	2889573
http://snomed.info/sct#16747341000119101	http://snomed.info/sct#16747341000119101	2888460
http://snomed.info/sct#16747341000119101	http://snomed.info/sct#16747101000119101	2889573
http://snomed.info/sct#16747741000119100	http://snomed.info/sct#16747741000119100	2889083
http://snomed.info/sct#16747741000119100	http://snomed.info/sct#16749781000119101	2888260
http://snomed.info/sct#16748741000119101	http://snomed.info/sct#16748741000119101	2889479
http://snomed.info/sct#16748741000119101	http://snomed.info/sct#16749781000119101	2888260
http://snomed.info/sct#16749781000119101	http://snomed.info/sct#16749781000119101	2888260
http://snomed.info/sct#43521000000100	http://snomed.info/sct#43521000000100	2580675
http://snomed.info/sct#43531000000103	http://snomed.info/sct#43531000000103	2626255
http://snomed.info/sct#43541000000107	http://snomed.info/sct#43541000000107	2680882
http://snomed.info/sct#43551000000105	http://snomed.info/sct#43551000000105	2722059
http://snomed.info/sct#43561000000108	http://snomed.info/sct#43561000000108	2764984
http://snomed.info/sct#43571000000101	http://snomed.info/sct#43571000000101	2811896
http://snomed.info/sct#43581000000104	http://snomed.info/sct#43581000000104	2554614
http://snomed.info/sct#43591000000102	http://snomed.info/sct#43591000000102	2591097
http://snomed.info/sct#43601000000108	http://snomed.info/sct#43601000000108	2662852
http://snomed.info/sct#43611000000105	http://snomed.info/sct#43611000000105	2703440
http://snomed.info/sct#43621000000104	http://snomed.info/sct#43621000000104	2760748
http://snomed.info/sct#43631000000102	http://snomed.info/sct#43631000000102	2806475
http://snomed.info/sct#43641000000106	http://snomed.info/sct#43641000000106	2854628
http://snomed.info/sct#43651000000109	http://snomed.info/sct#43651000000109	2580128
http://snomed.info/sct#43661000000107	http://snomed.info/sct#43661000000107	2632138
http://snomed.info/sct#43671000000100	http://snomed.info/sct#43671000000100	2675872
http://snomed.info/sct#43681000000103	http://snomed.info/sct#43681000000103	2712462
http://snomed.info/sct#43691000000101	http://snomed.info/sct#43691000000101	2770306
http://snomed.info/sct#43701000000101	http://snomed.info/sct#43701000000101	2835549
http://snomed.info/sct#43711000000104	http://snomed.info/sct#43711000000104	2567046
http://snomed.info/sct#47481000000105	http://snomed.info/sct#47481000000105	2800893
http://snomed.info/sct#50201000000100	http://snomed.info/sct#50201000000100	2804668
http://snomed.info/sct#50211000000103	http://snomed.info/sct#50211000000103	2856769
http://snomed.info/sct#50221000000109	http://snomed.info/sct#50221000000109	2583292
http://snomed.info/sct#78441000000102	http://snomed.info/sct#78441000000102	2593989
http://snomed.info/sct#82841000000107	http://snomed.info/sct#82841000000107	2764410
http://snomed.info/sct#82851000000105	http://snomed.info/sct#82851000000105	2818808
http://snomed.info/sct#82861000000108	http://snomed.info/sct#82861000000108	2854421
http://snomed.info/sct#82871000000101	http://snomed.info/sct#82871000000101	2588724
http://snomed.info/sct#82881000000104	http://snomed.info/sct#82881000000104	2640818
http://snomed.info/sct#82891000000102	http://snomed.info/sct#82891000000102	2681718
http://snomed.info/sct#82901000000101	http://snomed.info/sct#82901000000101	2757273
http://snomed.info/sct#82911000000104	http://snomed.info/sct#82911000000104	2795566
http://snomed.info/sct#82921000000105	http://snomed.info/sct#82921000000105	2846498
http://snomed.info/sct#82931000000107	http://snomed.info/sct#82931000000107	2582076
http://snomed.info/sct#82941000000103	http://snomed.info/sct#82941000000103	2625230
http://snomed.info/sct#82951000000100	http://snomed.info/sct#82951000000100	2663653
http://snomed.info/sct#82961000000102	http://snomed.info/sct#82961000000102	2712950
http://snomed.info/sct#82971000000109	http://snomed.info/sct#82971000000109	2769109
http://snomed.info/sct#82981000000106	http://snomed.info/sct#82981000000106	2803247
http://snomed.info/sct#82991000000108	http://snomed.info/sct#82991000000108	2856105
http://snomed.info/sct#83001000000107	http://snomed.info/sct#83001000000107	2799519
http://snomed.info/sct#83011000000109	http://snomed.info/sct#83011000000109	2840084
http://snomed.info/sct#83021000000103	http://snomed.info/sct#83021000000103	2568091
http://snomed.info/sct#83031000000101	http://snomed.info/sct#83031000000101	2621588
http://snomed.info/sct#83041000000105	http://snomed.info/sct#83041000000105	2669418
http://snomed.info/sct#104011000000100	http://snomed.info/sct#104011000000100	2726443
http://snomed.info/sct#416751000000107	http://snomed.info/sct#416751000000107	2762381
http://snomed.info/sct#315634007	http://snomed.info/sct#315634007	211483
http://snomed.info/sct#92421000000102	http://snomed.info/sct#92421000000102	338453
http://snomed.info/sct#976711000000103	http://snomed.info/sct#976711000000103	363564
http://snomed.info/sct#977391000000108	http://snomed.info/sct#977391000000108	363594
http://snomed.info/sct#2751001	http://snomed.info/sct#2751001	2278
http://snomed.info/sct#2751001	http://snomed.info/sct#237600004	146121
http://snomed.info/sct#5368009	http://snomed.info/sct#5368009	4486
http://snomed.info/sct#5368009	http://snomed.info/sct#190447002	122306
http://snomed.info/sct#5368009	http://snomed.info/sct#408540003	246378
http://snomed.info/sct#5969009	http://snomed.info/sct#5969009	4987
http://snomed.info/sct#5969009	http://snomed.info/sct#237612000	146131
http://snomed.info/sct#5969009	http://snomed.info/sct#237617006	146135
http://snomed.info/sct#5969009	http://snomed.info/sct#237619009	146137
http://snomed.info/sct#5969009	http://snomed.info/sct#427089005	262973
http://snomed.info/sct#5969009	http://snomed.info/sct#609568004	292245
http://snomed.info/sct#5969009	http://snomed.info/sct#609569007	292246
http://snomed.info/sct#5969009	http://snomed.info/sct#734022008	323161
http://snomed.info/sct#5969009	http://snomed.info/sct#237611007	146130
http://snomed.info/sct#5969009	http://snomed.info/sct#816067005	2833323
http://snomed.info/sct#5969009	http://snomed.info/sct#783722008	2608414
http://snomed.info/sct#5969009	http://snomed.info/sct#1197592001	3057864
http://snomed.info/sct#5969009	http://snomed.info/sct#609561005	292238
http://snomed.info/sct#5969009	http://snomed.info/sct#49817004	41799
http://snomed.info/sct#5969009	http://snomed.info/sct#24203005	20180
http://snomed.info/sct#5969009	http://snomed.info/sct#33559001	28074
http://snomed.info/sct#5969009	http://snomed.info/sct#111307005	88454
http://snomed.info/sct#5969009	http://snomed.info/sct#127012008	100241
http://snomed.info/sct#5969009	http://snomed.info/sct#237652003	146165
http://snomed.info/sct#5969009	http://snomed.info/sct#237651005	146164
http://snomed.info/sct#5969009	http://snomed.info/sct#237604008	146125
http://snomed.info/sct#5969009	http://snomed.info/sct#609562003	292239
http://snomed.info/sct#5969009	http://snomed.info/sct#609570008	292247
http://snomed.info/sct#5969009	http://snomed.info/sct#609571007	292248
http://snomed.info/sct#5969009	http://snomed.info/sct#609572000	292249
http://snomed.info/sct#5969009	http://snomed.info/sct#609573005	292250
http://snomed.info/sct#5969009	http://snomed.info/sct#609574004	292251
http://snomed.info/sct#5969009	http://snomed.info/sct#609575003	292252
http://snomed.info/sct#5969009	http://snomed.info/sct#609576002	292253
http://snomed.info/sct#5969009	http://snomed.info/sct#609577006	292254
http://snomed.info/sct#5969009	http://snomed.info/sct#609578001	292255
http://snomed.info/sct#5969009	http://snomed.info/sct#609565001	292242
http://snomed.info/sct#5969009	http://snomed.info/sct#237603002	146124
http://snomed.info/sct#5969009	http://snomed.info/sct#721088003	311822
http://snomed.info/sct#5969009	http://snomed.info/sct#1303868000	3217910
http://snomed.info/sct#5969009	http://snomed.info/sct#112991000000101	339039
http://snomed.info/sct#5969009	http://snomed.info/sct#724067006	314294
http://snomed.info/sct#5969009	http://snomed.info/sct#782825008	2763525
http://snomed.info/sct#5969009	http://snomed.info/sct#609579009	292256
http://snomed.info/sct#5969009	http://snomed.info/sct#609580007	292257
http://snomed.info/sct#5969009	http://snomed.info/sct#609581006	292258
http://snomed.info/sct#8801005	http://snomed.info/sct#8801005	7349
http://snomed.info/sct#8801005	http://snomed.info/sct#5368009	4486
http://snomed.info/sct#8801005	http://snomed.info/sct#5969009	4987
http://snomed.info/sct#8801005	http://snomed.info/sct#51002006	42781
http://snomed.info/sct#8801005	http://snomed.info/sct#75524006	63292
http://snomed.info/sct#8801005	http://snomed.info/sct#237601000	146122
http://snomed.info/sct#8801005	http://snomed.info/sct#445260006	277806
http://snomed.info/sct#8801005	http://snomed.info/sct#720519003	311398
http://snomed.info/sct#8801005	http://snomed.info/sct#737212004	325560
http://snomed.info/sct#8801005	http://snomed.info/sct#276560009	176965
http://snomed.info/sct#8801005	http://snomed.info/sct#782755007	2655447
http://snomed.info/sct#8801005	http://snomed.info/sct#190447002	122306
http://snomed.info/sct#8801005	http://snomed.info/sct#408540003	246378
http://snomed.info/sct#8801005	http://snomed.info/sct#237612000	146131
http://snomed.info/sct#8801005	http://snomed.info/sct#237617006	146135
http://snomed.info/sct#8801005	http://snomed.info/sct#237619009	146137
http://snomed.info/sct#8801005	http://snomed.info/sct#427089005	262973
http://snomed.info/sct#8801005	http://snomed.info/sct#609568004	292245
http://snomed.info/sct#8801005	http://snomed.info/sct#609569007	292246
http://snomed.info/sct#8801005	http://snomed.info/sct#734022008	323161
http://snomed.info/sct#8801005	http://snomed.info/sct#237611007	146130
http://snomed.info/sct#8801005	http://snomed.info/sct#816067005	2833323
http://snomed.info/sct#8801005	http://snomed.info/sct#783722008	2608414
http://snomed.info/sct#8801005	http://snomed.info/sct#1197592001	3057864
http://snomed.info/sct#8801005	http://snomed.info/sct#2751001	2278
http://snomed.info/sct#8801005	http://snomed.info/sct#91352004	76640
http://snomed.info/sct#8801005	http://snomed.info/sct#105401000119101	338797
http://snomed.info/sct#8801005	http://snomed.info/sct#1367802006	3358433
http://snomed.info/sct#8801005	http://snomed.info/sct#57886004	48551
http://snomed.info/sct#8801005	http://snomed.info/sct#199231005	124698
http://snomed.info/sct#8801005	http://snomed.info/sct#237600004	146121
http://snomed.info/sct#8801005	http://snomed.info/sct#42954008	35984
http://snomed.info/sct#8801005	http://snomed.info/sct#59079001	49545
http://snomed.info/sct#8801005	http://snomed.info/sct#75682002	63428
http://snomed.info/sct#8801005	http://snomed.info/sct#609561005	292238
http://snomed.info/sct#8801005	http://snomed.info/sct#49817004	41799
http://snomed.info/sct#8801005	http://snomed.info/sct#24203005	20180
http://snomed.info/sct#8801005	http://snomed.info/sct#33559001	28074
http://snomed.info/sct#8801005	http://snomed.info/sct#111307005	88454
http://snomed.info/sct#8801005	http://snomed.info/sct#127012008	100241
http://snomed.info/sct#8801005	http://snomed.info/sct#237652003	146165
http://snomed.info/sct#8801005	http://snomed.info/sct#237651005	146164
http://snomed.info/sct#8801005	http://snomed.info/sct#1142044000	3065647
http://snomed.info/sct#8801005	http://snomed.info/sct#237604008	146125
http://snomed.info/sct#8801005	http://snomed.info/sct#609562003	292239
http://snomed.info/sct#8801005	http://snomed.info/sct#609570008	292247
http://snomed.info/sct#8801005	http://snomed.info/sct#609571007	292248
http://snomed.info/sct#8801005	http://snomed.info/sct#609572000	292249
http://snomed.info/sct#8801005	http://snomed.info/sct#609573005	292250
http://snomed.info/sct#8801005	http://snomed.info/sct#609574004	292251
http://snomed.info/sct#8801005	http://snomed.info/sct#609575003	292252
http://snomed.info/sct#8801005	http://snomed.info/sct#609576002	292253
http://snomed.info/sct#8801005	http://snomed.info/sct#609577006	292254
http://snomed.info/sct#8801005	http://snomed.info/sct#609578001	292255
http://snomed.info/sct#8801005	http://snomed.info/sct#609565001	292242
http://snomed.info/sct#8801005	http://snomed.info/sct#237603002	146124
http://snomed.info/sct#8801005	http://snomed.info/sct#721088003	311822
http://snomed.info/sct#8801005	http://snomed.info/sct#1303868000	3217910
http://snomed.info/sct#8801005	http://snomed.info/sct#112991000000101	339039
http://snomed.info/sct#8801005	http://snomed.info/sct#724067006	314294
http://snomed.info/sct#8801005	http://snomed.info/sct#782825008	2763525
http://snomed.info/sct#8801005	http://snomed.info/sct#609579009	292256
http://snomed.info/sct#8801005	http://snomed.info/sct#609580007	292257
http://snomed.info/sct#8801005	http://snomed.info/sct#609581006	292258
http://snomed.info/sct#25093002	http://snomed.info/sct#25093002	20933
http://snomed.info/sct#25093002	http://snomed.info/sct#4855003	4048
http://snomed.info/sct#25093002	http://snomed.info/sct#43959009	36811
http://snomed.info/sct#25093002	http://snomed.info/sct#193489006	123134
http://snomed.info/sct#25093002	http://snomed.info/sct#312910009	209211
http://snomed.info/sct#25093002	http://snomed.info/sct#421256007	257404
http://snomed.info/sct#25093002	http://snomed.info/sct#422099009	258188
http://snomed.info/sct#25093002	http://snomed.info/sct#713457002	305417
http://snomed.info/sct#25093002	http://snomed.info/sct#739681000	326154
http://snomed.info/sct#25093002	http://snomed.info/sct#860798008	2804619
http://snomed.info/sct#25093002	http://snomed.info/sct#1217674007	3050533
http://snomed.info/sct#25093002	http://snomed.info/sct#59276001	49710
http://snomed.info/sct#25093002	http://snomed.info/sct#232020009	141112
http://snomed.info/sct#25093002	http://snomed.info/sct#232023006	141115
http://snomed.info/sct#25093002	http://snomed.info/sct#311782002	208265
http://snomed.info/sct#25093002	http://snomed.info/sct#390834004	233350
http://snomed.info/sct#25093002	http://snomed.info/sct#399866003	239383
http://snomed.info/sct#25093002	http://snomed.info/sct#399868002	239385
http://snomed.info/sct#25093002	http://snomed.info/sct#399871005	239388
http://snomed.info/sct#25093002	http://snomed.info/sct#420789003	256976
http://snomed.info/sct#25093002	http://snomed.info/sct#422034002	258127
http://snomed.info/sct#25093002	http://snomed.info/sct#770323005	332863
http://snomed.info/sct#25093002	http://snomed.info/sct#770324004	332864
http://snomed.info/sct#25093002	http://snomed.info/sct#775841000000109	353544
http://snomed.info/sct#25093002	http://snomed.info/sct#420756003	256945
http://snomed.info/sct#25093002	http://snomed.info/sct#421920002	258021
http://snomed.info/sct#25093002	http://snomed.info/sct#768792007	331632
http://snomed.info/sct#25093002	http://snomed.info/sct#768793002	331633
http://snomed.info/sct#25093002	http://snomed.info/sct#368151000119108	2889579
http://snomed.info/sct#25093002	http://snomed.info/sct#768797001	331637
http://snomed.info/sct#25093002	http://snomed.info/sct#768798006	331638
http://snomed.info/sct#25093002	http://snomed.info/sct#1491000119102	333275
http://snomed.info/sct#25093002	http://snomed.info/sct#104951000119106	338788
http://snomed.info/sct#25093002	http://snomed.info/sct#770361008	2768565
http://snomed.info/sct#25093002	http://snomed.info/sct#770362001	2774265
http://snomed.info/sct#25093002	http://snomed.info/sct#41911000119107	337210
http://snomed.info/sct#25093002	http://snomed.info/sct#82551000119103	338110
http://snomed.info/sct#25093002	http://snomed.info/sct#1003605004	2890614
http://snomed.info/sct#25093002	http://snomed.info/sct#1196922005	3063705
http://snomed.info/sct#25093002	http://snomed.info/sct#1196923000	3064516
http://snomed.info/sct#25093002	http://snomed.info/sct#82581000119105	338112
http://snomed.info/sct#25093002	http://snomed.info/sct#232021008	141113
http://snomed.info/sct#25093002	http://snomed.info/sct#232022001	141114
http://snomed.info/sct#25093002	http://snomed.info/sct#312906006	209207
http://snomed.info/sct#25093002	http://snomed.info/sct#312907002	209208
http://snomed.info/sct#25093002	http://snomed.info/sct#312909004	209210
http://snomed.info/sct#25093002	http://snomed.info/sct#1501000119109	333278
http://snomed.info/sct#25093002	http://snomed.info/sct#60971000119101	337447
http://snomed.info/sct#25093002	http://snomed.info/sct#103981000119101	338764
http://snomed.info/sct#25093002	http://snomed.info/sct#770765001	2658634
http://snomed.info/sct#25093002	http://snomed.info/sct#770766000	2664285
http://snomed.info/sct#25093002	http://snomed.info/sct#1306699009	3247364
http://snomed.info/sct#25093002	http://snomed.info/sct#193350004	123101
http://snomed.info/sct#25093002	http://snomed.info/sct#312912001	209213
http://snomed.info/sct#25093002	http://snomed.info/sct#314014002	210065
http://snomed.info/sct#25093002	http://snomed.info/sct#769244003	332030
http://snomed.info/sct#25093002	http://snomed.info/sct#769245002	332031
http://snomed.info/sct#25093002	http://snomed.info/sct#82541000119100	338108
http://snomed.info/sct#25093002	http://snomed.info/sct#82571000119107	338111
http://snomed.info/sct#25093002	http://snomed.info/sct#193349004	123100
http://snomed.info/sct#25093002	http://snomed.info/sct#312903003	209204
http://snomed.info/sct#25093002	http://snomed.info/sct#312904009	209205
http://snomed.info/sct#25093002	http://snomed.info/sct#312905005	209206
http://snomed.info/sct#25093002	http://snomed.info/sct#399876000	239393
http://snomed.info/sct#25093002	http://snomed.info/sct#1551000119108	333296
http://snomed.info/sct#25093002	http://snomed.info/sct#60961000119107	337446
http://snomed.info/sct#25093002	http://snomed.info/sct#368721000119104	346187
http://snomed.info/sct#25093002	http://snomed.info/sct#816178004	2562087
http://snomed.info/sct#25093002	http://snomed.info/sct#816177009	2547757
http://snomed.info/sct#25093002	http://snomed.info/sct#770599000	2683740
http://snomed.info/sct#25093002	http://snomed.info/sct#770600002	2547658
http://snomed.info/sct#25093002	http://snomed.info/sct#870420005	2772433
http://snomed.info/sct#25093002	http://snomed.info/sct#25412000	21202
http://snomed.info/sct#25093002	http://snomed.info/sct#104941000119109	338787
http://snomed.info/sct#25093002	http://snomed.info/sct#109171000119104	338923
http://snomed.info/sct#25093002	http://snomed.info/sct#706894000	300127
http://snomed.info/sct#25093002	http://snomed.info/sct#28331000119107	336975
http://snomed.info/sct#25093002	http://snomed.info/sct#104961000119108	338789
http://snomed.info/sct#25093002	http://snomed.info/sct#314537004	210493
http://snomed.info/sct#25093002	http://snomed.info/sct#768794008	331634
http://snomed.info/sct#25093002	http://snomed.info/sct#768799003	331639
http://snomed.info/sct#25093002	http://snomed.info/sct#312908007	209209
http://snomed.info/sct#25093002	http://snomed.info/sct#399870006	239387
http://snomed.info/sct#25093002	http://snomed.info/sct#399875001	239392
http://snomed.info/sct#25093002	http://snomed.info/sct#399862001	239379
http://snomed.info/sct#25093002	http://snomed.info/sct#399865004	239382
http://snomed.info/sct#25093002	http://snomed.info/sct#399869005	239386
http://snomed.info/sct#25093002	http://snomed.info/sct#399874002	239391
http://snomed.info/sct#25093002	http://snomed.info/sct#97341000119105	338618
http://snomed.info/sct#25093002	http://snomed.info/sct#16747901000119104	2887270
http://snomed.info/sct#25093002	http://snomed.info/sct#16749661000119102	2888863
http://snomed.info/sct#25093002	http://snomed.info/sct#16747741000119100	2889083
http://snomed.info/sct#25093002	http://snomed.info/sct#16748741000119101	2889479
http://snomed.info/sct#25093002	http://snomed.info/sct#816961009	2764112
http://snomed.info/sct#25093002	http://snomed.info/sct#816962002	2779281
http://snomed.info/sct#25093002	http://snomed.info/sct#314010006	210061
http://snomed.info/sct#25093002	http://snomed.info/sct#314011005	210062
http://snomed.info/sct#25093002	http://snomed.info/sct#314015001	210066
http://snomed.info/sct#25093002	http://snomed.info/sct#399864000	239381
http://snomed.info/sct#25093002	http://snomed.info/sct#769217008	332007
http://snomed.info/sct#25093002	http://snomed.info/sct#769218003	332008
http://snomed.info/sct#25093002	http://snomed.info/sct#769219006	332009
http://snomed.info/sct#25093002	http://snomed.info/sct#769220000	332010
http://snomed.info/sct#25093002	http://snomed.info/sct#770097006	332721
http://snomed.info/sct#25093002	http://snomed.info/sct#870421009	2777106
http://snomed.info/sct#25093002	http://snomed.info/sct#870529009	2702687
http://snomed.info/sct#25093002	http://snomed.info/sct#871778008	2606868
http://snomed.info/sct#25093002	http://snomed.info/sct#871781003	2708831
http://snomed.info/sct#25093002	http://snomed.info/sct#1354552000	3349851
http://snomed.info/sct#25093002	http://snomed.info/sct#1354553005	3349646
http://snomed.info/sct#25093002	http://snomed.info/sct#1354554004	3350595
http://snomed.info/sct#25093002	http://snomed.info/sct#860721006	2744824
http://snomed.info/sct#25093002	http://snomed.info/sct#769181007	331971
http://snomed.info/sct#25093002	http://snomed.info/sct#769182000	331972
http://snomed.info/sct#25093002	http://snomed.info/sct#769183005	331973
http://snomed.info/sct#25093002	http://snomed.info/sct#769184004	331974
http://snomed.info/sct#25093002	http://snomed.info/sct#138881000119106	339676
http://snomed.info/sct#25093002	http://snomed.info/sct#138911000119106	339679
http://snomed.info/sct#25093002	http://snomed.info/sct#368711000119106	346186
http://snomed.info/sct#25093002	http://snomed.info/sct#769185003	331975
http://snomed.info/sct#25093002	http://snomed.info/sct#769186002	331976
http://snomed.info/sct#25093002	http://snomed.info/sct#138891000119109	339677
http://snomed.info/sct#25093002	http://snomed.info/sct#138921000119104	339680
http://snomed.info/sct#25093002	http://snomed.info/sct#368741000119105	346188
http://snomed.info/sct#25093002	http://snomed.info/sct#399872003	239389
http://snomed.info/sct#25093002	http://snomed.info/sct#399873008	239390
http://snomed.info/sct#25093002	http://snomed.info/sct#769187006	331977
http://snomed.info/sct#25093002	http://snomed.info/sct#769188001	331978
http://snomed.info/sct#25093002	http://snomed.info/sct#399863006	239380
http://snomed.info/sct#25093002	http://snomed.info/sct#399877009	239394
http://snomed.info/sct#25093002	http://snomed.info/sct#769190000	331980
http://snomed.info/sct#25093002	http://snomed.info/sct#769191001	331981
http://snomed.info/sct#25093002	http://snomed.info/sct#16745051000119107	2889580
http://snomed.info/sct#25093002	http://snomed.info/sct#16745131000119100	2890482
http://snomed.info/sct#25093002	http://snomed.info/sct#16745211000119100	2887757
http://snomed.info/sct#25093002	http://snomed.info/sct#16746741000119102	2888777
http://snomed.info/sct#25093002	http://snomed.info/sct#770581008	2828337
http://snomed.info/sct#25093002	http://snomed.info/sct#770582001	2834396
http://snomed.info/sct#25093002	http://snomed.info/sct#16748141000119100	2888418
http://snomed.info/sct#25093002	http://snomed.info/sct#16749781000119101	2888260
http://snomed.info/sct#25093002	http://snomed.info/sct#1306700005	3226866
http://snomed.info/sct#25093002	http://snomed.info/sct#769221001	332011
http://snomed.info/sct#25093002	http://snomed.info/sct#769222008	332012
http://snomed.info/sct#25093002	http://snomed.info/sct#420486006	256696
http://snomed.info/sct#25093002	http://snomed.info/sct#421779007	257887
http://snomed.info/sct#25093002	http://snomed.info/sct#97331000119101	338617
http://snomed.info/sct#25093002	http://snomed.info/sct#16745611000119102	2888597
http://snomed.info/sct#25093002	http://snomed.info/sct#16745651000119101	2890658
http://snomed.info/sct#25093002	http://snomed.info/sct#16745891000119105	2889639
http://snomed.info/sct#25093002	http://snomed.info/sct#16745531000119108	2887554
http://snomed.info/sct#25093002	http://snomed.info/sct#16697471000119102	2887663
http://snomed.info/sct#25093002	http://snomed.info/sct#16746261000119108	2890889
http://snomed.info/sct#25093002	http://snomed.info/sct#16697421000119103	2888669
http://snomed.info/sct#25093002	http://snomed.info/sct#16746131000119105	2890875
http://snomed.info/sct#25093002	http://snomed.info/sct#16747141000119104	2888079
http://snomed.info/sct#25093002	http://snomed.info/sct#16747341000119101	2888460
http://snomed.info/sct#25093002	http://snomed.info/sct#16746901000119101	2890697
http://snomed.info/sct#25093002	http://snomed.info/sct#16746941000119104	2889291
http://snomed.info/sct#25093002	http://snomed.info/sct#16747661000119109	2888191
http://snomed.info/sct#25093002	http://snomed.info/sct#16746661000119106	2887862
http://snomed.info/sct#25093002	http://snomed.info/sct#16745411000119104	2888036
http://snomed.info/sct#25093002	http://snomed.info/sct#16745931000119102	2888282
http://snomed.info/sct#25093002	http://snomed.info/sct#16697521000119104	2890665
http://snomed.info/sct#25093002	http://snomed.info/sct#16746341000119103	2888118
http://snomed.info/sct#25093002	http://snomed.info/sct#16747021000119109	2888578
http://snomed.info/sct#25093002	http://snomed.info/sct#16747101000119101	2889573
http://snomed.info/sct#26298008	http://snomed.info/sct#26298008	21948
http://snomed.info/sct#26298008	http://snomed.info/sct#421075007	257243
http://snomed.info/sct#26298008	http://snomed.info/sct#421847006	257949
http://snomed.info/sct#39058009	http://snomed.info/sct#39058009	32713
http://snomed.info/sct#39058009	http://snomed.info/sct#427027005	262912
http://snomed.info/sct#39058009	http://snomed.info/sct#427571000	263437
http://snomed.info/sct#44054006	http://snomed.info/sct#44054006	36890
http://snomed.info/sct#44054006	http://snomed.info/sct#81531005	68376
http://snomed.info/sct#44054006	http://snomed.info/sct#190389009	122293
http://snomed.info/sct#44054006	http://snomed.info/sct#199230006	124697
http://snomed.info/sct#44054006	http://snomed.info/sct#237599002	146120
http://snomed.info/sct#44054006	http://snomed.info/sct#237627000	146144
http://snomed.info/sct#44054006	http://snomed.info/sct#359642000	215947
http://snomed.info/sct#44054006	http://snomed.info/sct#443694000	276318
http://snomed.info/sct#44054006	http://snomed.info/sct#444110003	276721
http://snomed.info/sct#44054006	http://snomed.info/sct#445353002	277894
http://snomed.info/sct#44054006	http://snomed.info/sct#703138006	297223
http://snomed.info/sct#44054006	http://snomed.info/sct#1481000119100	333270
http://snomed.info/sct#44054006	http://snomed.info/sct#1217044000	3065310
http://snomed.info/sct#44054006	http://snomed.info/sct#609567009	292244
http://snomed.info/sct#44054006	http://snomed.info/sct#164971000119101	340186
http://snomed.info/sct#49455004	http://snomed.info/sct#49455004	41483
http://snomed.info/sct#49455004	http://snomed.info/sct#126535008	99786
http://snomed.info/sct#49455004	http://snomed.info/sct#230574001	139785
http://snomed.info/sct#49455004	http://snomed.info/sct#230575000	139786
http://snomed.info/sct#49455004	http://snomed.info/sct#230576004	139787
http://snomed.info/sct#49455004	http://snomed.info/sct#713705003	305651
http://snomed.info/sct#49455004	http://snomed.info/sct#713706002	305652
http://snomed.info/sct#49455004	http://snomed.info/sct#789585000	2771404
http://snomed.info/sct#49455004	http://snomed.info/sct#368251000119101	2887948
http://snomed.info/sct#49455004	http://snomed.info/sct#126534007	99785
http://snomed.info/sct#51002006	http://snomed.info/sct#51002006	42781
http://snomed.info/sct#51002006	http://snomed.info/sct#2751001	2278
http://snomed.info/sct#51002006	http://snomed.info/sct#91352004	76640
http://snomed.info/sct#51002006	http://snomed.info/sct#427089005	262973
http://snomed.info/sct#51002006	http://snomed.info/sct#105401000119101	338797
http://snomed.info/sct#51002006	http://snomed.info/sct#1367802006	3358433
http://snomed.info/sct#51002006	http://snomed.info/sct#237600004	146121
http://snomed.info/sct#70694009	http://snomed.info/sct#70694009	59251
http://snomed.info/sct#70694009	http://snomed.info/sct#1285518004	3235350
http://snomed.info/sct#70694009	http://snomed.info/sct#1285519007	3237496
http://snomed.info/sct#73211009	http://snomed.info/sct#73211009	61367
http://snomed.info/sct#73211009	http://snomed.info/sct#8801005	7349
http://snomed.info/sct#73211009	http://snomed.info/sct#11530004	9602
http://snomed.info/sct#73211009	http://snomed.info/sct#44054006	36890
http://snomed.info/sct#73211009	http://snomed.info/sct#46635009	39086
http://snomed.info/sct#73211009	http://snomed.info/sct#123763000	98038
http://snomed.info/sct#73211009	http://snomed.info/sct#703136005	297221
http://snomed.info/sct#73211009	http://snomed.info/sct#716362006	308003
http://snomed.info/sct#73211009	http://snomed.info/sct#722206009	312828
http://snomed.info/sct#73211009	http://snomed.info/sct#733072002	322456
http://snomed.info/sct#73211009	http://snomed.info/sct#335621000000101	345085
http://snomed.info/sct#73211009	http://snomed.info/sct#385041000000108	346687
http://snomed.info/sct#73211009	http://snomed.info/sct#385051000000106	346688
http://snomed.info/sct#73211009	http://snomed.info/sct#530558861000132104	711755
http://snomed.info/sct#73211009	http://snomed.info/sct#199223000	124691
http://snomed.info/sct#73211009	http://snomed.info/sct#405749004	244232
http://snomed.info/sct#73211009	http://snomed.info/sct#890171006	2887435
http://snomed.info/sct#73211009	http://snomed.info/sct#5368009	4486
http://snomed.info/sct#73211009	http://snomed.info/sct#5969009	4987
http://snomed.info/sct#73211009	http://snomed.info/sct#51002006	42781
http://snomed.info/sct#73211009	http://snomed.info/sct#75524006	63292
http://snomed.info/sct#73211009	http://snomed.info/sct#237601000	146122
http://snomed.info/sct#73211009	http://snomed.info/sct#445260006	277806
http://snomed.info/sct#73211009	http://snomed.info/sct#720519003	311398
http://snomed.info/sct#73211009	http://snomed.info/sct#737212004	325560
http://snomed.info/sct#73211009	http://snomed.info/sct#276560009	176965
http://snomed.info/sct#73211009	http://snomed.info/sct#782755007	2655447
http://snomed.info/sct#73211009	http://snomed.info/sct#290002008	189109
http://snomed.info/sct#73211009	http://snomed.info/sct#445353002	277894
http://snomed.info/sct#73211009	http://snomed.info/sct#81531005	68376
http://snomed.info/sct#73211009	http://snomed.info/sct#190389009	122293
http://snomed.info/sct#73211009	http://snomed.info/sct#199230006	124697
http://snomed.info/sct#73211009	http://snomed.info/sct#237599002	146120
http://snomed.info/sct#73211009	http://snomed.info/sct#237627000	146144
http://snomed.info/sct#73211009	http://snomed.info/sct#359642000	215947
http://snomed.info/sct#73211009	http://snomed.info/sct#443694000	276318
http://snomed.info/sct#73211009	http://snomed.info/sct#444110003	276721
http://snomed.info/sct#73211009	http://snomed.info/sct#703138006	297223
http://snomed.info/sct#73211009	http://snomed.info/sct#1481000119100	333270
http://snomed.info/sct#73211009	http://snomed.info/sct#1217044000	3065310
http://snomed.info/sct#73211009	http://snomed.info/sct#23045005	19218
http://snomed.info/sct#73211009	http://snomed.info/sct#28032008	23430
http://snomed.info/sct#73211009	http://snomed.info/sct#70694009	59251
http://snomed.info/sct#73211009	http://snomed.info/sct#190368000	122290
http://snomed.info/sct#73211009	http://snomed.info/sct#190372001	122291
http://snomed.info/sct#73211009	http://snomed.info/sct#199229001	124696
http://snomed.info/sct#73211009	http://snomed.info/sct#426875007	262765
http://snomed.info/sct#73211009	http://snomed.info/sct#444073006	276688
http://snomed.info/sct#73211009	http://snomed.info/sct#444074000	276689
http://snomed.info/sct#73211009	http://snomed.info/sct#609566000	292243
http://snomed.info/sct#73211009	http://snomed.info/sct#703137001	297222
http://snomed.info/sct#73211009	http://snomed.info/sct#722454003	313043
http://snomed.info/sct#73211009	http://snomed.info/sct#31321000119102	337018
http://snomed.info/sct#73211009	http://snomed.info/sct#870528001	2698916
http://snomed.info/sct#73211009	http://snomed.info/sct#1217068008	3064092
http://snomed.info/sct#73211009	http://snomed.info/sct#1255271005	3212800
http://snomed.info/sct#73211009	http://snomed.info/sct#1290118005	3211063
http://snomed.info/sct#73211009	http://snomed.info/sct#709147009	302207
http://snomed.info/sct#73211009	http://snomed.info/sct#11687002	9736
http://snomed.info/sct#73211009	http://snomed.info/sct#609563008	292240
http://snomed.info/sct#73211009	http://snomed.info/sct#76751001	64339
http://snomed.info/sct#73211009	http://snomed.info/sct#190447002	122306
http://snomed.info/sct#73211009	http://snomed.info/sct#408540003	246378
http://snomed.info/sct#73211009	http://snomed.info/sct#237612000	146131
http://snomed.info/sct#73211009	http://snomed.info/sct#237617006	146135
http://snomed.info/sct#73211009	http://snomed.info/sct#237619009	146137
http://snomed.info/sct#73211009	http://snomed.info/sct#427089005	262973
http://snomed.info/sct#73211009	http://snomed.info/sct#609568004	292245
http://snomed.info/sct#73211009	http://snomed.info/sct#609569007	292246
http://snomed.info/sct#73211009	http://snomed.info/sct#734022008	323161
http://snomed.info/sct#73211009	http://snomed.info/sct#237611007	146130
http://snomed.info/sct#73211009	http://snomed.info/sct#816067005	2833323
http://snomed.info/sct#73211009	http://snomed.info/sct#783722008	2608414
http://snomed.info/sct#73211009	http://snomed.info/sct#1197592001	3057864
http://snomed.info/sct#73211009	http://snomed.info/sct#2751001	2278
http://snomed.info/sct#73211009	http://snomed.info/sct#91352004	76640
http://snomed.info/sct#73211009	http://snomed.info/sct#105401000119101	338797
http://snomed.info/sct#73211009	http://snomed.info/sct#1367802006	3358433
http://snomed.info/sct#73211009	http://snomed.info/sct#57886004	48551
http://snomed.info/sct#73211009	http://snomed.info/sct#199231005	124698
http://snomed.info/sct#73211009	http://snomed.info/sct#237600004	146121
http://snomed.info/sct#73211009	http://snomed.info/sct#42954008	35984
http://snomed.info/sct#73211009	http://snomed.info/sct#59079001	49545
http://snomed.info/sct#73211009	http://snomed.info/sct#75682002	63428
http://snomed.info/sct#73211009	http://snomed.info/sct#609567009	292244
http://snomed.info/sct#73211009	http://snomed.info/sct#164971000119101	340186
http://snomed.info/sct#73211009	http://snomed.info/sct#1285518004	3235350
http://snomed.info/sct#73211009	http://snomed.info/sct#1285519007	3237496
http://snomed.info/sct#73211009	http://snomed.info/sct#609564002	292241
http://snomed.info/sct#73211009	http://snomed.info/sct#46894009	39317
http://snomed.info/sct#73211009	http://snomed.info/sct#75022004	62875
http://snomed.info/sct#73211009	http://snomed.info/sct#472699005	290686
http://snomed.info/sct#73211009	http://snomed.info/sct#40791000119105	337195
http://snomed.info/sct#73211009	http://snomed.info/sct#40801000119106	337196
http://snomed.info/sct#73211009	http://snomed.info/sct#10753491000119101	460554
http://snomed.info/sct#73211009	http://snomed.info/sct#1142044000	3065647
http://snomed.info/sct#73211009	http://snomed.info/sct#4783006	3988
http://snomed.info/sct#73211009	http://snomed.info/sct#10754881000119104	460573
http://snomed.info/sct#73211009	http://snomed.info/sct#609561005	292238
http://snomed.info/sct#73211009	http://snomed.info/sct#49817004	41799
http://snomed.info/sct#73211009	http://snomed.info/sct#24203005	20180
http://snomed.info/sct#73211009	http://snomed.info/sct#33559001	28074
http://snomed.info/sct#73211009	http://snomed.info/sct#111307005	88454
http://snomed.info/sct#73211009	http://snomed.info/sct#127012008	100241
http://snomed.info/sct#73211009	http://snomed.info/sct#237652003	146165
http://snomed.info/sct#73211009	http://snomed.info/sct#237651005	146164
http://snomed.info/sct#73211009	http://snomed.info/sct#106281000119103	338826
http://snomed.info/sct#73211009	http://snomed.info/sct#237604008	146125
http://snomed.info/sct#73211009	http://snomed.info/sct#609562003	292239
http://snomed.info/sct#73211009	http://snomed.info/sct#609570008	292247
http://snomed.info/sct#73211009	http://snomed.info/sct#609571007	292248
http://snomed.info/sct#73211009	http://snomed.info/sct#609572000	292249
http://snomed.info/sct#73211009	http://snomed.info/sct#609573005	292250
http://snomed.info/sct#73211009	http://snomed.info/sct#609574004	292251
http://snomed.info/sct#73211009	http://snomed.info/sct#609575003	292252
http://snomed.info/sct#73211009	http://snomed.info/sct#609576002	292253
http://snomed.info/sct#73211009	http://snomed.info/sct#609577006	292254
http://snomed.info/sct#73211009	http://snomed.info/sct#609578001	292255
http://snomed.info/sct#73211009	http://snomed.info/sct#609565001	292242
http://snomed.info/sct#73211009	http://snomed.info/sct#237603002	146124
http://snomed.info/sct#73211009	http://snomed.info/sct#721088003	311822
http://snomed.info/sct#73211009	http://snomed.info/sct#1303868000	3217910
http://snomed.info/sct#73211009	http://snomed.info/sct#112991000000101	339039
http://snomed.info/sct#73211009	http://snomed.info/sct#724067006	314294
http://snomed.info/sct#73211009	http://snomed.info/sct#782825008	2763525
http://snomed.info/sct#73211009	http://snomed.info/sct#609579009	292256
http://snomed.info/sct#73211009	http://snomed.info/sct#609580007	292257
http://snomed.info/sct#73211009	http://snomed.info/sct#609581006	292258
http://snomed.info/sct#74627003	http://snomed.info/sct#74627003	62531
http://snomed.info/sct#74627003	http://snomed.info/sct#25093002	20933
http://snomed.info/sct#74627003	http://snomed.info/sct#82980005	69583
http://snomed.info/sct#74627003	http://snomed.info/sct#127013003	100242
http://snomed.info/sct#74627003	http://snomed.info/sct#200687002	125191
http://snomed.info/sct#74627003	http://snomed.info/sct#201723002	125493
http://snomed.info/sct#74627003	http://snomed.info/sct#237620003	146138
http://snomed.info/sct#74627003	http://snomed.info/sct#238981002	147315
http://snomed.info/sct#74627003	http://snomed.info/sct#371087003	225496
http://snomed.info/sct#74627003	http://snomed.info/sct#419100001	255454
http://snomed.info/sct#74627003	http://snomed.info/sct#420868002	257051
http://snomed.info/sct#74627003	http://snomed.info/sct#422014003	258108
http://snomed.info/sct#74627003	http://snomed.info/sct#422088007	258177
http://snomed.info/sct#74627003	http://snomed.info/sct#422275004	258353
http://snomed.info/sct#74627003	http://snomed.info/sct#724136006	314326
http://snomed.info/sct#74627003	http://snomed.info/sct#735200002	324045
http://snomed.info/sct#74627003	http://snomed.info/sct#762489000	326820
http://snomed.info/sct#74627003	http://snomed.info/sct#770096002	332720
http://snomed.info/sct#74627003	http://snomed.info/sct#21584002	17995
http://snomed.info/sct#74627003	http://snomed.info/sct#138811000119100	3220891
http://snomed.info/sct#74627003	http://snomed.info/sct#788878000	2581483
http://snomed.info/sct#74627003	http://snomed.info/sct#4855003	4048
http://snomed.info/sct#74627003	http://snomed.info/sct#43959009	36811
http://snomed.info/sct#74627003	http://snomed.info/sct#193489006	123134
http://snomed.info/sct#74627003	http://snomed.info/sct#312910009	209211
http://snomed.info/sct#74627003	http://snomed.info/sct#421256007	257404
http://snomed.info/sct#74627003	http://snomed.info/sct#422099009	258188
http://snomed.info/sct#74627003	http://snomed.info/sct#713457002	305417
http://snomed.info/sct#74627003	http://snomed.info/sct#739681000	326154
http://snomed.info/sct#74627003	http://snomed.info/sct#860798008	2804619
http://snomed.info/sct#74627003	http://snomed.info/sct#1217674007	3050533
http://snomed.info/sct#74627003	http://snomed.info/sct#309426007	206770
http://snomed.info/sct#74627003	http://snomed.info/sct#420279001	256498
http://snomed.info/sct#74627003	http://snomed.info/sct#421893009	257994
http://snomed.info/sct#74627003	http://snomed.info/sct#723074006	313575
http://snomed.info/sct#74627003	http://snomed.info/sct#792926007	2664877
http://snomed.info/sct#74627003	http://snomed.info/sct#368201000119100	2888944
http://snomed.info/sct#74627003	http://snomed.info/sct#368591000119109	346182
http://snomed.info/sct#74627003	http://snomed.info/sct#368541000119101	2889836
http://snomed.info/sct#74627003	http://snomed.info/sct#75682002	63428
http://snomed.info/sct#74627003	http://snomed.info/sct#237633009	146149
http://snomed.info/sct#74627003	http://snomed.info/sct#421966007	258065
http://snomed.info/sct#74627003	http://snomed.info/sct#422126006	258214
http://snomed.info/sct#74627003	http://snomed.info/sct#735539005	324285
http://snomed.info/sct#74627003	http://snomed.info/sct#701000119103	333052
http://snomed.info/sct#74627003	http://snomed.info/sct#761000119102	333070
http://snomed.info/sct#74627003	http://snomed.info/sct#1571000119104	333303
http://snomed.info/sct#74627003	http://snomed.info/sct#137931000119102	339651
http://snomed.info/sct#74627003	http://snomed.info/sct#137941000119106	339652
http://snomed.info/sct#74627003	http://snomed.info/sct#367261000119100	346024
http://snomed.info/sct#74627003	http://snomed.info/sct#368551000119104	346179
http://snomed.info/sct#74627003	http://snomed.info/sct#368561000119102	346180
http://snomed.info/sct#74627003	http://snomed.info/sct#822995009	2648949
http://snomed.info/sct#74627003	http://snomed.info/sct#280137006	180280
http://snomed.info/sct#74627003	http://snomed.info/sct#311366001	207903
http://snomed.info/sct#74627003	http://snomed.info/sct#314014002	210065
http://snomed.info/sct#74627003	http://snomed.info/sct#399866003	239383
http://snomed.info/sct#74627003	http://snomed.info/sct#399868002	239385
http://snomed.info/sct#74627003	http://snomed.info/sct#421895002	257996
http://snomed.info/sct#74627003	http://snomed.info/sct#424736006	260715
http://snomed.info/sct#74627003	http://snomed.info/sct#426907004	262797
http://snomed.info/sct#74627003	http://snomed.info/sct#427134009	263017
http://snomed.info/sct#74627003	http://snomed.info/sct#791000119109	333083
http://snomed.info/sct#74627003	http://snomed.info/sct#16891151000119103	2631222
http://snomed.info/sct#74627003	http://snomed.info/sct#16891191000119108	2890471
http://snomed.info/sct#74627003	http://snomed.info/sct#56391002	47328
http://snomed.info/sct#74627003	http://snomed.info/sct#1251386008	3229581
http://snomed.info/sct#74627003	http://snomed.info/sct#201250006	125389
http://snomed.info/sct#74627003	http://snomed.info/sct#201251005	125390
http://snomed.info/sct#74627003	http://snomed.info/sct#1521000119100	333286
http://snomed.info/sct#74627003	http://snomed.info/sct#164881000119109	340185
http://snomed.info/sct#74627003	http://snomed.info/sct#789562001	2806502
http://snomed.info/sct#74627003	http://snomed.info/sct#789568002	2823320
http://snomed.info/sct#74627003	http://snomed.info/sct#860977000	2618386
http://snomed.info/sct#74627003	http://snomed.info/sct#860978005	2633291
http://snomed.info/sct#74627003	http://snomed.info/sct#368181000119101	2887468
http://snomed.info/sct#74627003	http://snomed.info/sct#1771691000000102	3241845
http://snomed.info/sct#74627003	http://snomed.info/sct#314893005	210802
http://snomed.info/sct#74627003	http://snomed.info/sct#420825003	257008
http://snomed.info/sct#74627003	http://snomed.info/sct#421365002	257508
http://snomed.info/sct#74627003	http://snomed.info/sct#421468001	257600
http://snomed.info/sct#74627003	http://snomed.info/sct#721283000	312002
http://snomed.info/sct#74627003	http://snomed.info/sct#691000119103	333050
http://snomed.info/sct#74627003	http://snomed.info/sct#31211000119101	337017
http://snomed.info/sct#74627003	http://snomed.info/sct#60991000119100	337448
http://snomed.info/sct#74627003	http://snomed.info/sct#72021000119109	337882
http://snomed.info/sct#74627003	http://snomed.info/sct#72031000119107	337883
http://snomed.info/sct#74627003	http://snomed.info/sct#72041000119103	337884
http://snomed.info/sct#74627003	http://snomed.info/sct#72141000119104	337888
http://snomed.info/sct#74627003	http://snomed.info/sct#84371000119108	338150
http://snomed.info/sct#74627003	http://snomed.info/sct#110141000119100	338961
http://snomed.info/sct#74627003	http://snomed.info/sct#367991000119101	346119
http://snomed.info/sct#74627003	http://snomed.info/sct#716020005	307711
http://snomed.info/sct#74627003	http://snomed.info/sct#367211000119103	2889062
http://snomed.info/sct#74627003	http://snomed.info/sct#314902007	210809
http://snomed.info/sct#74627003	http://snomed.info/sct#314903002	210810
http://snomed.info/sct#74627003	http://snomed.info/sct#421326000	257470
http://snomed.info/sct#74627003	http://snomed.info/sct#421631007	257745
http://snomed.info/sct#74627003	http://snomed.info/sct#422166005	258252
http://snomed.info/sct#74627003	http://snomed.info/sct#428007007	263842
http://snomed.info/sct#74627003	http://snomed.info/sct#721284006	312003
http://snomed.info/sct#74627003	http://snomed.info/sct#201000119106	332906
http://snomed.info/sct#74627003	http://snomed.info/sct#1531000119102	333290
http://snomed.info/sct#74627003	http://snomed.info/sct#60951000119105	337445
http://snomed.info/sct#74627003	http://snomed.info/sct#72051000119101	337885
http://snomed.info/sct#74627003	http://snomed.info/sct#72061000119104	337886
http://snomed.info/sct#74627003	http://snomed.info/sct#102621000119101	338735
http://snomed.info/sct#74627003	http://snomed.info/sct#110171000119107	338962
http://snomed.info/sct#74627003	http://snomed.info/sct#120731000119103	339206
http://snomed.info/sct#74627003	http://snomed.info/sct#368051000119109	346126
http://snomed.info/sct#74627003	http://snomed.info/sct#15936501000119100	2890771
http://snomed.info/sct#74627003	http://snomed.info/sct#39181008	32808
http://snomed.info/sct#74627003	http://snomed.info/sct#230572002	139784
http://snomed.info/sct#74627003	http://snomed.info/sct#420662003	256859
http://snomed.info/sct#74627003	http://snomed.info/sct#420683009	256879
http://snomed.info/sct#74627003	http://snomed.info/sct#402864004	241596
http://snomed.info/sct#74627003	http://snomed.info/sct#193183000	123032
http://snomed.info/sct#74627003	http://snomed.info/sct#129599004	102260
http://snomed.info/sct#74627003	http://snomed.info/sct#762291006	326632
http://snomed.info/sct#74627003	http://snomed.info/sct#368171000119104	346139
http://snomed.info/sct#74627003	http://snomed.info/sct#368601000119102	346183
http://snomed.info/sct#74627003	http://snomed.info/sct#368721000119104	346187
http://snomed.info/sct#74627003	http://snomed.info/sct#1172389004	3063515
http://snomed.info/sct#74627003	http://snomed.info/sct#368141000119106	2888967
http://snomed.info/sct#74627003	http://snomed.info/sct#368151000119108	2889579
http://snomed.info/sct#74627003	http://snomed.info/sct#368251000119101	2887948
http://snomed.info/sct#74627003	http://snomed.info/sct#704241002	298301
http://snomed.info/sct#74627003	http://snomed.info/sct#59276001	49710
http://snomed.info/sct#74627003	http://snomed.info/sct#232020009	141112
http://snomed.info/sct#74627003	http://snomed.info/sct#232023006	141115
http://snomed.info/sct#74627003	http://snomed.info/sct#311782002	208265
http://snomed.info/sct#74627003	http://snomed.info/sct#390834004	233350
http://snomed.info/sct#74627003	http://snomed.info/sct#399871005	239388
http://snomed.info/sct#74627003	http://snomed.info/sct#420789003	256976
http://snomed.info/sct#74627003	http://snomed.info/sct#422034002	258127
http://snomed.info/sct#74627003	http://snomed.info/sct#770323005	332863
http://snomed.info/sct#74627003	http://snomed.info/sct#770324004	332864
http://snomed.info/sct#74627003	http://snomed.info/sct#775841000000109	353544
http://snomed.info/sct#74627003	http://snomed.info/sct#420756003	256945
http://snomed.info/sct#74627003	http://snomed.info/sct#421920002	258021
http://snomed.info/sct#74627003	http://snomed.info/sct#768792007	331632
http://snomed.info/sct#74627003	http://snomed.info/sct#768793002	331633
http://snomed.info/sct#74627003	http://snomed.info/sct#768797001	331637
http://snomed.info/sct#74627003	http://snomed.info/sct#768798006	331638
http://snomed.info/sct#74627003	http://snomed.info/sct#1491000119102	333275
http://snomed.info/sct#74627003	http://snomed.info/sct#104951000119106	338788
http://snomed.info/sct#74627003	http://snomed.info/sct#770361008	2768565
http://snomed.info/sct#74627003	http://snomed.info/sct#770362001	2774265
http://snomed.info/sct#74627003	http://snomed.info/sct#41911000119107	337210
http://snomed.info/sct#74627003	http://snomed.info/sct#82551000119103	338110
http://snomed.info/sct#74627003	http://snomed.info/sct#1003605004	2890614
http://snomed.info/sct#74627003	http://snomed.info/sct#1196922005	3063705
http://snomed.info/sct#74627003	http://snomed.info/sct#1196923000	3064516
http://snomed.info/sct#74627003	http://snomed.info/sct#82581000119105	338112
http://snomed.info/sct#74627003	http://snomed.info/sct#236500003	145166
http://snomed.info/sct#74627003	http://snomed.info/sct#425455002	261403
http://snomed.info/sct#74627003	http://snomed.info/sct#707221002	300426
http://snomed.info/sct#74627003	http://snomed.info/sct#771000119108	333075
http://snomed.info/sct#74627003	http://snomed.info/sct#157141000119108	340054
http://snomed.info/sct#74627003	http://snomed.info/sct#96441000119101	338595
http://snomed.info/sct#74627003	http://snomed.info/sct#243421000119104	342570
http://snomed.info/sct#74627003	http://snomed.info/sct#368421000119108	2890405
http://snomed.info/sct#74627003	http://snomed.info/sct#368431000119106	2890900
http://snomed.info/sct#74627003	http://snomed.info/sct#368441000119102	2887737
http://snomed.info/sct#74627003	http://snomed.info/sct#368451000119100	2888279
http://snomed.info/sct#74627003	http://snomed.info/sct#368461000119103	2888958
http://snomed.info/sct#74627003	http://snomed.info/sct#368471000119109	2889317
http://snomed.info/sct#74627003	http://snomed.info/sct#170766006	114005
http://snomed.info/sct#74627003	http://snomed.info/sct#237632004	146148
http://snomed.info/sct#74627003	http://snomed.info/sct#421725003	257835
http://snomed.info/sct#74627003	http://snomed.info/sct#198121000000103	340907
http://snomed.info/sct#74627003	http://snomed.info/sct#198131000000101	340908
http://snomed.info/sct#74627003	http://snomed.info/sct#894741000000107	359574
http://snomed.info/sct#74627003	http://snomed.info/sct#237635002	146150
http://snomed.info/sct#74627003	http://snomed.info/sct#190330002	122287
http://snomed.info/sct#74627003	http://snomed.info/sct#190331003	122288
http://snomed.info/sct#74627003	http://snomed.info/sct#735537007	324283
http://snomed.info/sct#74627003	http://snomed.info/sct#420422005	256634
http://snomed.info/sct#74627003	http://snomed.info/sct#735538002	324284
http://snomed.info/sct#74627003	http://snomed.info/sct#111231000119109	338991
http://snomed.info/sct#74627003	http://snomed.info/sct#367241000119104	2890754
http://snomed.info/sct#74627003	http://snomed.info/sct#428896009	264691
http://snomed.info/sct#74627003	http://snomed.info/sct#237621004	146139
http://snomed.info/sct#74627003	http://snomed.info/sct#398140007	237844
http://snomed.info/sct#74627003	http://snomed.info/sct#10656231000119100	459468
http://snomed.info/sct#74627003	http://snomed.info/sct#10656271000119102	459469
http://snomed.info/sct#74627003	http://snomed.info/sct#314015001	210066
http://snomed.info/sct#74627003	http://snomed.info/sct#770599000	2683740
http://snomed.info/sct#74627003	http://snomed.info/sct#770600002	2547658
http://snomed.info/sct#74627003	http://snomed.info/sct#870420005	2772433
http://snomed.info/sct#74627003	http://snomed.info/sct#25412000	21202
http://snomed.info/sct#74627003	http://snomed.info/sct#127014009	100243
http://snomed.info/sct#74627003	http://snomed.info/sct#1344623000	3356963
http://snomed.info/sct#74627003	http://snomed.info/sct#39058009	32713
http://snomed.info/sct#74627003	http://snomed.info/sct#39127005	32765
http://snomed.info/sct#74627003	http://snomed.info/sct#49455004	41483
http://snomed.info/sct#74627003	http://snomed.info/sct#79554005	66720
http://snomed.info/sct#74627003	http://snomed.info/sct#201724008	125494
http://snomed.info/sct#74627003	http://snomed.info/sct#230577008	139788
http://snomed.info/sct#74627003	http://snomed.info/sct#230579006	139789
http://snomed.info/sct#74627003	http://snomed.info/sct#427943001	263781
http://snomed.info/sct#74627003	http://snomed.info/sct#770094004	332718
http://snomed.info/sct#74627003	http://snomed.info/sct#1511000119107	333282
http://snomed.info/sct#74627003	http://snomed.info/sct#71791000119104	337876
http://snomed.info/sct#74627003	http://snomed.info/sct#773001000000103	353440
http://snomed.info/sct#74627003	http://snomed.info/sct#1144894004	3061784
http://snomed.info/sct#74627003	http://snomed.info/sct#1259048007	3223771
http://snomed.info/sct#74627003	http://snomed.info/sct#724876003	314952
http://snomed.info/sct#74627003	http://snomed.info/sct#140521000119107	339729
http://snomed.info/sct#74627003	http://snomed.info/sct#201252003	125391
http://snomed.info/sct#74627003	http://snomed.info/sct#140531000119105	339730
http://snomed.info/sct#74627003	http://snomed.info/sct#87461000119100	338227
http://snomed.info/sct#74627003	http://snomed.info/sct#10660471000119109	459510
http://snomed.info/sct#74627003	http://snomed.info/sct#10661671000119102	459523
http://snomed.info/sct#74627003	http://snomed.info/sct#789567007	2828128
http://snomed.info/sct#74627003	http://snomed.info/sct#87491000119107	338230
http://snomed.info/sct#74627003	http://snomed.info/sct#789571005	2618511
http://snomed.info/sct#74627003	http://snomed.info/sct#789572003	2629090
http://snomed.info/sct#74627003	http://snomed.info/sct#789570006	2623337
http://snomed.info/sct#74627003	http://snomed.info/sct#860979002	2627912
http://snomed.info/sct#74627003	http://snomed.info/sct#1771701000000102	3205888
http://snomed.info/sct#74627003	http://snomed.info/sct#860980004	2725960
http://snomed.info/sct#74627003	http://snomed.info/sct#1771711000000100	3212030
http://snomed.info/sct#74627003	http://snomed.info/sct#71771000119100	337875
http://snomed.info/sct#74627003	http://snomed.info/sct#421075007	257243
http://snomed.info/sct#74627003	http://snomed.info/sct#421437000	257573
http://snomed.info/sct#74627003	http://snomed.info/sct#368521000119107	346178
http://snomed.info/sct#74627003	http://snomed.info/sct#420270002	256489
http://snomed.info/sct#74627003	http://snomed.info/sct#120711000119108	339205
http://snomed.info/sct#74627003	http://snomed.info/sct#87471000119106	338228
http://snomed.info/sct#74627003	http://snomed.info/sct#781000119106	333079
http://snomed.info/sct#74627003	http://snomed.info/sct#421847006	257949
http://snomed.info/sct#74627003	http://snomed.info/sct#719216001	310300
http://snomed.info/sct#74627003	http://snomed.info/sct#368581000119106	346181
http://snomed.info/sct#74627003	http://snomed.info/sct#421750000	257859
http://snomed.info/sct#74627003	http://snomed.info/sct#9859006	8233
http://snomed.info/sct#74627003	http://snomed.info/sct#97621000119107	338627
http://snomed.info/sct#74627003	http://snomed.info/sct#87441000119104	338225
http://snomed.info/sct#74627003	http://snomed.info/sct#84361000119102	338149
http://snomed.info/sct#74627003	http://snomed.info/sct#119831000119106	339183
http://snomed.info/sct#74627003	http://snomed.info/sct#395204000	235242
http://snomed.info/sct#74627003	http://snomed.info/sct#50620007	42467
http://snomed.info/sct#74627003	http://snomed.info/sct#127011001	100240
http://snomed.info/sct#74627003	http://snomed.info/sct#193184006	123033
http://snomed.info/sct#74627003	http://snomed.info/sct#193185007	123034
http://snomed.info/sct#74627003	http://snomed.info/sct#267604001	171504
http://snomed.info/sct#74627003	http://snomed.info/sct#359611005	215922
http://snomed.info/sct#74627003	http://snomed.info/sct#770095003	332719
http://snomed.info/sct#74627003	http://snomed.info/sct#314537004	210493
http://snomed.info/sct#74627003	http://snomed.info/sct#26298008	21948
http://snomed.info/sct#74627003	http://snomed.info/sct#420996007	257172
http://snomed.info/sct#74627003	http://snomed.info/sct#230574001	139785
http://snomed.info/sct#74627003	http://snomed.info/sct#368711000119106	346186
http://snomed.info/sct#74627003	http://snomed.info/sct#368741000119105	346188
http://snomed.info/sct#74627003	http://snomed.info/sct#190406000	122295
http://snomed.info/sct#74627003	http://snomed.info/sct#232021008	141113
http://snomed.info/sct#74627003	http://snomed.info/sct#232022001	141114
http://snomed.info/sct#74627003	http://snomed.info/sct#312906006	209207
http://snomed.info/sct#74627003	http://snomed.info/sct#312907002	209208
http://snomed.info/sct#74627003	http://snomed.info/sct#312909004	209210
http://snomed.info/sct#74627003	http://snomed.info/sct#1501000119109	333278
http://snomed.info/sct#74627003	http://snomed.info/sct#60971000119101	337447
http://snomed.info/sct#74627003	http://snomed.info/sct#103981000119101	338764
http://snomed.info/sct#74627003	http://snomed.info/sct#770765001	2658634
http://snomed.info/sct#74627003	http://snomed.info/sct#770766000	2664285
http://snomed.info/sct#74627003	http://snomed.info/sct#1306699009	3247364
http://snomed.info/sct#74627003	http://snomed.info/sct#193350004	123101
http://snomed.info/sct#74627003	http://snomed.info/sct#312912001	209213
http://snomed.info/sct#74627003	http://snomed.info/sct#769244003	332030
http://snomed.info/sct#74627003	http://snomed.info/sct#769245002	332031
http://snomed.info/sct#74627003	http://snomed.info/sct#82541000119100	338108
http://snomed.info/sct#74627003	http://snomed.info/sct#82571000119107	338111
http://snomed.info/sct#74627003	http://snomed.info/sct#193349004	123100
http://snomed.info/sct#74627003	http://snomed.info/sct#312903003	209204
http://snomed.info/sct#74627003	http://snomed.info/sct#312904009	209205
http://snomed.info/sct#74627003	http://snomed.info/sct#312905005	209206
http://snomed.info/sct#74627003	http://snomed.info/sct#399876000	239393
http://snomed.info/sct#74627003	http://snomed.info/sct#1551000119108	333296
http://snomed.info/sct#74627003	http://snomed.info/sct#60961000119107	337446
http://snomed.info/sct#74627003	http://snomed.info/sct#816178004	2562087
http://snomed.info/sct#74627003	http://snomed.info/sct#816177009	2547757
http://snomed.info/sct#74627003	http://snomed.info/sct#104941000119109	338787
http://snomed.info/sct#74627003	http://snomed.info/sct#109171000119104	338923
http://snomed.info/sct#74627003	http://snomed.info/sct#706894000	300127
http://snomed.info/sct#74627003	http://snomed.info/sct#28331000119107	336975
http://snomed.info/sct#74627003	http://snomed.info/sct#104961000119108	338789
http://snomed.info/sct#74627003	http://snomed.info/sct#768794008	331634
http://snomed.info/sct#74627003	http://snomed.info/sct#768799003	331639
http://snomed.info/sct#74627003	http://snomed.info/sct#197605007	124206
http://snomed.info/sct#74627003	http://snomed.info/sct#236499007	145165
http://snomed.info/sct#74627003	http://snomed.info/sct#445170001	277719
http://snomed.info/sct#74627003	http://snomed.info/sct#38046004	31869
http://snomed.info/sct#74627003	http://snomed.info/sct#63510008	53241
http://snomed.info/sct#74627003	http://snomed.info/sct#310387003	207549
http://snomed.info/sct#74627003	http://snomed.info/sct#711000119100	333054
http://snomed.info/sct#74627003	http://snomed.info/sct#721000119107	333057
http://snomed.info/sct#74627003	http://snomed.info/sct#731000119105	333060
http://snomed.info/sct#74627003	http://snomed.info/sct#741000119101	333064
http://snomed.info/sct#74627003	http://snomed.info/sct#751000119104	333067
http://snomed.info/sct#74627003	http://snomed.info/sct#71421000119105	337868
http://snomed.info/sct#74627003	http://snomed.info/sct#90791000119104	338354
http://snomed.info/sct#74627003	http://snomed.info/sct#421986006	258082
http://snomed.info/sct#74627003	http://snomed.info/sct#71441000119104	337869
http://snomed.info/sct#74627003	http://snomed.info/sct#90781000119102	338353
http://snomed.info/sct#74627003	http://snomed.info/sct#71701000119105	337872
http://snomed.info/sct#74627003	http://snomed.info/sct#90721000119101	338346
http://snomed.info/sct#74627003	http://snomed.info/sct#90731000119103	338347
http://snomed.info/sct#74627003	http://snomed.info/sct#90741000119107	338349
http://snomed.info/sct#74627003	http://snomed.info/sct#90751000119109	338350
http://snomed.info/sct#74627003	http://snomed.info/sct#90761000119106	338351
http://snomed.info/sct#74627003	http://snomed.info/sct#90771000119100	338352
http://snomed.info/sct#74627003	http://snomed.info/sct#420514000	256719
http://snomed.info/sct#74627003	http://snomed.info/sct#18521000119106	336308
http://snomed.info/sct#74627003	http://snomed.info/sct#71721000119101	337874
http://snomed.info/sct#74627003	http://snomed.info/sct#111556005	88627
http://snomed.info/sct#74627003	http://snomed.info/sct#441656006	274405
http://snomed.info/sct#74627003	http://snomed.info/sct#770581008	2828337
http://snomed.info/sct#74627003	http://snomed.info/sct#770582001	2834396
http://snomed.info/sct#74627003	http://snomed.info/sct#427027005	262912
http://snomed.info/sct#74627003	http://snomed.info/sct#427571000	263437
http://snomed.info/sct#74627003	http://snomed.info/sct#126535008	99786
http://snomed.info/sct#74627003	http://snomed.info/sct#230575000	139786
http://snomed.info/sct#74627003	http://snomed.info/sct#230576004	139787
http://snomed.info/sct#74627003	http://snomed.info/sct#713705003	305651
http://snomed.info/sct#74627003	http://snomed.info/sct#713706002	305652
http://snomed.info/sct#74627003	http://snomed.info/sct#789585000	2771404
http://snomed.info/sct#74627003	http://snomed.info/sct#19378003	16136
http://snomed.info/sct#74627003	http://snomed.info/sct#35777006	29955
http://snomed.info/sct#74627003	http://snomed.info/sct#81830002	68623
http://snomed.info/sct#74627003	http://snomed.info/sct#193141005	123022
http://snomed.info/sct#74627003	http://snomed.info/sct#361216007	217142
http://snomed.info/sct#74627003	http://snomed.info/sct#420436000	256647
http://snomed.info/sct#74627003	http://snomed.info/sct#420918009	257100
http://snomed.info/sct#74627003	http://snomed.info/sct#110181000119105	338963
http://snomed.info/sct#74627003	http://snomed.info/sct#48951005	41050
http://snomed.info/sct#74627003	http://snomed.info/sct#238982009	147316
http://snomed.info/sct#74627003	http://snomed.info/sct#238983004	147317
http://snomed.info/sct#74627003	http://snomed.info/sct#238984005	147318
http://snomed.info/sct#74627003	http://snomed.info/sct#422183001	258269
http://snomed.info/sct#74627003	http://snomed.info/sct#217341008	131986
http://snomed.info/sct#74627003	http://snomed.info/sct#140381000119104	339724
http://snomed.info/sct#74627003	http://snomed.info/sct#789569005	2838869
http://snomed.info/sct#74627003	http://snomed.info/sct#140391000119101	339725
http://snomed.info/sct#74627003	http://snomed.info/sct#706891008	300124
http://snomed.info/sct#74627003	http://snomed.info/sct#712882000	304881
http://snomed.info/sct#74627003	http://snomed.info/sct#770098001	332722
http://snomed.info/sct#74627003	http://snomed.info/sct#102781000119107	338738
http://snomed.info/sct#74627003	http://snomed.info/sct#712883005	304882
http://snomed.info/sct#74627003	http://snomed.info/sct#87921000119104	338240
http://snomed.info/sct#74627003	http://snomed.info/sct#38205001	32005
http://snomed.info/sct#74627003	http://snomed.info/sct#713704004	305650
http://snomed.info/sct#74627003	http://snomed.info/sct#860883001	2858264
http://snomed.info/sct#74627003	http://snomed.info/sct#312908007	209209
http://snomed.info/sct#74627003	http://snomed.info/sct#399870006	239387
http://snomed.info/sct#74627003	http://snomed.info/sct#399875001	239392
http://snomed.info/sct#74627003	http://snomed.info/sct#399862001	239379
http://snomed.info/sct#74627003	http://snomed.info/sct#399865004	239382
http://snomed.info/sct#74627003	http://snomed.info/sct#399869005	239386
http://snomed.info/sct#74627003	http://snomed.info/sct#399874002	239391
http://snomed.info/sct#74627003	http://snomed.info/sct#97341000119105	338618
http://snomed.info/sct#74627003	http://snomed.info/sct#16747901000119104	2887270
http://snomed.info/sct#74627003	http://snomed.info/sct#16749661000119102	2888863
http://snomed.info/sct#74627003	http://snomed.info/sct#16747741000119100	2889083
http://snomed.info/sct#74627003	http://snomed.info/sct#16748741000119101	2889479
http://snomed.info/sct#74627003	http://snomed.info/sct#816961009	2764112
http://snomed.info/sct#74627003	http://snomed.info/sct#816962002	2779281
http://snomed.info/sct#74627003	http://snomed.info/sct#314010006	210061
http://snomed.info/sct#74627003	http://snomed.info/sct#314011005	210062
http://snomed.info/sct#74627003	http://snomed.info/sct#399864000	239381
http://snomed.info/sct#74627003	http://snomed.info/sct#769217008	332007
http://snomed.info/sct#74627003	http://snomed.info/sct#769218003	332008
http://snomed.info/sct#74627003	http://snomed.info/sct#769219006	332009
http://snomed.info/sct#74627003	http://snomed.info/sct#769220000	332010
http://snomed.info/sct#74627003	http://snomed.info/sct#770097006	332721
http://snomed.info/sct#74627003	http://snomed.info/sct#870421009	2777106
http://snomed.info/sct#74627003	http://snomed.info/sct#870529009	2702687
http://snomed.info/sct#74627003	http://snomed.info/sct#871778008	2606868
http://snomed.info/sct#74627003	http://snomed.info/sct#871781003	2708831
http://snomed.info/sct#74627003	http://snomed.info/sct#1354552000	3349851
http://snomed.info/sct#74627003	http://snomed.info/sct#1354553005	3349646
http://snomed.info/sct#74627003	http://snomed.info/sct#1354554004	3350595
http://snomed.info/sct#74627003	http://snomed.info/sct#860721006	2744824
http://snomed.info/sct#74627003	http://snomed.info/sct#769181007	331971
http://snomed.info/sct#74627003	http://snomed.info/sct#769182000	331972
http://snomed.info/sct#74627003	http://snomed.info/sct#769183005	331973
http://snomed.info/sct#74627003	http://snomed.info/sct#769184004	331974
http://snomed.info/sct#74627003	http://snomed.info/sct#138881000119106	339676
http://snomed.info/sct#74627003	http://snomed.info/sct#138911000119106	339679
http://snomed.info/sct#74627003	http://snomed.info/sct#769185003	331975
http://snomed.info/sct#74627003	http://snomed.info/sct#769186002	331976
http://snomed.info/sct#74627003	http://snomed.info/sct#138891000119109	339677
http://snomed.info/sct#74627003	http://snomed.info/sct#138921000119104	339680
http://snomed.info/sct#74627003	http://snomed.info/sct#399872003	239389
http://snomed.info/sct#74627003	http://snomed.info/sct#399873008	239390
http://snomed.info/sct#74627003	http://snomed.info/sct#769187006	331977
http://snomed.info/sct#74627003	http://snomed.info/sct#769188001	331978
http://snomed.info/sct#74627003	http://snomed.info/sct#399863006	239380
http://snomed.info/sct#74627003	http://snomed.info/sct#399877009	239394
http://snomed.info/sct#74627003	http://snomed.info/sct#769190000	331980
http://snomed.info/sct#74627003	http://snomed.info/sct#769191001	331981
http://snomed.info/sct#74627003	http://snomed.info/sct#16745051000119107	2889580
http://snomed.info/sct#74627003	http://snomed.info/sct#16745131000119100	2890482
http://snomed.info/sct#74627003	http://snomed.info/sct#16745211000119100	2887757
http://snomed.info/sct#74627003	http://snomed.info/sct#16746741000119102	2888777
http://snomed.info/sct#74627003	http://snomed.info/sct#140101000119109	339713
http://snomed.info/sct#74627003	http://snomed.info/sct#140111000119107	339715
http://snomed.info/sct#74627003	http://snomed.info/sct#140121000119100	339716
http://snomed.info/sct#74627003	http://snomed.info/sct#1332469006	3232594
http://snomed.info/sct#74627003	http://snomed.info/sct#1332470007	3247151
http://snomed.info/sct#74627003	http://snomed.info/sct#140131000119102	339717
http://snomed.info/sct#74627003	http://snomed.info/sct#127991000119101	339398
http://snomed.info/sct#74627003	http://snomed.info/sct#420715001	256911
http://snomed.info/sct#74627003	http://snomed.info/sct#128001000119105	339399
http://snomed.info/sct#74627003	http://snomed.info/sct#1332442005	3233825
http://snomed.info/sct#74627003	http://snomed.info/sct#1332464001	3229537
http://snomed.info/sct#74627003	http://snomed.info/sct#1332467008	3231190
http://snomed.info/sct#74627003	http://snomed.info/sct#1332468003	3233250
http://snomed.info/sct#74627003	http://snomed.info/sct#1332471006	3249562
http://snomed.info/sct#74627003	http://snomed.info/sct#1332472004	3248748
http://snomed.info/sct#74627003	http://snomed.info/sct#421305000	257450
http://snomed.info/sct#74627003	http://snomed.info/sct#310505005	207656
http://snomed.info/sct#74627003	http://snomed.info/sct#126534007	99785
http://snomed.info/sct#74627003	http://snomed.info/sct#62260007	52197
http://snomed.info/sct#74627003	http://snomed.info/sct#713702000	305648
http://snomed.info/sct#74627003	http://snomed.info/sct#713703005	305649
http://snomed.info/sct#74627003	http://snomed.info/sct#16748141000119100	2888418
http://snomed.info/sct#74627003	http://snomed.info/sct#16749781000119101	2888260
http://snomed.info/sct#74627003	http://snomed.info/sct#1306700005	3226866
http://snomed.info/sct#74627003	http://snomed.info/sct#769221001	332011
http://snomed.info/sct#74627003	http://snomed.info/sct#769222008	332012
http://snomed.info/sct#74627003	http://snomed.info/sct#420486006	256696
http://snomed.info/sct#74627003	http://snomed.info/sct#421779007	257887
http://snomed.info/sct#74627003	http://snomed.info/sct#97331000119101	338617
http://snomed.info/sct#74627003	http://snomed.info/sct#16745611000119102	2888597
http://snomed.info/sct#74627003	http://snomed.info/sct#16745651000119101	2890658
http://snomed.info/sct#74627003	http://snomed.info/sct#16745891000119105	2889639
http://snomed.info/sct#74627003	http://snomed.info/sct#16745531000119108	2887554
http://snomed.info/sct#74627003	http://snomed.info/sct#16697471000119102	2887663
http://snomed.info/sct#74627003	http://snomed.info/sct#16746261000119108	2890889
http://snomed.info/sct#74627003	http://snomed.info/sct#16697421000119103	2888669
http://snomed.info/sct#74627003	http://snomed.info/sct#16746131000119105	2890875
http://snomed.info/sct#74627003	http://snomed.info/sct#16747141000119104	2888079
http://snomed.info/sct#74627003	http://snomed.info/sct#16747341000119101	2888460
http://snomed.info/sct#74627003	http://snomed.info/sct#16746901000119101	2890697
http://snomed.info/sct#74627003	http://snomed.info/sct#16746941000119104	2889291
http://snomed.info/sct#74627003	http://snomed.info/sct#16747661000119109	2888191
http://snomed.info/sct#74627003	http://snomed.info/sct#16746661000119106	2887862
http://snomed.info/sct#74627003	http://snomed.info/sct#1332465000	3231610
http://snomed.info/sct#74627003	http://snomed.info/sct#1332466004	3230936
http://snomed.info/sct#74627003	http://snomed.info/sct#1332436006	3216981
http://snomed.info/sct#74627003	http://snomed.info/sct#1332441003	3234508
http://snomed.info/sct#74627003	http://snomed.info/sct#16745411000119104	2888036
http://snomed.info/sct#74627003	http://snomed.info/sct#16745931000119102	2888282
http://snomed.info/sct#74627003	http://snomed.info/sct#16697521000119104	2890665
http://snomed.info/sct#74627003	http://snomed.info/sct#16746341000119103	2888118
http://snomed.info/sct#74627003	http://snomed.info/sct#16747021000119109	2888578
http://snomed.info/sct#74627003	http://snomed.info/sct#16747101000119101	2889573
http://snomed.info/sct#75524006	http://snomed.info/sct#75524006	63292
http://snomed.info/sct#75524006	http://snomed.info/sct#57886004	48551
http://snomed.info/sct#75524006	http://snomed.info/sct#199231005	124698
http://snomed.info/sct#75524006	http://snomed.info/sct#237600004	146121
http://snomed.info/sct#75524006	http://snomed.info/sct#1142044000	3065647
http://snomed.info/sct#75682002	http://snomed.info/sct#75682002	63428
http://snomed.info/sct#111552007	http://snomed.info/sct#111552007	88626
http://snomed.info/sct#127012008	http://snomed.info/sct#127012008	100241
http://snomed.info/sct#127012008	http://snomed.info/sct#112991000000101	339039
http://snomed.info/sct#127013003	http://snomed.info/sct#127013003	100242
http://snomed.info/sct#127013003	http://snomed.info/sct#309426007	206770
http://snomed.info/sct#127013003	http://snomed.info/sct#420279001	256498
http://snomed.info/sct#127013003	http://snomed.info/sct#421893009	257994
http://snomed.info/sct#127013003	http://snomed.info/sct#723074006	313575
http://snomed.info/sct#127013003	http://snomed.info/sct#792926007	2664877
http://snomed.info/sct#127013003	http://snomed.info/sct#368201000119100	2888944
http://snomed.info/sct#127013003	http://snomed.info/sct#236500003	145166
http://snomed.info/sct#127013003	http://snomed.info/sct#311366001	207903
http://snomed.info/sct#127013003	http://snomed.info/sct#425455002	261403
http://snomed.info/sct#127013003	http://snomed.info/sct#707221002	300426
http://snomed.info/sct#127013003	http://snomed.info/sct#771000119108	333075
http://snomed.info/sct#127013003	http://snomed.info/sct#157141000119108	340054
http://snomed.info/sct#127013003	http://snomed.info/sct#96441000119101	338595
http://snomed.info/sct#127013003	http://snomed.info/sct#243421000119104	342570
http://snomed.info/sct#127013003	http://snomed.info/sct#368421000119108	2890405
http://snomed.info/sct#127013003	http://snomed.info/sct#368431000119106	2890900
http://snomed.info/sct#127013003	http://snomed.info/sct#368441000119102	2887737
http://snomed.info/sct#127013003	http://snomed.info/sct#368451000119100	2888279
http://snomed.info/sct#127013003	http://snomed.info/sct#368461000119103	2888958
http://snomed.info/sct#127013003	http://snomed.info/sct#368471000119109	2889317
http://snomed.info/sct#127013003	http://snomed.info/sct#197605007	124206
http://snomed.info/sct#127013003	http://snomed.info/sct#236499007	145165
http://snomed.info/sct#127013003	http://snomed.info/sct#445170001	277719
http://snomed.info/sct#127013003	http://snomed.info/sct#38046004	31869
http://snomed.info/sct#127013003	http://snomed.info/sct#63510008	53241
http://snomed.info/sct#127013003	http://snomed.info/sct#310387003	207549
http://snomed.info/sct#127013003	http://snomed.info/sct#711000119100	333054
http://snomed.info/sct#127013003	http://snomed.info/sct#721000119107	333057
http://snomed.info/sct#127013003	http://snomed.info/sct#731000119105	333060
http://snomed.info/sct#127013003	http://snomed.info/sct#741000119101	333064
http://snomed.info/sct#127013003	http://snomed.info/sct#751000119104	333067
http://snomed.info/sct#127013003	http://snomed.info/sct#71421000119105	337868
http://snomed.info/sct#127013003	http://snomed.info/sct#90791000119104	338354
http://snomed.info/sct#127013003	http://snomed.info/sct#421986006	258082
http://snomed.info/sct#127013003	http://snomed.info/sct#71441000119104	337869
http://snomed.info/sct#127013003	http://snomed.info/sct#90781000119102	338353
http://snomed.info/sct#127013003	http://snomed.info/sct#71701000119105	337872
http://snomed.info/sct#127013003	http://snomed.info/sct#90721000119101	338346
http://snomed.info/sct#127013003	http://snomed.info/sct#90731000119103	338347
http://snomed.info/sct#127013003	http://snomed.info/sct#90741000119107	338349
http://snomed.info/sct#127013003	http://snomed.info/sct#90751000119109	338350
http://snomed.info/sct#127013003	http://snomed.info/sct#90761000119106	338351
http://snomed.info/sct#127013003	http://snomed.info/sct#90771000119100	338352
http://snomed.info/sct#127013003	http://snomed.info/sct#420514000	256719
http://snomed.info/sct#127013003	http://snomed.info/sct#18521000119106	336308
http://snomed.info/sct#127013003	http://snomed.info/sct#71721000119101	337874
http://snomed.info/sct#127013003	http://snomed.info/sct#140101000119109	339713
http://snomed.info/sct#127013003	http://snomed.info/sct#140111000119107	339715
http://snomed.info/sct#127013003	http://snomed.info/sct#140121000119100	339716
http://snomed.info/sct#127013003	http://snomed.info/sct#1332469006	3232594
http://snomed.info/sct#127013003	http://snomed.info/sct#1332470007	3247151
http://snomed.info/sct#127013003	http://snomed.info/sct#140131000119102	339717
http://snomed.info/sct#127013003	http://snomed.info/sct#127991000119101	339398
http://snomed.info/sct#127013003	http://snomed.info/sct#420715001	256911
http://snomed.info/sct#127013003	http://snomed.info/sct#128001000119105	339399
http://snomed.info/sct#127013003	http://snomed.info/sct#1332442005	3233825
http://snomed.info/sct#127013003	http://snomed.info/sct#1332464001	3229537
http://snomed.info/sct#127013003	http://snomed.info/sct#1332467008	3231190
http://snomed.info/sct#127013003	http://snomed.info/sct#1332468003	3233250
http://snomed.info/sct#127013003	http://snomed.info/sct#1332471006	3249562
http://snomed.info/sct#127013003	http://snomed.info/sct#1332472004	3248748
http://snomed.info/sct#127013003	http://snomed.info/sct#421305000	257450
http://snomed.info/sct#127013003	http://snomed.info/sct#1332465000	3231610
http://snomed.info/sct#127013003	http://snomed.info/sct#1332466004	3230936
http://snomed.info/sct#127013003	http://snomed.info/sct#1332436006	3216981
http://snomed.info/sct#127013003	http://snomed.info/sct#1332441003	3234508
http://snomed.info/sct#190331003	http://snomed.info/sct#190331003	122288
http://snomed.info/sct#190388001	http://snomed.info/sct#190388001	122292
http://snomed.info/sct#190389009	http://snomed.info/sct#190389009	122293
http://snomed.info/sct#190390000	http://snomed.info/sct#190390000	2629186
http://snomed.info/sct#190406000	http://snomed.info/sct#190406000	122295
http://snomed.info/sct#190407009	http://snomed.info/sct#190407009	122296
http://snomed.info/sct#190410002	http://snomed.info/sct#190410002	122297
http://snomed.info/sct#190411003	http://snomed.info/sct#190411003	122298
http://snomed.info/sct#190412005	http://snomed.info/sct#190412005	122299
http://snomed.info/sct#190416008	http://snomed.info/sct#190416008	122300
http://snomed.info/sct#190447002	http://snomed.info/sct#190447002	122306
http://snomed.info/sct#230572002	http://snomed.info/sct#230572002	139784
http://snomed.info/sct#230572002	http://snomed.info/sct#50620007	42467
http://snomed.info/sct#230572002	http://snomed.info/sct#127011001	100240
http://snomed.info/sct#230572002	http://snomed.info/sct#193183000	123032
http://snomed.info/sct#230572002	http://snomed.info/sct#193184006	123033
http://snomed.info/sct#230572002	http://snomed.info/sct#193185007	123034
http://snomed.info/sct#230572002	http://snomed.info/sct#267604001	171504
http://snomed.info/sct#230572002	http://snomed.info/sct#359611005	215922
http://snomed.info/sct#230572002	http://snomed.info/sct#424736006	260715
http://snomed.info/sct#230572002	http://snomed.info/sct#770095003	332719
http://snomed.info/sct#230572002	http://snomed.info/sct#368521000119107	346178
http://snomed.info/sct#230572002	http://snomed.info/sct#368581000119106	346181
http://snomed.info/sct#230572002	http://snomed.info/sct#314537004	210493
http://snomed.info/sct#230572002	http://snomed.info/sct#38205001	32005
http://snomed.info/sct#230572002	http://snomed.info/sct#712882000	304881
http://snomed.info/sct#230572002	http://snomed.info/sct#712883005	304882
http://snomed.info/sct#230572002	http://snomed.info/sct#713704004	305650
http://snomed.info/sct#230572002	http://snomed.info/sct#860883001	2858264
http://snomed.info/sct#230572002	http://snomed.info/sct#1144894004	3061784
http://snomed.info/sct#230572002	http://snomed.info/sct#368141000119106	2888967
http://snomed.info/sct#230572002	http://snomed.info/sct#102781000119107	338738
http://snomed.info/sct#230572002	http://snomed.info/sct#110181000119105	338963
http://snomed.info/sct#230572002	http://snomed.info/sct#230574001	139785
http://snomed.info/sct#230572002	http://snomed.info/sct#230575000	139786
http://snomed.info/sct#230572002	http://snomed.info/sct#232021008	141113
http://snomed.info/sct#230572002	http://snomed.info/sct#39058009	32713
http://snomed.info/sct#230572002	http://snomed.info/sct#39127005	32765
http://snomed.info/sct#230572002	http://snomed.info/sct#49455004	41483
http://snomed.info/sct#230572002	http://snomed.info/sct#79554005	66720
http://snomed.info/sct#230572002	http://snomed.info/sct#201724008	125494
http://snomed.info/sct#230572002	http://snomed.info/sct#230577008	139788
http://snomed.info/sct#230572002	http://snomed.info/sct#230579006	139789
http://snomed.info/sct#230572002	http://snomed.info/sct#427943001	263781
http://snomed.info/sct#230572002	http://snomed.info/sct#770094004	332718
http://snomed.info/sct#230572002	http://snomed.info/sct#1511000119107	333282
http://snomed.info/sct#230572002	http://snomed.info/sct#71791000119104	337876
http://snomed.info/sct#230572002	http://snomed.info/sct#773001000000103	353440
http://snomed.info/sct#230572002	http://snomed.info/sct#1259048007	3223771
http://snomed.info/sct#230572002	http://snomed.info/sct#770098001	332722
http://snomed.info/sct#230572002	http://snomed.info/sct#87921000119104	338240
http://snomed.info/sct#230572002	http://snomed.info/sct#706891008	300124
http://snomed.info/sct#230572002	http://snomed.info/sct#713702000	305648
http://snomed.info/sct#230572002	http://snomed.info/sct#713703005	305649
http://snomed.info/sct#230572002	http://snomed.info/sct#427027005	262912
http://snomed.info/sct#230572002	http://snomed.info/sct#427571000	263437
http://snomed.info/sct#230572002	http://snomed.info/sct#126535008	99786
http://snomed.info/sct#230572002	http://snomed.info/sct#230576004	139787
http://snomed.info/sct#230572002	http://snomed.info/sct#713705003	305651
http://snomed.info/sct#230572002	http://snomed.info/sct#713706002	305652
http://snomed.info/sct#230572002	http://snomed.info/sct#789585000	2771404
http://snomed.info/sct#230572002	http://snomed.info/sct#368251000119101	2887948
http://snomed.info/sct#230572002	http://snomed.info/sct#19378003	16136
http://snomed.info/sct#230572002	http://snomed.info/sct#781000119106	333079
http://snomed.info/sct#230572002	http://snomed.info/sct#71771000119100	337875
http://snomed.info/sct#230572002	http://snomed.info/sct#35777006	29955
http://snomed.info/sct#230572002	http://snomed.info/sct#81830002	68623
http://snomed.info/sct#230572002	http://snomed.info/sct#193141005	123022
http://snomed.info/sct#230572002	http://snomed.info/sct#361216007	217142
http://snomed.info/sct#230572002	http://snomed.info/sct#420436000	256647
http://snomed.info/sct#230572002	http://snomed.info/sct#420918009	257100
http://snomed.info/sct#230572002	http://snomed.info/sct#126534007	99785
http://snomed.info/sct#237599002	http://snomed.info/sct#237599002	146120
http://snomed.info/sct#237601000	http://snomed.info/sct#237601000	146122
http://snomed.info/sct#237601000	http://snomed.info/sct#42954008	35984
http://snomed.info/sct#237601000	http://snomed.info/sct#59079001	49545
http://snomed.info/sct#237601000	http://snomed.info/sct#75682002	63428
http://snomed.info/sct#237601000	http://snomed.info/sct#91352004	76640
http://snomed.info/sct#237601000	http://snomed.info/sct#427089005	262973
http://snomed.info/sct#237601000	http://snomed.info/sct#105401000119101	338797
http://snomed.info/sct#237601000	http://snomed.info/sct#1367802006	3358433
http://snomed.info/sct#237604008	http://snomed.info/sct#237604008	146125
http://snomed.info/sct#237613005	http://snomed.info/sct#237613005	146132
http://snomed.info/sct#237618001	http://snomed.info/sct#237618001	146136
http://snomed.info/sct#237619009	http://snomed.info/sct#237619009	146137
http://snomed.info/sct#284449005	http://snomed.info/sct#284449005	184337
http://snomed.info/sct#284449005	http://snomed.info/sct#721973006	312649
http://snomed.info/sct#284449005	http://snomed.info/sct#1156814008	3059641
http://snomed.info/sct#313436004	http://snomed.info/sct#313436004	209635
http://snomed.info/sct#314902007	http://snomed.info/sct#314902007	210809
http://snomed.info/sct#314903002	http://snomed.info/sct#314903002	210810
http://snomed.info/sct#314903002	http://snomed.info/sct#781000119106	333079
http://snomed.info/sct#314903002	http://snomed.info/sct#368591000119109	346182
http://snomed.info/sct#314904008	http://snomed.info/sct#314904008	210811
http://snomed.info/sct#395204000	http://snomed.info/sct#395204000	235242
http://snomed.info/sct#408539000	http://snomed.info/sct#408539000	246377
http://snomed.info/sct#408540003	http://snomed.info/sct#408540003	246378
http://snomed.info/sct#413183008	http://snomed.info/sct#413183008	250297
http://snomed.info/sct#413184002	http://snomed.info/sct#413184002	250298
http://snomed.info/sct#420279001	http://snomed.info/sct#420279001	256498
http://snomed.info/sct#420279001	http://snomed.info/sct#771000119108	333075
http://snomed.info/sct#420279001	http://snomed.info/sct#157141000119108	340054
http://snomed.info/sct#420279001	http://snomed.info/sct#711000119100	333054
http://snomed.info/sct#420279001	http://snomed.info/sct#721000119107	333057
http://snomed.info/sct#420279001	http://snomed.info/sct#731000119105	333060
http://snomed.info/sct#420279001	http://snomed.info/sct#741000119101	333064
http://snomed.info/sct#420279001	http://snomed.info/sct#751000119104	333067
http://snomed.info/sct#420279001	http://snomed.info/sct#71421000119105	337868
http://snomed.info/sct#420279001	http://snomed.info/sct#90791000119104	338354
http://snomed.info/sct#420279001	http://snomed.info/sct#421986006	258082
http://snomed.info/sct#420279001	http://snomed.info/sct#71441000119104	337869
http://snomed.info/sct#420279001	http://snomed.info/sct#90781000119102	338353
http://snomed.info/sct#420279001	http://snomed.info/sct#140101000119109	339713
http://snomed.info/sct#420279001	http://snomed.info/sct#140111000119107	339715
http://snomed.info/sct#420279001	http://snomed.info/sct#140121000119100	339716
http://snomed.info/sct#420279001	http://snomed.info/sct#1332469006	3232594
http://snomed.info/sct#420279001	http://snomed.info/sct#1332470007	3247151
http://snomed.info/sct#420279001	http://snomed.info/sct#140131000119102	339717
http://snomed.info/sct#420279001	http://snomed.info/sct#127991000119101	339398
http://snomed.info/sct#420279001	http://snomed.info/sct#420715001	256911
http://snomed.info/sct#420279001	http://snomed.info/sct#1332465000	3231610
http://snomed.info/sct#420279001	http://snomed.info/sct#1332466004	3230936
http://snomed.info/sct#420422005	http://snomed.info/sct#420422005	256634
http://snomed.info/sct#420422005	http://snomed.info/sct#26298008	21948
http://snomed.info/sct#420422005	http://snomed.info/sct#111556005	88627
http://snomed.info/sct#420422005	http://snomed.info/sct#190406000	122295
http://snomed.info/sct#420422005	http://snomed.info/sct#420270002	256489
http://snomed.info/sct#420422005	http://snomed.info/sct#421750000	257859
http://snomed.info/sct#420422005	http://snomed.info/sct#421075007	257243
http://snomed.info/sct#420422005	http://snomed.info/sct#421847006	257949
http://snomed.info/sct#420436000	http://snomed.info/sct#420436000	256647
http://snomed.info/sct#420662003	http://snomed.info/sct#420662003	256859
http://snomed.info/sct#420662003	http://snomed.info/sct#26298008	21948
http://snomed.info/sct#420662003	http://snomed.info/sct#420996007	257172
http://snomed.info/sct#420662003	http://snomed.info/sct#421725003	257835
http://snomed.info/sct#420662003	http://snomed.info/sct#421966007	258065
http://snomed.info/sct#420662003	http://snomed.info/sct#422126006	258214
http://snomed.info/sct#420662003	http://snomed.info/sct#421075007	257243
http://snomed.info/sct#420662003	http://snomed.info/sct#421847006	257949
http://snomed.info/sct#420662003	http://snomed.info/sct#421437000	257573
http://snomed.info/sct#420662003	http://snomed.info/sct#719216001	310300
http://snomed.info/sct#420662003	http://snomed.info/sct#190330002	122287
http://snomed.info/sct#420662003	http://snomed.info/sct#190331003	122288
http://snomed.info/sct#420662003	http://snomed.info/sct#735537007	324283
http://snomed.info/sct#420662003	http://snomed.info/sct#368601000119102	346183
http://snomed.info/sct#420662003	http://snomed.info/sct#367241000119104	2890754
http://snomed.info/sct#420683009	http://snomed.info/sct#420683009	256879
http://snomed.info/sct#420683009	http://snomed.info/sct#420996007	257172
http://snomed.info/sct#420715001	http://snomed.info/sct#420715001	256911
http://snomed.info/sct#420756003	http://snomed.info/sct#420756003	256945
http://snomed.info/sct#420996007	http://snomed.info/sct#420996007	257172
http://snomed.info/sct#421256007	http://snomed.info/sct#421256007	257404
http://snomed.info/sct#421326000	http://snomed.info/sct#421326000	257470
http://snomed.info/sct#421326000	http://snomed.info/sct#190331003	122288
http://snomed.info/sct#421326000	http://snomed.info/sct#421847006	257949
http://snomed.info/sct#421326000	http://snomed.info/sct#719216001	310300
http://snomed.info/sct#421326000	http://snomed.info/sct#368581000119106	346181
http://snomed.info/sct#421326000	http://snomed.info/sct#712883005	304882
http://snomed.info/sct#421326000	http://snomed.info/sct#1511000119107	333282
http://snomed.info/sct#421326000	http://snomed.info/sct#87921000119104	338240
http://snomed.info/sct#421326000	http://snomed.info/sct#713703005	305649
http://snomed.info/sct#421326000	http://snomed.info/sct#420436000	256647
http://snomed.info/sct#421326000	http://snomed.info/sct#427027005	262912
http://snomed.info/sct#421326000	http://snomed.info/sct#713706002	305652
http://snomed.info/sct#421326000	http://snomed.info/sct#781000119106	333079
http://snomed.info/sct#421326000	http://snomed.info/sct#110181000119105	338963
http://snomed.info/sct#421631007	http://snomed.info/sct#421631007	257745
http://snomed.info/sct#421750000	http://snomed.info/sct#421750000	257859
http://snomed.info/sct#421750000	http://snomed.info/sct#421847006	257949
http://snomed.info/sct#421779007	http://snomed.info/sct#421779007	257887
http://snomed.info/sct#421847006	http://snomed.info/sct#421847006	257949
http://snomed.info/sct#421895002	http://snomed.info/sct#421895002	257996
http://snomed.info/sct#421895002	http://snomed.info/sct#127014009	100243
http://snomed.info/sct#421895002	http://snomed.info/sct#314902007	210809
http://snomed.info/sct#421895002	http://snomed.info/sct#421365002	257508
http://snomed.info/sct#421895002	http://snomed.info/sct#422166005	258252
http://snomed.info/sct#421895002	http://snomed.info/sct#31211000119101	337017
http://snomed.info/sct#421895002	http://snomed.info/sct#1344623000	3356963
http://snomed.info/sct#421986006	http://snomed.info/sct#421986006	258082
http://snomed.info/sct#421986006	http://snomed.info/sct#420715001	256911
http://snomed.info/sct#422014003	http://snomed.info/sct#422014003	258108
http://snomed.info/sct#422014003	http://snomed.info/sct#314902007	210809
http://snomed.info/sct#422014003	http://snomed.info/sct#314903002	210810
http://snomed.info/sct#422014003	http://snomed.info/sct#420279001	256498
http://snomed.info/sct#422014003	http://snomed.info/sct#421326000	257470
http://snomed.info/sct#422014003	http://snomed.info/sct#421631007	257745
http://snomed.info/sct#422014003	http://snomed.info/sct#422099009	258188
http://snomed.info/sct#422014003	http://snomed.info/sct#422166005	258252
http://snomed.info/sct#422014003	http://snomed.info/sct#427134009	263017
http://snomed.info/sct#422014003	http://snomed.info/sct#428007007	263842
http://snomed.info/sct#422014003	http://snomed.info/sct#721284006	312003
http://snomed.info/sct#422014003	http://snomed.info/sct#201000119106	332906
http://snomed.info/sct#422014003	http://snomed.info/sct#701000119103	333052
http://snomed.info/sct#422014003	http://snomed.info/sct#761000119102	333070
http://snomed.info/sct#422014003	http://snomed.info/sct#791000119109	333083
http://snomed.info/sct#422014003	http://snomed.info/sct#1531000119102	333290
http://snomed.info/sct#422014003	http://snomed.info/sct#60951000119105	337445
http://snomed.info/sct#422014003	http://snomed.info/sct#72051000119101	337885
http://snomed.info/sct#422014003	http://snomed.info/sct#72061000119104	337886
http://snomed.info/sct#422014003	http://snomed.info/sct#102621000119101	338735
http://snomed.info/sct#422014003	http://snomed.info/sct#110171000119107	338962
http://snomed.info/sct#422014003	http://snomed.info/sct#120731000119103	339206
http://snomed.info/sct#422014003	http://snomed.info/sct#137931000119102	339651
http://snomed.info/sct#422014003	http://snomed.info/sct#368051000119109	346126
http://snomed.info/sct#422014003	http://snomed.info/sct#16891151000119103	2631222
http://snomed.info/sct#422014003	http://snomed.info/sct#15936501000119100	2890771
http://snomed.info/sct#422014003	http://snomed.info/sct#781000119106	333079
http://snomed.info/sct#422014003	http://snomed.info/sct#368591000119109	346182
http://snomed.info/sct#422014003	http://snomed.info/sct#771000119108	333075
http://snomed.info/sct#422014003	http://snomed.info/sct#157141000119108	340054
http://snomed.info/sct#422014003	http://snomed.info/sct#190331003	122288
http://snomed.info/sct#422014003	http://snomed.info/sct#421847006	257949
http://snomed.info/sct#422014003	http://snomed.info/sct#719216001	310300
http://snomed.info/sct#422014003	http://snomed.info/sct#368581000119106	346181
http://snomed.info/sct#422014003	http://snomed.info/sct#420756003	256945
http://snomed.info/sct#422014003	http://snomed.info/sct#422034002	258127
http://snomed.info/sct#422014003	http://snomed.info/sct#1491000119102	333275
http://snomed.info/sct#422014003	http://snomed.info/sct#41911000119107	337210
http://snomed.info/sct#422014003	http://snomed.info/sct#82551000119103	338110
http://snomed.info/sct#422014003	http://snomed.info/sct#1003605004	2890614
http://snomed.info/sct#422014003	http://snomed.info/sct#1196922005	3063705
http://snomed.info/sct#422014003	http://snomed.info/sct#421750000	257859
http://snomed.info/sct#422014003	http://snomed.info/sct#111231000119109	338991
http://snomed.info/sct#422014003	http://snomed.info/sct#9859006	8233
http://snomed.info/sct#422014003	http://snomed.info/sct#97621000119107	338627
http://snomed.info/sct#422014003	http://snomed.info/sct#10656271000119102	459469
http://snomed.info/sct#422014003	http://snomed.info/sct#1521000119100	333286
http://snomed.info/sct#422014003	http://snomed.info/sct#87441000119104	338225
http://snomed.info/sct#422014003	http://snomed.info/sct#84361000119102	338149
http://snomed.info/sct#422014003	http://snomed.info/sct#119831000119106	339183
http://snomed.info/sct#422014003	http://snomed.info/sct#395204000	235242
http://snomed.info/sct#422014003	http://snomed.info/sct#711000119100	333054
http://snomed.info/sct#422014003	http://snomed.info/sct#721000119107	333057
http://snomed.info/sct#422014003	http://snomed.info/sct#731000119105	333060
http://snomed.info/sct#422014003	http://snomed.info/sct#741000119101	333064
http://snomed.info/sct#422014003	http://snomed.info/sct#751000119104	333067
http://snomed.info/sct#422014003	http://snomed.info/sct#71421000119105	337868
http://snomed.info/sct#422014003	http://snomed.info/sct#90791000119104	338354
http://snomed.info/sct#422014003	http://snomed.info/sct#421986006	258082
http://snomed.info/sct#422014003	http://snomed.info/sct#71441000119104	337869
http://snomed.info/sct#422014003	http://snomed.info/sct#90781000119102	338353
http://snomed.info/sct#422014003	http://snomed.info/sct#712883005	304882
http://snomed.info/sct#422014003	http://snomed.info/sct#1511000119107	333282
http://snomed.info/sct#422014003	http://snomed.info/sct#87921000119104	338240
http://snomed.info/sct#422014003	http://snomed.info/sct#1501000119109	333278
http://snomed.info/sct#422014003	http://snomed.info/sct#1551000119108	333296
http://snomed.info/sct#422014003	http://snomed.info/sct#28331000119107	336975
http://snomed.info/sct#422014003	http://snomed.info/sct#82541000119100	338108
http://snomed.info/sct#422014003	http://snomed.info/sct#104961000119108	338789
http://snomed.info/sct#422014003	http://snomed.info/sct#87461000119100	338227
http://snomed.info/sct#422014003	http://snomed.info/sct#140521000119107	339729
http://snomed.info/sct#422014003	http://snomed.info/sct#140531000119105	339730
http://snomed.info/sct#422014003	http://snomed.info/sct#10660471000119109	459510
http://snomed.info/sct#422014003	http://snomed.info/sct#10661671000119102	459523
http://snomed.info/sct#422014003	http://snomed.info/sct#789567007	2828128
http://snomed.info/sct#422014003	http://snomed.info/sct#140101000119109	339713
http://snomed.info/sct#422014003	http://snomed.info/sct#140111000119107	339715
http://snomed.info/sct#422014003	http://snomed.info/sct#140121000119100	339716
http://snomed.info/sct#422014003	http://snomed.info/sct#1332469006	3232594
http://snomed.info/sct#422014003	http://snomed.info/sct#1332470007	3247151
http://snomed.info/sct#422014003	http://snomed.info/sct#140131000119102	339717
http://snomed.info/sct#422014003	http://snomed.info/sct#127991000119101	339398
http://snomed.info/sct#422014003	http://snomed.info/sct#420715001	256911
http://snomed.info/sct#422014003	http://snomed.info/sct#713703005	305649
http://snomed.info/sct#422014003	http://snomed.info/sct#420436000	256647
http://snomed.info/sct#422014003	http://snomed.info/sct#427027005	262912
http://snomed.info/sct#422014003	http://snomed.info/sct#713706002	305652
http://snomed.info/sct#422014003	http://snomed.info/sct#110181000119105	338963
http://snomed.info/sct#422014003	http://snomed.info/sct#97341000119105	338618
http://snomed.info/sct#422014003	http://snomed.info/sct#16747901000119104	2887270
http://snomed.info/sct#422014003	http://snomed.info/sct#16749661000119102	2888863
http://snomed.info/sct#422014003	http://snomed.info/sct#138911000119106	339679
http://snomed.info/sct#422014003	http://snomed.info/sct#138921000119104	339680
http://snomed.info/sct#422014003	http://snomed.info/sct#16745051000119107	2889580
http://snomed.info/sct#422014003	http://snomed.info/sct#16745131000119100	2890482
http://snomed.info/sct#422014003	http://snomed.info/sct#769220000	332010
http://snomed.info/sct#422014003	http://snomed.info/sct#140391000119101	339725
http://snomed.info/sct#422014003	http://snomed.info/sct#140381000119104	339724
http://snomed.info/sct#422014003	http://snomed.info/sct#789569005	2838869
http://snomed.info/sct#422014003	http://snomed.info/sct#789570006	2623337
http://snomed.info/sct#422014003	http://snomed.info/sct#1332465000	3231610
http://snomed.info/sct#422014003	http://snomed.info/sct#1332466004	3230936
http://snomed.info/sct#422014003	http://snomed.info/sct#16748141000119100	2888418
http://snomed.info/sct#422014003	http://snomed.info/sct#16745531000119108	2887554
http://snomed.info/sct#422014003	http://snomed.info/sct#16745651000119101	2890658
http://snomed.info/sct#422014003	http://snomed.info/sct#16746131000119105	2890875
http://snomed.info/sct#422014003	http://snomed.info/sct#16746261000119108	2890889
http://snomed.info/sct#422014003	http://snomed.info/sct#16747661000119109	2888191
http://snomed.info/sct#422014003	http://snomed.info/sct#16747141000119104	2888079
http://snomed.info/sct#422014003	http://snomed.info/sct#16746901000119101	2890697
http://snomed.info/sct#422014003	http://snomed.info/sct#421779007	257887
http://snomed.info/sct#422014003	http://snomed.info/sct#97331000119101	338617
http://snomed.info/sct#422014003	http://snomed.info/sct#16745931000119102	2888282
http://snomed.info/sct#422014003	http://snomed.info/sct#16746341000119103	2888118
http://snomed.info/sct#422014003	http://snomed.info/sct#16747021000119109	2888578
http://snomed.info/sct#422034002	http://snomed.info/sct#422034002	258127
http://snomed.info/sct#422034002	http://snomed.info/sct#1501000119109	333278
http://snomed.info/sct#422034002	http://snomed.info/sct#1551000119108	333296
http://snomed.info/sct#422034002	http://snomed.info/sct#28331000119107	336975
http://snomed.info/sct#422034002	http://snomed.info/sct#82541000119100	338108
http://snomed.info/sct#422034002	http://snomed.info/sct#104961000119108	338789
http://snomed.info/sct#422034002	http://snomed.info/sct#97341000119105	338618
http://snomed.info/sct#422034002	http://snomed.info/sct#16747901000119104	2887270
http://snomed.info/sct#422034002	http://snomed.info/sct#16749661000119102	2888863
http://snomed.info/sct#422034002	http://snomed.info/sct#138911000119106	339679
http://snomed.info/sct#422034002	http://snomed.info/sct#138921000119104	339680
http://snomed.info/sct#422034002	http://snomed.info/sct#16745051000119107	2889580
http://snomed.info/sct#422034002	http://snomed.info/sct#16745131000119100	2890482
http://snomed.info/sct#422034002	http://snomed.info/sct#769220000	332010
http://snomed.info/sct#422034002	http://snomed.info/sct#16748141000119100	2888418
http://snomed.info/sct#422034002	http://snomed.info/sct#16745531000119108	2887554
http://snomed.info/sct#422034002	http://snomed.info/sct#16745651000119101	2890658
http://snomed.info/sct#422034002	http://snomed.info/sct#16746131000119105	2890875
http://snomed.info/sct#422034002	http://snomed.info/sct#16746261000119108	2890889
http://snomed.info/sct#422034002	http://snomed.info/sct#16747661000119109	2888191
http://snomed.info/sct#422034002	http://snomed.info/sct#16747141000119104	2888079
http://snomed.info/sct#422034002	http://snomed.info/sct#16746901000119101	2890697
http://snomed.info/sct#422034002	http://snomed.info/sct#421779007	257887
http://snomed.info/sct#422034002	http://snomed.info/sct#97331000119101	338617
http://snomed.info/sct#422034002	http://snomed.info/sct#16745931000119102	2888282
http://snomed.info/sct#422034002	http://snomed.info/sct#16746341000119103	2888118
http://snomed.info/sct#422034002	http://snomed.info/sct#16747021000119109	2888578
http://snomed.info/sct#422088007	http://snomed.info/sct#422088007	258177
http://snomed.info/sct#422088007	http://snomed.info/sct#39181008	32808
http://snomed.info/sct#422088007	http://snomed.info/sct#230572002	139784
http://snomed.info/sct#422088007	http://snomed.info/sct#420662003	256859
http://snomed.info/sct#422088007	http://snomed.info/sct#420683009	256879
http://snomed.info/sct#422088007	http://snomed.info/sct#421326000	257470
http://snomed.info/sct#422088007	http://snomed.info/sct#421468001	257600
http://snomed.info/sct#422088007	http://snomed.info/sct#39058009	32713
http://snomed.info/sct#422088007	http://snomed.info/sct#230579006	139789
http://snomed.info/sct#422088007	http://snomed.info/sct#770094004	332718
http://snomed.info/sct#422088007	http://snomed.info/sct#50620007	42467
http://snomed.info/sct#422088007	http://snomed.info/sct#127011001	100240
http://snomed.info/sct#422088007	http://snomed.info/sct#193183000	123032
http://snomed.info/sct#422088007	http://snomed.info/sct#193184006	123033
http://snomed.info/sct#422088007	http://snomed.info/sct#193185007	123034
http://snomed.info/sct#422088007	http://snomed.info/sct#267604001	171504
http://snomed.info/sct#422088007	http://snomed.info/sct#359611005	215922
http://snomed.info/sct#422088007	http://snomed.info/sct#424736006	260715
http://snomed.info/sct#422088007	http://snomed.info/sct#770095003	332719
http://snomed.info/sct#422088007	http://snomed.info/sct#368521000119107	346178
http://snomed.info/sct#422088007	http://snomed.info/sct#368581000119106	346181
http://snomed.info/sct#422088007	http://snomed.info/sct#314537004	210493
http://snomed.info/sct#422088007	http://snomed.info/sct#26298008	21948
http://snomed.info/sct#422088007	http://snomed.info/sct#420996007	257172
http://snomed.info/sct#422088007	http://snomed.info/sct#421725003	257835
http://snomed.info/sct#422088007	http://snomed.info/sct#421966007	258065
http://snomed.info/sct#422088007	http://snomed.info/sct#422126006	258214
http://snomed.info/sct#422088007	http://snomed.info/sct#190331003	122288
http://snomed.info/sct#422088007	http://snomed.info/sct#421847006	257949
http://snomed.info/sct#422088007	http://snomed.info/sct#719216001	310300
http://snomed.info/sct#422088007	http://snomed.info/sct#190330002	122287
http://snomed.info/sct#422088007	http://snomed.info/sct#421075007	257243
http://snomed.info/sct#422088007	http://snomed.info/sct#421437000	257573
http://snomed.info/sct#422088007	http://snomed.info/sct#427027005	262912
http://snomed.info/sct#422088007	http://snomed.info/sct#427571000	263437
http://snomed.info/sct#422088007	http://snomed.info/sct#38205001	32005
http://snomed.info/sct#422088007	http://snomed.info/sct#712882000	304881
http://snomed.info/sct#422088007	http://snomed.info/sct#712883005	304882
http://snomed.info/sct#422088007	http://snomed.info/sct#713704004	305650
http://snomed.info/sct#422088007	http://snomed.info/sct#860883001	2858264
http://snomed.info/sct#422088007	http://snomed.info/sct#1144894004	3061784
http://snomed.info/sct#422088007	http://snomed.info/sct#368141000119106	2888967
http://snomed.info/sct#422088007	http://snomed.info/sct#102781000119107	338738
http://snomed.info/sct#422088007	http://snomed.info/sct#110181000119105	338963
http://snomed.info/sct#422088007	http://snomed.info/sct#230574001	139785
http://snomed.info/sct#422088007	http://snomed.info/sct#230575000	139786
http://snomed.info/sct#422088007	http://snomed.info/sct#232021008	141113
http://snomed.info/sct#422088007	http://snomed.info/sct#39127005	32765
http://snomed.info/sct#422088007	http://snomed.info/sct#49455004	41483
http://snomed.info/sct#422088007	http://snomed.info/sct#79554005	66720
http://snomed.info/sct#422088007	http://snomed.info/sct#201724008	125494
http://snomed.info/sct#422088007	http://snomed.info/sct#230577008	139788
http://snomed.info/sct#422088007	http://snomed.info/sct#427943001	263781
http://snomed.info/sct#422088007	http://snomed.info/sct#1511000119107	333282
http://snomed.info/sct#422088007	http://snomed.info/sct#71791000119104	337876
http://snomed.info/sct#422088007	http://snomed.info/sct#773001000000103	353440
http://snomed.info/sct#422088007	http://snomed.info/sct#1259048007	3223771
http://snomed.info/sct#422088007	http://snomed.info/sct#770098001	332722
http://snomed.info/sct#422088007	http://snomed.info/sct#87921000119104	338240
http://snomed.info/sct#422088007	http://snomed.info/sct#706891008	300124
http://snomed.info/sct#422088007	http://snomed.info/sct#735537007	324283
http://snomed.info/sct#422088007	http://snomed.info/sct#368601000119102	346183
http://snomed.info/sct#422088007	http://snomed.info/sct#713702000	305648
http://snomed.info/sct#422088007	http://snomed.info/sct#713703005	305649
http://snomed.info/sct#422088007	http://snomed.info/sct#126535008	99786
http://snomed.info/sct#422088007	http://snomed.info/sct#230576004	139787
http://snomed.info/sct#422088007	http://snomed.info/sct#713705003	305651
http://snomed.info/sct#422088007	http://snomed.info/sct#713706002	305652
http://snomed.info/sct#422088007	http://snomed.info/sct#789585000	2771404
http://snomed.info/sct#422088007	http://snomed.info/sct#368251000119101	2887948
http://snomed.info/sct#422088007	http://snomed.info/sct#19378003	16136
http://snomed.info/sct#422088007	http://snomed.info/sct#781000119106	333079
http://snomed.info/sct#422088007	http://snomed.info/sct#71771000119100	337875
http://snomed.info/sct#422088007	http://snomed.info/sct#35777006	29955
http://snomed.info/sct#422088007	http://snomed.info/sct#81830002	68623
http://snomed.info/sct#422088007	http://snomed.info/sct#193141005	123022
http://snomed.info/sct#422088007	http://snomed.info/sct#361216007	217142
http://snomed.info/sct#422088007	http://snomed.info/sct#420436000	256647
http://snomed.info/sct#422088007	http://snomed.info/sct#420918009	257100
http://snomed.info/sct#422088007	http://snomed.info/sct#367241000119104	2890754
http://snomed.info/sct#422088007	http://snomed.info/sct#126534007	99785
http://snomed.info/sct#422099009	http://snomed.info/sct#422099009	258188
http://snomed.info/sct#422099009	http://snomed.info/sct#420756003	256945
http://snomed.info/sct#422099009	http://snomed.info/sct#422034002	258127
http://snomed.info/sct#422099009	http://snomed.info/sct#1491000119102	333275
http://snomed.info/sct#422099009	http://snomed.info/sct#41911000119107	337210
http://snomed.info/sct#422099009	http://snomed.info/sct#82551000119103	338110
http://snomed.info/sct#422099009	http://snomed.info/sct#1003605004	2890614
http://snomed.info/sct#422099009	http://snomed.info/sct#1196922005	3063705
http://snomed.info/sct#422099009	http://snomed.info/sct#1501000119109	333278
http://snomed.info/sct#422099009	http://snomed.info/sct#1551000119108	333296
http://snomed.info/sct#422099009	http://snomed.info/sct#28331000119107	336975
http://snomed.info/sct#422099009	http://snomed.info/sct#82541000119100	338108
http://snomed.info/sct#422099009	http://snomed.info/sct#104961000119108	338789
http://snomed.info/sct#422099009	http://snomed.info/sct#97341000119105	338618
http://snomed.info/sct#422099009	http://snomed.info/sct#16747901000119104	2887270
http://snomed.info/sct#422099009	http://snomed.info/sct#16749661000119102	2888863
http://snomed.info/sct#422099009	http://snomed.info/sct#138911000119106	339679
http://snomed.info/sct#422099009	http://snomed.info/sct#138921000119104	339680
http://snomed.info/sct#422099009	http://snomed.info/sct#16745051000119107	2889580
http://snomed.info/sct#422099009	http://snomed.info/sct#16745131000119100	2890482
http://snomed.info/sct#422099009	http://snomed.info/sct#769220000	332010
http://snomed.info/sct#422099009	http://snomed.info/sct#16748141000119100	2888418
http://snomed.info/sct#422099009	http://snomed.info/sct#16745531000119108	2887554
http://snomed.info/sct#422099009	http://snomed.info/sct#16745651000119101	2890658
http://snomed.info/sct#422099009	http://snomed.info/sct#16746131000119105	2890875
http://snomed.info/sct#422099009	http://snomed.info/sct#16746261000119108	2890889
http://snomed.info/sct#422099009	http://snomed.info/sct#16747661000119109	2888191
http://snomed.info/sct#422099009	http://snomed.info/sct#16747141000119104	2888079
http://snomed.info/sct#422099009	http://snomed.info/sct#16746901000119101	2890697
http://snomed.info/sct#422099009	http://snomed.info/sct#421779007	257887
http://snomed.info/sct#422099009	http://snomed.info/sct#97331000119101	338617
http://snomed.info/sct#422099009	http://snomed.info/sct#16745931000119102	2888282
http://snomed.info/sct#422099009	http://snomed.info/sct#16746341000119103	2888118
http://snomed.info/sct#422099009	http://snomed.info/sct#16747021000119109	2888578
http://snomed.info/sct#422126006	http://snomed.info/sct#422126006	258214
http://snomed.info/sct#422126006	http://snomed.info/sct#190330002	122287
http://snomed.info/sct#422126006	http://snomed.info/sct#190331003	122288
http://snomed.info/sct#422126006	http://snomed.info/sct#735537007	324283
http://snomed.info/sct#422126006	http://snomed.info/sct#368601000119102	346183
http://snomed.info/sct#422126006	http://snomed.info/sct#367241000119104	2890754
http://snomed.info/sct#422166005	http://snomed.info/sct#422166005	258252
http://snomed.info/sct#422275004	http://snomed.info/sct#422275004	258353
http://snomed.info/sct#422275004	http://snomed.info/sct#420825003	257008
http://snomed.info/sct#422275004	http://snomed.info/sct#421631007	257745
http://snomed.info/sct#422275004	http://snomed.info/sct#402864004	241596
http://snomed.info/sct#426705001	http://snomed.info/sct#426705001	262601
http://snomed.info/sct#443694000	http://snomed.info/sct#443694000	276318
http://snomed.info/sct#445353002	http://snomed.info/sct#445353002	277894
http://snomed.info/sct#609561005	http://snomed.info/sct#609561005	292238
http://snomed.info/sct#609561005	http://snomed.info/sct#237604008	146125
http://snomed.info/sct#609561005	http://snomed.info/sct#609562003	292239
http://snomed.info/sct#609561005	http://snomed.info/sct#609570008	292247
http://snomed.info/sct#609561005	http://snomed.info/sct#609571007	292248
http://snomed.info/sct#609561005	http://snomed.info/sct#609572000	292249
http://snomed.info/sct#609561005	http://snomed.info/sct#609573005	292250
http://snomed.info/sct#609561005	http://snomed.info/sct#609574004	292251
http://snomed.info/sct#609561005	http://snomed.info/sct#609575003	292252
http://snomed.info/sct#609561005	http://snomed.info/sct#609576002	292253
http://snomed.info/sct#609561005	http://snomed.info/sct#609577006	292254
http://snomed.info/sct#609561005	http://snomed.info/sct#609578001	292255
http://snomed.info/sct#609562003	http://snomed.info/sct#609562003	292239
http://snomed.info/sct#609572000	http://snomed.info/sct#609572000	292249
http://snomed.info/sct#703138006	http://snomed.info/sct#703138006	297223
http://snomed.info/sct#713703005	http://snomed.info/sct#713703005	305649
http://snomed.info/sct#713706002	http://snomed.info/sct#713706002	305652
http://snomed.info/sct#719216001	http://snomed.info/sct#719216001	310300
http://snomed.info/sct#737212004	http://snomed.info/sct#737212004	325560
http://snomed.info/sct#737212004	http://snomed.info/sct#190447002	122306
http://snomed.info/sct#781000119106	http://snomed.info/sct#781000119106	333079
http://snomed.info/sct#1481000119100	http://snomed.info/sct#1481000119100	333270
http://snomed.info/sct#112991000000101	http://snomed.info/sct#112991000000101	339039
http://snomed.info/sct#335621000000101	http://snomed.info/sct#335621000000101	345085
http://snomed.info/sct#368591000119109	http://snomed.info/sct#368591000119109	346182
http://snomed.info/sct#368711000119106	http://snomed.info/sct#368711000119106	346186
http://snomed.info/sct#532411000000102	http://snomed.info/sct#532411000000102	2793728
http://snomed.info/sct#658011000000104	http://snomed.info/sct#658011000000104	2822224
http://snomed.info/sct#724276006	http://snomed.info/sct#724276006	314441
http://snomed.info/sct#237651005	http://snomed.info/sct#237651005	146164
http://snomed.info/sct#860712005	http://snomed.info/sct#860712005	2623608
http://snomed.info/sct#789567007	http://snomed.info/sct#789567007	2828128
http://snomed.info/sct#789567007	http://snomed.info/sct#789569005	2838869
http://snomed.info/sct#789568002	http://snomed.info/sct#789568002	2823320
http://snomed.info/sct#789568002	http://snomed.info/sct#789570006	2623337
http://snomed.info/sct#789568002	http://snomed.info/sct#789572003	2629090
http://snomed.info/sct#789569005	http://snomed.info/sct#789569005	2838869
http://snomed.info/sct#789570006	http://snomed.info/sct#789570006	2623337
http://snomed.info/sct#860883001	http://snomed.info/sct#860883001	2858264
http://snomed.info/sct#630521000000101	http://snomed.info/sct#630521000000101	2595554
http://snomed.info/sct#658061000000102	http://snomed.info/sct#658061000000102	2739984
http://snomed.info/sct#15086000	http://snomed.info/sct#15086000	12565
http://snomed.info/sct#185989004	http://snomed.info/sct#185989004	121244
http://snomed.info/sct#185990008	http://snomed.info/sct#185990008	121245
http://snomed.info/sct#185995003	http://snomed.info/sct#185995003	121247
http://snomed.info/sct#186010002	http://snomed.info/sct#186010002	121258
http://snomed.info/sct#270461001	http://snomed.info/sct#270461001	172420
http://snomed.info/sct#275590006	http://snomed.info/sct#275590006	176203
http://snomed.info/sct#315279003	http://snomed.info/sct#315279003	211142
http://snomed.info/sct#92501000000105	http://snomed.info/sct#92501000000105	338463
http://snomed.info/sct#92501000000105	http://snomed.info/sct#92711000000100	338487
http://snomed.info/sct#92501000000105	http://snomed.info/sct#92721000000106	338488
http://snomed.info/sct#92501000000105	http://snomed.info/sct#92731000000108	338489
http://snomed.info/sct#92501000000105	http://snomed.info/sct#92741000000104	338490
http://snomed.info/sct#92501000000105	http://snomed.info/sct#110791000000100	338984
http://snomed.info/sct#92721000000106	http://snomed.info/sct#92721000000106	338488
http://snomed.info/sct#92741000000104	http://snomed.info/sct#92741000000104	338490
http://snomed.info/sct#110791000000100	http://snomed.info/sct#110791000000100	338984
http://snomed.info/sct#976911000000101	http://snomed.info/sct#976911000000101	363576
http://snomed.info/sct#976931000000109	http://snomed.info/sct#976931000000109	363578
http://snomed.info/sct#977811000000105	http://snomed.info/sct#977811000000105	363616
http://snomed.info/sct#977831000000102	http://snomed.info/sct#977831000000102	363618
http://snomed.info/sct#978231000000100	http://snomed.info/sct#978231000000100	363640
http://snomed.info/sct#978251000000107	http://snomed.info/sct#978251000000107	363641
http://snomed.info/sct#978271000000103	http://snomed.info/sct#978271000000103	363642
http://snomed.info/sct#978341000000102	http://snomed.info/sct#978341000000102	363645
http://snomed.info/sct#18167009	http://snomed.info/sct#18167009	15150
http://snomed.info/sct#185993005	http://snomed.info/sct#185993005	121246
http://snomed.info/sct#275586009	http://snomed.info/sct#275586009	176199
http://snomed.info/sct#92491000000104	http://snomed.info/sct#92491000000104	338462
http://snomed.info/sct#92711000000100	http://snomed.info/sct#92711000000100	338487
http://snomed.info/sct#92731000000108	http://snomed.info/sct#92731000000108	338489
http://snomed.info/sct#976891000000104	http://snomed.info/sct#976891000000104	363575
http://snomed.info/sct#977791000000109	http://snomed.info/sct#977791000000109	363615
http://snomed.info/sct#160531006	http://snomed.info/sct#160531006	108120
http://snomed.info/sct#185988007	http://snomed.info/sct#185988007	121243
http://snomed.info/sct#270460000	http://snomed.info/sct#270460000	172419
http://snomed.info/sct#270463003	http://snomed.info/sct#270463003	172422
http://snomed.info/sct#275591005	http://snomed.info/sct#275591005	176204
http://snomed.info/sct#275592003	http://snomed.info/sct#275592003	176205
http://snomed.info/sct#275593008	http://snomed.info/sct#275593008	176206
http://snomed.info/sct#309643000	http://snomed.info/sct#309643000	206952
http://snomed.info/sct#309644006	http://snomed.info/sct#309644006	206953
http://snomed.info/sct#413465009	http://snomed.info/sct#413465009	250540
http://snomed.info/sct#107691000000105	http://snomed.info/sct#107691000000105	338860
http://snomed.info/sct#154164008	http://snomed.info/sct#154164008	2649534
http://snomed.info/sct#186008004	http://snomed.info/sct#186008004	2724897
http://snomed.info/sct#98781000000109	http://snomed.info/sct#98781000000109	2618596
http://snomed.info/sct#103691000000102	http://snomed.info/sct#103691000000102	2845968
http://snomed.info/sct#41040004	http://snomed.info/sct#41040004	34366
http://snomed.info/sct#41040004	http://snomed.info/sct#205615000	127009
http://snomed.info/sct#41040004	http://snomed.info/sct#205616004	127010
http://snomed.info/sct#41040004	http://snomed.info/sct#371045000	225458
http://snomed.info/sct#41040004	http://snomed.info/sct#724643004	314725
http://snomed.info/sct#41040004	http://snomed.info/sct#724644005	314726
http://snomed.info/sct#41040004	http://snomed.info/sct#733194007	322565
http://snomed.info/sct#41040004	http://snomed.info/sct#840505007	2684977
http://snomed.info/sct#205615000	http://snomed.info/sct#205615000	127009
http://snomed.info/sct#205616004	http://snomed.info/sct#205616004	127010
http://snomed.info/sct#254264002	http://snomed.info/sct#254264002	160980
http://snomed.info/sct#254263008	http://snomed.info/sct#254263008	2580557
http://snomed.info/sct#702711000000103	http://snomed.info/sct#702711000000103	2668447
http://snomed.info/sct#157019002	http://snomed.info/sct#157019002	2589893
http://snomed.info/sct#168118008	http://snomed.info/sct#168118008	112254
http://snomed.info/sct#205614001	http://snomed.info/sct#205614001	2703544
http://snomed.info/sct#205617008	http://snomed.info/sct#205617008	2727035
http://snomed.info/sct#205618003	http://snomed.info/sct#205618003	2726577
http://snomed.info/sct#371045000	http://snomed.info/sct#371045000	225458
http://snomed.info/sct#450935006	http://snomed.info/sct#450935006	283002
http://snomed.info/sct#709469005	http://snomed.info/sct#709469005	302444
http://snomed.info/sct#724643004	http://snomed.info/sct#724643004	314725
http://snomed.info/sct#724644005	http://snomed.info/sct#724644005	314726
http://snomed.info/sct#733194007	http://snomed.info/sct#733194007	322565
http://snomed.info/sct#737542000	http://snomed.info/sct#737542000	325805
http://snomed.info/sct#840505007	http://snomed.info/sct#840505007	2684977
http://snomed.info/sct#1340002	http://snomed.info/sct#1340002	1108
http://snomed.info/sct#2852001	http://snomed.info/sct#2852001	2362
http://snomed.info/sct#4299001	http://snomed.info/sct#4299001	3573
http://snomed.info/sct#10432001	http://snomed.info/sct#10432001	8693
http://snomed.info/sct#12556008	http://snomed.info/sct#12556008	10475
http://snomed.info/sct#20449009	http://snomed.info/sct#20449009	17037
http://snomed.info/sct#21993009	http://snomed.info/sct#21993009	18330
http://snomed.info/sct#24812003	http://snomed.info/sct#24812003	20703
http://snomed.info/sct#27683006	http://snomed.info/sct#27683006	23136
http://snomed.info/sct#28796001	http://snomed.info/sct#28796001	24067
http://snomed.info/sct#32513008	http://snomed.info/sct#32513008	27206
http://snomed.info/sct#38361009	http://snomed.info/sct#38361009	32138
http://snomed.info/sct#40165009	http://snomed.info/sct#40165009	33631
http://snomed.info/sct#42632009	http://snomed.info/sct#42632009	35714
http://snomed.info/sct#44460002	http://snomed.info/sct#44460002	37236
http://snomed.info/sct#46723002	http://snomed.info/sct#46723002	39164
http://snomed.info/sct#47250000	http://snomed.info/sct#47250000	39614
http://snomed.info/sct#48679001	http://snomed.info/sct#48679001	40829
http://snomed.info/sct#53195006	http://snomed.info/sct#53195006	44636
http://snomed.info/sct#57405008	http://snomed.info/sct#57405008	48163
http://snomed.info/sct#63736003	http://snomed.info/sct#63736003	53433
http://snomed.info/sct#67165000	http://snomed.info/sct#67165000	56315
http://snomed.info/sct#76768002	http://snomed.info/sct#76768002	64354
http://snomed.info/sct#81283004	http://snomed.info/sct#81283004	68171
http://snomed.info/sct#81846005	http://snomed.info/sct#81846005	68637
http://snomed.info/sct#83365001	http://snomed.info/sct#83365001	69910
http://snomed.info/sct#83939006	http://snomed.info/sct#83939006	70385
http://snomed.info/sct#90348007	http://snomed.info/sct#90348007	75781
http://snomed.info/sct#91066000	http://snomed.info/sct#91066000	76403
http://snomed.info/sct#91191002	http://snomed.info/sct#91191002	76510
http://snomed.info/sct#186013000	http://snomed.info/sct#186013000	121260
http://snomed.info/sct#186044009	http://snomed.info/sct#186044009	121277
http://snomed.info/sct#270465005	http://snomed.info/sct#270465005	172424
http://snomed.info/sct#275596000	http://snomed.info/sct#275596000	176209
http://snomed.info/sct#275597009	http://snomed.info/sct#275597009	176210
http://snomed.info/sct#312859007	http://snomed.info/sct#312859007	209165
http://snomed.info/sct#315280000	http://snomed.info/sct#315280000	211143
http://snomed.info/sct#315281001	http://snomed.info/sct#315281001	211144
http://snomed.info/sct#414551003	http://snomed.info/sct#414551003	251495
http://snomed.info/sct#414978006	http://snomed.info/sct#414978006	251887
http://snomed.info/sct#704386001	http://snomed.info/sct#704386001	298440
http://snomed.info/sct#704387005	http://snomed.info/sct#704387005	298441
http://snomed.info/sct#704388000	http://snomed.info/sct#704388000	298442
http://snomed.info/sct#704389008	http://snomed.info/sct#704389008	298443
http://snomed.info/sct#704390004	http://snomed.info/sct#704390004	298444
http://snomed.info/sct#704391000	http://snomed.info/sct#704391000	298445
http://snomed.info/sct#704392007	http://snomed.info/sct#704392007	298446
http://snomed.info/sct#86461000000107	http://snomed.info/sct#86461000000107	338207
http://snomed.info/sct#92481000000101	http://snomed.info/sct#92481000000101	338461
http://snomed.info/sct#92481000000101	http://snomed.info/sct#86461000000107	338207
http://snomed.info/sct#92481000000101	http://snomed.info/sct#92631000000103	338478
http://snomed.info/sct#92481000000101	http://snomed.info/sct#92641000000107	338479
http://snomed.info/sct#92481000000101	http://snomed.info/sct#92651000000105	338480
http://snomed.info/sct#92481000000101	http://snomed.info/sct#92661000000108	338481
http://snomed.info/sct#92481000000101	http://snomed.info/sct#92671000000101	338483
http://snomed.info/sct#92481000000101	http://snomed.info/sct#92681000000104	338484
http://snomed.info/sct#92481000000101	http://snomed.info/sct#92691000000102	338485
http://snomed.info/sct#92481000000101	http://snomed.info/sct#92701000000102	338486
http://snomed.info/sct#92481000000101	http://snomed.info/sct#110781000000102	338983
http://snomed.info/sct#92631000000103	http://snomed.info/sct#92631000000103	338478
http://snomed.info/sct#92651000000105	http://snomed.info/sct#92651000000105	338480
http://snomed.info/sct#92661000000108	http://snomed.info/sct#92661000000108	338481
http://snomed.info/sct#92671000000101	http://snomed.info/sct#92671000000101	338483
http://snomed.info/sct#92681000000104	http://snomed.info/sct#92681000000104	338484
http://snomed.info/sct#92691000000102	http://snomed.info/sct#92691000000102	338485
http://snomed.info/sct#92701000000102	http://snomed.info/sct#92701000000102	338486
http://snomed.info/sct#92751000000101	http://snomed.info/sct#92751000000101	338491
http://snomed.info/sct#110781000000102	http://snomed.info/sct#110781000000102	338983
http://snomed.info/sct#718131000000106	http://snomed.info/sct#718131000000106	351532
http://snomed.info/sct#976871000000103	http://snomed.info/sct#976871000000103	363574
http://snomed.info/sct#977771000000105	http://snomed.info/sct#977771000000105	363614
http://snomed.info/sct#978211000000108	http://snomed.info/sct#978211000000108	363638
http://hl7.org/fhir/administrative-gender/female	http://hl7.org/fhir/administrative-gender/female	1335245
http://snomed.info/sct#1919006	http://snomed.info/sct#1919006	1590
http://snomed.info/sct#2688009	http://snomed.info/sct#2688009	2227
http://snomed.info/sct#3353005	http://snomed.info/sct#3353005	2781
http://snomed.info/sct#3698008	http://snomed.info/sct#3698008	3064
http://snomed.info/sct#4073004	http://snomed.info/sct#4073004	3385
http://snomed.info/sct#6373008	http://snomed.info/sct#6373008	5331
http://snomed.info/sct#10292001	http://snomed.info/sct#10292001	8585
http://snomed.info/sct#13233008	http://snomed.info/sct#13233008	11030
http://snomed.info/sct#15801006	http://snomed.info/sct#15801006	13155
http://snomed.info/sct#17789004	http://snomed.info/sct#17789004	14824
http://snomed.info/sct#18575005	http://snomed.info/sct#18575005	15476
http://snomed.info/sct#18664001	http://snomed.info/sct#18664001	15555
http://snomed.info/sct#19085009	http://snomed.info/sct#19085009	15901
http://snomed.info/sct#20140003	http://snomed.info/sct#20140003	16785
http://snomed.info/sct#20291009	http://snomed.info/sct#20291009	16909
http://snomed.info/sct#21047009	http://snomed.info/sct#21047009	17545
http://snomed.info/sct#22007004	http://snomed.info/sct#22007004	18344
http://snomed.info/sct#23517005	http://snomed.info/sct#23517005	19618
http://snomed.info/sct#23534002	http://snomed.info/sct#23534002	19632
http://snomed.info/sct#25750005	http://snomed.info/sct#25750005	21489
http://snomed.info/sct#26215007	http://snomed.info/sct#26215007	21876
http://snomed.info/sct#27301002	http://snomed.info/sct#27301002	22811
http://snomed.info/sct#27700004	http://snomed.info/sct#27700004	23151
http://snomed.info/sct#28821007	http://snomed.info/sct#28821007	24089
http://snomed.info/sct#32873005	http://snomed.info/sct#32873005	27503
http://snomed.info/sct#33182009	http://snomed.info/sct#33182009	27756
http://snomed.info/sct#34334001	http://snomed.info/sct#34334001	28732
http://snomed.info/sct#35007000	http://snomed.info/sct#35007000	29309
http://snomed.info/sct#38144004	http://snomed.info/sct#38144004	31952
http://snomed.info/sct#38750003	http://snomed.info/sct#38750003	32455
http://snomed.info/sct#40182006	http://snomed.info/sct#40182006	33646
http://snomed.info/sct#41798002	http://snomed.info/sct#41798002	35020
http://snomed.info/sct#43056000	http://snomed.info/sct#43056000	36068
http://snomed.info/sct#43608005	http://snomed.info/sct#43608005	36522
http://snomed.info/sct#43890005	http://snomed.info/sct#43890005	36754
http://snomed.info/sct#47327008	http://snomed.info/sct#47327008	39675
http://snomed.info/sct#48118002	http://snomed.info/sct#48118002	40366
http://snomed.info/sct#48294008	http://snomed.info/sct#48294008	40517
http://snomed.info/sct#48375000	http://snomed.info/sct#48375000	40586
http://snomed.info/sct#49202008	http://snomed.info/sct#49202008	41264
http://snomed.info/sct#50405005	http://snomed.info/sct#50405005	42290
http://snomed.info/sct#51827000	http://snomed.info/sct#51827000	43490
http://snomed.info/sct#55990000	http://snomed.info/sct#55990000	46988
http://snomed.info/sct#57539009	http://snomed.info/sct#57539009	48277
http://snomed.info/sct#59597001	http://snomed.info/sct#59597001	49989
http://snomed.info/sct#60157000	http://snomed.info/sct#60157000	50447
http://snomed.info/sct#62598008	http://snomed.info/sct#62598008	52483
http://snomed.info/sct#63457007	http://snomed.info/sct#63457007	53194
http://snomed.info/sct#63732001	http://snomed.info/sct#63732001	53429
http://snomed.info/sct#65776006	http://snomed.info/sct#65776006	55147
http://snomed.info/sct#66406004	http://snomed.info/sct#66406004	55679
http://snomed.info/sct#67931002	http://snomed.info/sct#67931002	56959
http://snomed.info/sct#69865008	http://snomed.info/sct#69865008	58563
http://snomed.info/sct#69983001	http://snomed.info/sct#69983001	58657
http://snomed.info/sct#71949006	http://snomed.info/sct#71949006	60299
http://snomed.info/sct#72337002	http://snomed.info/sct#72337002	60627
http://snomed.info/sct#73524008	http://snomed.info/sct#73524008	61620
http://snomed.info/sct#73736004	http://snomed.info/sct#73736004	61799
http://snomed.info/sct#74159009	http://snomed.info/sct#74159009	62168
http://snomed.info/sct#74302004	http://snomed.info/sct#74302004	62281
http://snomed.info/sct#75301003	http://snomed.info/sct#75301003	63108
http://snomed.info/sct#75326007	http://snomed.info/sct#75326007	63128
http://snomed.info/sct#75704009	http://snomed.info/sct#75704009	63446
http://snomed.info/sct#76460008	http://snomed.info/sct#76460008	64096
http://snomed.info/sct#76883002	http://snomed.info/sct#76883002	64451
http://snomed.info/sct#77502007	http://snomed.info/sct#77502007	64987
http://snomed.info/sct#77686000	http://snomed.info/sct#77686000	65136
http://snomed.info/sct#79434006	http://snomed.info/sct#79434006	66611
http://snomed.info/sct#81560001	http://snomed.info/sct#81560001	68401
http://snomed.info/sct#81653003	http://snomed.info/sct#81653003	68479
http://snomed.info/sct#85515006	http://snomed.info/sct#85515006	71702
http://snomed.info/sct#86275006	http://snomed.info/sct#86275006	72357
http://snomed.info/sct#87323008	http://snomed.info/sct#87323008	73241
http://snomed.info/sct#89026003	http://snomed.info/sct#89026003	74655
http://snomed.info/sct#90027003	http://snomed.info/sct#90027003	75509
http://snomed.info/sct#108342005	http://snomed.info/sct#108342005	86065
http://snomed.info/sct#113170005	http://snomed.info/sct#113170005	89806
http://snomed.info/sct#113171009	http://snomed.info/sct#113171009	89807
http://snomed.info/sct#186005001	http://snomed.info/sct#186005001	121255
http://snomed.info/sct#186006000	http://snomed.info/sct#186006000	121256
http://snomed.info/sct#186007009	http://snomed.info/sct#186007009	121257
http://snomed.info/sct#186035008	http://snomed.info/sct#186035008	121269
http://snomed.info/sct#186037000	http://snomed.info/sct#186037000	121271
http://snomed.info/sct#186039002	http://snomed.info/sct#186039002	121273
http://snomed.info/sct#186040000	http://snomed.info/sct#186040000	121274
http://snomed.info/sct#186041001	http://snomed.info/sct#186041001	121275
http://snomed.info/sct#186042008	http://snomed.info/sct#186042008	121276
http://snomed.info/sct#270464009	http://snomed.info/sct#270464009	172423
http://snomed.info/sct#275594002	http://snomed.info/sct#275594002	176207
http://snomed.info/sct#275595001	http://snomed.info/sct#275595001	176208
http://snomed.info/sct#414661004	http://snomed.info/sct#414661004	251593
http://snomed.info/sct#445343003	http://snomed.info/sct#445343003	277885
http://snomed.info/sct#718958002	http://snomed.info/sct#718958002	310089
http://snomed.info/sct#718959005	http://snomed.info/sct#718959005	310090
http://snomed.info/sct#718960000	http://snomed.info/sct#718960000	310091
http://snomed.info/sct#718961001	http://snomed.info/sct#718961001	310092
http://snomed.info/sct#718962008	http://snomed.info/sct#718962008	310093
http://snomed.info/sct#718963003	http://snomed.info/sct#718963003	310094
http://snomed.info/sct#718964009	http://snomed.info/sct#718964009	310095
http://snomed.info/sct#89001000000105	http://snomed.info/sct#89001000000105	338290
http://snomed.info/sct#89011000000107	http://snomed.info/sct#89011000000107	338291
http://snomed.info/sct#89021000000101	http://snomed.info/sct#89021000000101	338293
http://snomed.info/sct#92521000000101	http://snomed.info/sct#92521000000101	338467
http://snomed.info/sct#92521000000101	http://snomed.info/sct#88991000000105	338289
http://snomed.info/sct#92521000000101	http://snomed.info/sct#89001000000105	338290
http://snomed.info/sct#92521000000101	http://snomed.info/sct#89011000000107	338291
http://snomed.info/sct#92521000000101	http://snomed.info/sct#89021000000101	338293
http://snomed.info/sct#92521000000101	http://snomed.info/sct#89031000000104	338294
http://snomed.info/sct#92521000000101	http://snomed.info/sct#92751000000101	338491
http://snomed.info/sct#92521000000101	http://snomed.info/sct#92761000000103	338492
http://snomed.info/sct#92521000000101	http://snomed.info/sct#92771000000105	338493
http://snomed.info/sct#92521000000101	http://snomed.info/sct#92781000000107	338494
http://snomed.info/sct#92521000000101	http://snomed.info/sct#94061000000107	338541
http://snomed.info/sct#92521000000101	http://snomed.info/sct#94071000000100	338542
http://snomed.info/sct#92521000000101	http://snomed.info/sct#94081000000103	338543
http://snomed.info/sct#92521000000101	http://snomed.info/sct#94091000000101	338545
http://snomed.info/sct#92521000000101	http://snomed.info/sct#94101000000109	338547
http://snomed.info/sct#92521000000101	http://snomed.info/sct#94111000000106	338548
http://snomed.info/sct#92521000000101	http://snomed.info/sct#94121000000100	338550
http://snomed.info/sct#92521000000101	http://snomed.info/sct#94131000000103	338551
http://snomed.info/sct#92521000000101	http://snomed.info/sct#94141000000107	338552
http://snomed.info/sct#92521000000101	http://snomed.info/sct#94151000000105	338553
http://snomed.info/sct#92521000000101	http://snomed.info/sct#110831000000107	338987
http://snomed.info/sct#92761000000103	http://snomed.info/sct#92761000000103	338492
http://snomed.info/sct#92771000000105	http://snomed.info/sct#92771000000105	338493
http://snomed.info/sct#92781000000107	http://snomed.info/sct#92781000000107	338494
http://snomed.info/sct#94061000000107	http://snomed.info/sct#94061000000107	338541
http://snomed.info/sct#94071000000100	http://snomed.info/sct#94071000000100	338542
http://snomed.info/sct#94081000000103	http://snomed.info/sct#94081000000103	338543
http://snomed.info/sct#94091000000101	http://snomed.info/sct#94091000000101	338545
http://snomed.info/sct#94101000000109	http://snomed.info/sct#94101000000109	338547
http://snomed.info/sct#94111000000106	http://snomed.info/sct#94111000000106	338548
http://snomed.info/sct#94121000000100	http://snomed.info/sct#94121000000100	338550
http://snomed.info/sct#94151000000105	http://snomed.info/sct#94151000000105	338553
http://snomed.info/sct#296841000000102	http://snomed.info/sct#296841000000102	343920
http://snomed.info/sct#976951000000102	http://snomed.info/sct#976951000000102	363579
http://snomed.info/sct#976971000000106	http://snomed.info/sct#976971000000106	363580
http://snomed.info/sct#977851000000109	http://snomed.info/sct#977851000000109	363619
http://snomed.info/sct#977871000000100	http://snomed.info/sct#977871000000100	363620
http://snomed.info/sct#978381000000105	http://snomed.info/sct#978381000000105	363647
http://snomed.info/sct#978401000000105	http://snomed.info/sct#978401000000105	363648
http://snomed.info/sct#33897005	http://snomed.info/sct#33897005	28355
http://snomed.info/sct#92511000000107	http://snomed.info/sct#92511000000107	338465
http://snomed.info/sct#976851000000107	http://snomed.info/sct#976851000000107	363573
http://snomed.info/sct#977751000000101	http://snomed.info/sct#977751000000101	363613
http://snomed.info/sct#978191000000109	http://snomed.info/sct#978191000000109	363637
http://snomed.info/sct#154181004	http://snomed.info/sct#154181004	2602359
http://snomed.info/sct#154224002	http://snomed.info/sct#154224002	2605932
http://snomed.info/sct#186004002	http://snomed.info/sct#186004002	2705901
http://snomed.info/sct#85891000000106	http://snomed.info/sct#85891000000106	2779639
http://snomed.info/sct#186003008	http://snomed.info/sct#186003008	121254
http://snomed.info/sct#92471000000103	http://snomed.info/sct#92471000000103	338460
http://snomed.info/sct#976831000000100	http://snomed.info/sct#976831000000100	363572
http://snomed.info/sct#977731000000108	http://snomed.info/sct#977731000000108	363612
http://snomed.info/sct#978171000000105	http://snomed.info/sct#978171000000105	363636
http://snomed.info/sct#81035008	http://snomed.info/sct#81035008	67963
http://snomed.info/sct#186002003	http://snomed.info/sct#186002003	121253
http://snomed.info/sct#92461000000105	http://snomed.info/sct#92461000000105	338458
http://snomed.info/sct#976811000000108	http://snomed.info/sct#976811000000108	363570
http://snomed.info/sct#977711000000100	http://snomed.info/sct#977711000000100	363610
http://snomed.info/sct#978071000000106	http://snomed.info/sct#978071000000106	363631
http://snomed.info/sct#64483007	http://snomed.info/sct#64483007	54073
http://snomed.info/sct#186001005	http://snomed.info/sct#186001005	121252
http://snomed.info/sct#186012005	http://snomed.info/sct#186012005	121259
http://snomed.info/sct#414481008	http://snomed.info/sct#414481008	251431
http://snomed.info/sct#704385002	http://snomed.info/sct#704385002	298439
http://snomed.info/sct#110751000000108	http://snomed.info/sct#110751000000108	338980
http://snomed.info/sct#976791000000107	http://snomed.info/sct#976791000000107	363569
http://snomed.info/sct#977591000000103	http://snomed.info/sct#977591000000103	363604
http://snomed.info/sct#978111000000100	http://snomed.info/sct#978111000000100	363633
http://snomed.info/sct#105542008	http://snomed.info/sct#105542008	84204
http://snomed.info/sct#105542008	http://snomed.info/sct#82581004	69259
http://snomed.info/sct#105542008	http://snomed.info/sct#105543003	84205
http://snomed.info/sct#105542008	http://snomed.info/sct#105544009	84206
http://snomed.info/sct#105542008	http://snomed.info/sct#105545005	84207
http://snomed.info/sct#105542008	http://snomed.info/sct#783261004	2758807
http://snomed.info/sct#105542008	http://snomed.info/sct#160579004	108150
http://snomed.info/sct#105542008	http://snomed.info/sct#160582009	108152
http://snomed.info/sct#105542008	http://snomed.info/sct#160583004	108153
http://snomed.info/sct#105542008	http://snomed.info/sct#160584005	108154
http://snomed.info/sct#105542008	http://snomed.info/sct#160585006	108155
http://snomed.info/sct#105542008	http://snomed.info/sct#160587003	108157
http://snomed.info/sct#105542008	http://snomed.info/sct#286857004	186648
http://snomed.info/sct#105542008	http://snomed.info/sct#300939009	199525
http://snomed.info/sct#160579004	http://snomed.info/sct#160579004	108150
http://snomed.info/sct#228274009	http://snomed.info/sct#228274009	137659
http://snomed.info/sct#783261004	http://snomed.info/sct#783261004	2758807
http://snomed.info/sct#315236000	http://snomed.info/sct#315236000	211101
http://snomed.info/sct#401213008	http://snomed.info/sct#401213008	240119
http://snomed.info/sct#92541000000108	http://snomed.info/sct#92541000000108	338469
http://snomed.info/sct#92551000000106	http://snomed.info/sct#92551000000106	338470
http://snomed.info/sct#92571000000102	http://snomed.info/sct#92571000000102	338472
http://snomed.info/sct#93921000000101	http://snomed.info/sct#93921000000101	338524
http://snomed.info/sct#110761000000106	http://snomed.info/sct#110761000000106	338981
http://snomed.info/sct#494131000000105	http://snomed.info/sct#494131000000105	348688
http://snomed.info/sct#976631000000101	http://snomed.info/sct#976631000000101	363560
http://snomed.info/sct#977351000000100	http://snomed.info/sct#977351000000100	363592
http://snomed.info/sct#977911000000103	http://snomed.info/sct#977911000000103	363621
http://snomed.info/sct#977931000000106	http://snomed.info/sct#977931000000106	363623
http://snomed.info/sct#137985005	http://snomed.info/sct#137985005	2846957
http://endhealth.info/emis#855001000006114	http://endhealth.info/emis#855001000006114	1376265
http://snomed.info/sct#137981001	http://snomed.info/sct#137981001	2825758
http://snomed.info/sct#137984009	http://snomed.info/sct#137984009	2833948
http://snomed.info/sct#595501000000101	http://snomed.info/sct#595501000000101	2569465
http://snomed.info/sct#389287002	http://snomed.info/sct#389287002	2625532
http://snomed.info/sct#8517006	http://snomed.info/sct#8517006	7113
http://snomed.info/sct#8517006	http://snomed.info/sct#53896009	45234
http://snomed.info/sct#8517006	http://snomed.info/sct#160620009	108175
http://snomed.info/sct#8517006	http://snomed.info/sct#160621008	108176
http://snomed.info/sct#8517006	http://snomed.info/sct#281018007	181090
http://snomed.info/sct#8517006	http://snomed.info/sct#360890004	216851
http://snomed.info/sct#8517006	http://snomed.info/sct#360900008	216861
http://snomed.info/sct#8517006	http://snomed.info/sct#735128000	323983
http://snomed.info/sct#8517006	http://snomed.info/sct#48031000119106	337279
http://snomed.info/sct#8517006	http://snomed.info/sct#1092031000000108	373805
http://snomed.info/sct#8517006	http://snomed.info/sct#1092041000000104	373806
http://snomed.info/sct#8517006	http://snomed.info/sct#1092071000000105	373809
http://snomed.info/sct#8517006	http://snomed.info/sct#1092091000000109	373811
http://snomed.info/sct#8517006	http://snomed.info/sct#1092111000000104	373813
http://snomed.info/sct#8517006	http://snomed.info/sct#1092131000000107	373816
http://snomed.info/sct#8517006	http://snomed.info/sct#266921000	171230
http://snomed.info/sct#8517006	http://snomed.info/sct#266922007	171231
http://snomed.info/sct#8517006	http://snomed.info/sct#266923002	171232
http://snomed.info/sct#8517006	http://snomed.info/sct#266924008	171233
http://snomed.info/sct#8517006	http://snomed.info/sct#266925009	171234
http://snomed.info/sct#8517006	http://snomed.info/sct#266928006	171237
http://snomed.info/sct#8517006	http://snomed.info/sct#492191000000103	348631
http://snomed.info/sct#53896009	http://snomed.info/sct#53896009	45234
http://snomed.info/sct#160617001	http://snomed.info/sct#160617001	108172
http://snomed.info/sct#160617001	http://snomed.info/sct#449368009	281833
http://snomed.info/sct#160617001	http://snomed.info/sct#449369001	281834
http://snomed.info/sct#160617001	http://snomed.info/sct#517211000000106	349188
http://snomed.info/sct#160617001	http://snomed.info/sct#598071000005103	3237014
http://snomed.info/sct#160617001	http://snomed.info/sct#598081000005100	3243955
http://snomed.info/sct#160620009	http://snomed.info/sct#160620009	108175
http://snomed.info/sct#160621008	http://snomed.info/sct#160621008	108176
http://snomed.info/sct#160625004	http://snomed.info/sct#160625004	108177
http://snomed.info/sct#160625004	http://snomed.info/sct#735112005	323971
http://snomed.info/sct#228486009	http://snomed.info/sct#228486009	137858
http://snomed.info/sct#266921000	http://snomed.info/sct#266921000	171230
http://snomed.info/sct#266922007	http://snomed.info/sct#266922007	171231
http://snomed.info/sct#266923002	http://snomed.info/sct#266923002	171232
http://snomed.info/sct#266924008	http://snomed.info/sct#266924008	171233
http://snomed.info/sct#266925009	http://snomed.info/sct#266925009	171234
http://snomed.info/sct#266928006	http://snomed.info/sct#266928006	171237
http://snomed.info/sct#281018007	http://snomed.info/sct#281018007	181090
http://snomed.info/sct#281018007	http://snomed.info/sct#266921000	171230
http://snomed.info/sct#281018007	http://snomed.info/sct#266922007	171231
http://snomed.info/sct#281018007	http://snomed.info/sct#266923002	171232
http://snomed.info/sct#281018007	http://snomed.info/sct#266924008	171233
http://snomed.info/sct#281018007	http://snomed.info/sct#266925009	171234
http://snomed.info/sct#281018007	http://snomed.info/sct#266928006	171237
http://snomed.info/sct#281018007	http://snomed.info/sct#492191000000103	348631
http://snomed.info/sct#360890004	http://snomed.info/sct#360890004	216851
http://snomed.info/sct#360900008	http://snomed.info/sct#360900008	216861
http://snomed.info/sct#735112005	http://snomed.info/sct#735112005	323971
http://snomed.info/sct#735128000	http://snomed.info/sct#735128000	323983
http://snomed.info/sct#48031000119106	http://snomed.info/sct#48031000119106	337279
http://snomed.info/sct#492191000000103	http://snomed.info/sct#492191000000103	348631
http://snomed.info/sct#1092031000000108	http://snomed.info/sct#1092031000000108	373805
http://snomed.info/sct#1092041000000104	http://snomed.info/sct#1092041000000104	373806
http://snomed.info/sct#1092071000000105	http://snomed.info/sct#1092071000000105	373809
http://snomed.info/sct#1092091000000109	http://snomed.info/sct#1092091000000109	373811
http://snomed.info/sct#1092111000000104	http://snomed.info/sct#1092111000000104	373813
http://snomed.info/sct#1092131000000107	http://snomed.info/sct#1092131000000107	373816
http://snomed.info/sct#65909009	http://snomed.info/sct#65909009	2675093
http://snomed.info/sct#137988007	http://snomed.info/sct#137988007	2855778
http://snomed.info/sct#137989004	http://snomed.info/sct#137989004	2851250
http://snomed.info/sct#137990008	http://snomed.info/sct#137990008	2635683
http://snomed.info/sct#137991007	http://snomed.info/sct#137991007	2650320
http://snomed.info/sct#137992000	http://snomed.info/sct#137992000	2643398
http://snomed.info/sct#137996002	http://snomed.info/sct#137996002	2667186
http://snomed.info/sct#138004007	http://snomed.info/sct#138004007	2775050
http://snomed.info/sct#138005008	http://snomed.info/sct#138005008	2770856
http://snomed.info/sct#138009002	http://snomed.info/sct#138009002	2792495
http://snomed.info/sct#160607006	http://snomed.info/sct#160607006	2615854
http://snomed.info/sct#485971000000109	http://snomed.info/sct#485971000000109	2710132
http://snomed.info/sct#487391000000101	http://snomed.info/sct#487391000000101	2767951
http://snomed.info/sct#160608001	http://snomed.info/sct#160608001	2629182
http://snomed.info/sct#160609009	http://snomed.info/sct#160609009	2624724
http://snomed.info/sct#160610004	http://snomed.info/sct#160610004	2722767
http://snomed.info/sct#160611000	http://snomed.info/sct#160611000	2737059
http://snomed.info/sct#160615009	http://snomed.info/sct#160615009	2743873
http://snomed.info/sct#160624000	http://snomed.info/sct#160624000	2573577
http://snomed.info/sct#228503001	http://snomed.info/sct#228503001	137875
http://snomed.info/sct#228513009	http://snomed.info/sct#228513009	137885
http://snomed.info/sct#308511000000108	http://snomed.info/sct#308511000000108	2678900
http://snomed.info/sct#308931000000107	http://snomed.info/sct#308931000000107	2833951
http://snomed.info/sct#702975009	http://snomed.info/sct#702975009	297063
http://snomed.info/sct#492201000000101	http://snomed.info/sct#492201000000101	2642950
http://snomed.info/sct#492211000000104	http://snomed.info/sct#492211000000104	2679782
http://snomed.info/sct#8392000	http://snomed.info/sct#8392000	7010
http://snomed.info/sct#8392000	http://snomed.info/sct#8517006	7113
http://snomed.info/sct#8392000	http://snomed.info/sct#87739003	73584
http://snomed.info/sct#8392000	http://snomed.info/sct#105539002	84201
http://snomed.info/sct#8392000	http://snomed.info/sct#105540000	84202
http://snomed.info/sct#8392000	http://snomed.info/sct#105541001	84203
http://snomed.info/sct#8392000	http://snomed.info/sct#266919005	171228
http://snomed.info/sct#8392000	http://snomed.info/sct#360918006	216878
http://snomed.info/sct#8392000	http://snomed.info/sct#360929005	216888
http://snomed.info/sct#8392000	http://snomed.info/sct#405746006	244229
http://snomed.info/sct#8392000	http://snomed.info/sct#53896009	45234
http://snomed.info/sct#8392000	http://snomed.info/sct#160620009	108175
http://snomed.info/sct#8392000	http://snomed.info/sct#160621008	108176
http://snomed.info/sct#8392000	http://snomed.info/sct#281018007	181090
http://snomed.info/sct#8392000	http://snomed.info/sct#360890004	216851
http://snomed.info/sct#8392000	http://snomed.info/sct#360900008	216861
http://snomed.info/sct#8392000	http://snomed.info/sct#735128000	323983
http://snomed.info/sct#8392000	http://snomed.info/sct#48031000119106	337279
http://snomed.info/sct#8392000	http://snomed.info/sct#1092031000000108	373805
http://snomed.info/sct#8392000	http://snomed.info/sct#1092041000000104	373806
http://snomed.info/sct#8392000	http://snomed.info/sct#1092071000000105	373809
http://snomed.info/sct#8392000	http://snomed.info/sct#1092091000000109	373811
http://snomed.info/sct#8392000	http://snomed.info/sct#1092111000000104	373813
http://snomed.info/sct#8392000	http://snomed.info/sct#1092131000000107	373816
http://snomed.info/sct#8392000	http://snomed.info/sct#266921000	171230
http://snomed.info/sct#8392000	http://snomed.info/sct#266922007	171231
http://snomed.info/sct#8392000	http://snomed.info/sct#266923002	171232
http://snomed.info/sct#8392000	http://snomed.info/sct#266924008	171233
http://snomed.info/sct#8392000	http://snomed.info/sct#266925009	171234
http://snomed.info/sct#8392000	http://snomed.info/sct#266928006	171237
http://snomed.info/sct#8392000	http://snomed.info/sct#492191000000103	348631
http://snomed.info/sct#87739003	http://snomed.info/sct#87739003	73584
http://snomed.info/sct#87739003	http://snomed.info/sct#53896009	45234
http://snomed.info/sct#105539002	http://snomed.info/sct#105539002	84201
http://snomed.info/sct#105540000	http://snomed.info/sct#105540000	84202
http://snomed.info/sct#105541001	http://snomed.info/sct#105541001	84203
http://snomed.info/sct#160601007	http://snomed.info/sct#160601007	2588883
http://snomed.info/sct#160618006	http://snomed.info/sct#160618006	108173
http://snomed.info/sct#266919005	http://snomed.info/sct#266919005	171228
http://snomed.info/sct#360918006	http://snomed.info/sct#360918006	216878
http://snomed.info/sct#360929005	http://snomed.info/sct#360929005	216888
http://snomed.info/sct#405746006	http://snomed.info/sct#405746006	244229
http://snomed.info/sct#72524004	http://snomed.info/sct#72524004	2564790
http://snomed.info/sct#129570009	http://snomed.info/sct#129570009	102235
http://snomed.info/sct#137982008	http://snomed.info/sct#137982008	2823735
http://snomed.info/sct#138002006	http://snomed.info/sct#138002006	2764371
http://snomed.info/sct#315213009	http://snomed.info/sct#315213009	211081
http://snomed.info/sct#505681000000109	http://snomed.info/sct#505681000000109	348879
http://snomed.info/sct#510541000000106	http://snomed.info/sct#510541000000106	2773217
http://snomed.info/sct#510561000000107	http://snomed.info/sct#510561000000107	2559740
http://snomed.info/sct#186021006	http://snomed.info/sct#186021006	121265
http://snomed.info/sct#92441000000109	http://snomed.info/sct#92441000000109	338455
http://snomed.info/sct#92601000000109	http://snomed.info/sct#92601000000109	338475
http://snomed.info/sct#976751000000104	http://snomed.info/sct#976751000000104	363567
http://snomed.info/sct#977431000000100	http://snomed.info/sct#977431000000100	363597
http://snomed.info/sct#286009	http://snomed.info/sct#286009	233
http://snomed.info/sct#1451003	http://snomed.info/sct#1451003	1200
http://snomed.info/sct#7695005	http://snomed.info/sct#7695005	6420
http://snomed.info/sct#9533000	http://snomed.info/sct#9533000	7966
http://snomed.info/sct#10117001	http://snomed.info/sct#10117001	8443
http://snomed.info/sct#14045001	http://snomed.info/sct#14045001	11706
http://snomed.info/sct#14176005	http://snomed.info/sct#14176005	11808
http://snomed.info/sct#17095009	http://snomed.info/sct#17095009	14238
http://snomed.info/sct#18583004	http://snomed.info/sct#18583004	15482
http://snomed.info/sct#19434008	http://snomed.info/sct#19434008	16186
http://snomed.info/sct#28409002	http://snomed.info/sct#28409002	23742
http://snomed.info/sct#28562006	http://snomed.info/sct#28562006	23872
http://snomed.info/sct#29343004	http://snomed.info/sct#29343004	24526
http://snomed.info/sct#31637002	http://snomed.info/sct#31637002	26449
http://snomed.info/sct#32045009	http://snomed.info/sct#32045009	26799
http://snomed.info/sct#36329002	http://snomed.info/sct#36329002	30429
http://snomed.info/sct#45465003	http://snomed.info/sct#45465003	38085
http://snomed.info/sct#53460002	http://snomed.info/sct#53460002	44861
http://snomed.info/sct#56056003	http://snomed.info/sct#56056003	47043
http://snomed.info/sct#64693008	http://snomed.info/sct#64693008	54249
http://snomed.info/sct#66920001	http://snomed.info/sct#66920001	56110
http://snomed.info/sct#68486007	http://snomed.info/sct#68486007	57425
http://snomed.info/sct#72809004	http://snomed.info/sct#72809004	61032
http://snomed.info/sct#76574004	http://snomed.info/sct#76574004	64189
http://snomed.info/sct#80208004	http://snomed.info/sct#80208004	67267
http://snomed.info/sct#81403004	http://snomed.info/sct#81403004	68271
http://snomed.info/sct#85163001	http://snomed.info/sct#85163001	71417
http://snomed.info/sct#113169009	http://snomed.info/sct#113169009	89805
http://snomed.info/sct#185984009	http://snomed.info/sct#185984009	121242
http://snomed.info/sct#186017004	http://snomed.info/sct#186017004	121262
http://snomed.info/sct#186036009	http://snomed.info/sct#186036009	121270
http://snomed.info/sct#270466006	http://snomed.info/sct#270466006	172425
http://snomed.info/sct#270467002	http://snomed.info/sct#270467002	172426
http://snomed.info/sct#275599007	http://snomed.info/sct#275599007	176212
http://snomed.info/sct#275600005	http://snomed.info/sct#275600005	176213
http://snomed.info/sct#275601009	http://snomed.info/sct#275601009	176214
http://snomed.info/sct#275602002	http://snomed.info/sct#275602002	176215
http://snomed.info/sct#401214002	http://snomed.info/sct#401214002	240120
http://snomed.info/sct#414152003	http://snomed.info/sct#414152003	251144
http://snomed.info/sct#733078003	http://snomed.info/sct#733078003	322462
http://snomed.info/sct#733446001	http://snomed.info/sct#733446001	322787
http://snomed.info/sct#735001008	http://snomed.info/sct#735001008	323890
http://snomed.info/sct#88931000000109	http://snomed.info/sct#88931000000109	338283
http://snomed.info/sct#88941000000100	http://snomed.info/sct#88941000000100	338284
http://snomed.info/sct#88951000000102	http://snomed.info/sct#88951000000102	338285
http://snomed.info/sct#88961000000104	http://snomed.info/sct#88961000000104	338286
http://snomed.info/sct#88971000000106	http://snomed.info/sct#88971000000106	338287
http://snomed.info/sct#88981000000108	http://snomed.info/sct#88981000000108	338288
http://snomed.info/sct#92411000000108	http://snomed.info/sct#92411000000108	338450
http://snomed.info/sct#92411000000108	http://snomed.info/sct#88911000000101	338280
http://snomed.info/sct#92411000000108	http://snomed.info/sct#88921000000107	338282
http://snomed.info/sct#92411000000108	http://snomed.info/sct#88931000000109	338283
http://snomed.info/sct#92411000000108	http://snomed.info/sct#88941000000100	338284
http://snomed.info/sct#92411000000108	http://snomed.info/sct#88951000000102	338285
http://snomed.info/sct#92411000000108	http://snomed.info/sct#88961000000104	338286
http://snomed.info/sct#92411000000108	http://snomed.info/sct#88971000000106	338287
http://snomed.info/sct#92411000000108	http://snomed.info/sct#88981000000108	338288
http://snomed.info/sct#92411000000108	http://snomed.info/sct#92541000000108	338469
http://snomed.info/sct#92411000000108	http://snomed.info/sct#92551000000106	338470
http://snomed.info/sct#92411000000108	http://snomed.info/sct#92561000000109	338471
http://snomed.info/sct#92411000000108	http://snomed.info/sct#92571000000102	338472
http://snomed.info/sct#92411000000108	http://snomed.info/sct#92791000000109	338495
http://snomed.info/sct#92411000000108	http://snomed.info/sct#93921000000101	338524
http://snomed.info/sct#92411000000108	http://snomed.info/sct#93931000000104	338525
http://snomed.info/sct#92411000000108	http://snomed.info/sct#93941000000108	338527
http://snomed.info/sct#92411000000108	http://snomed.info/sct#93951000000106	338528
http://snomed.info/sct#92411000000108	http://snomed.info/sct#93961000000109	338529
http://snomed.info/sct#92411000000108	http://snomed.info/sct#93981000000100	338532
http://snomed.info/sct#92411000000108	http://snomed.info/sct#93991000000103	338533
http://snomed.info/sct#92411000000108	http://snomed.info/sct#94001000000108	338534
http://snomed.info/sct#92411000000108	http://snomed.info/sct#94011000000105	338536
http://snomed.info/sct#92411000000108	http://snomed.info/sct#94021000000104	338537
http://snomed.info/sct#92411000000108	http://snomed.info/sct#94031000000102	338538
http://snomed.info/sct#92411000000108	http://snomed.info/sct#94041000000106	338539
http://snomed.info/sct#92411000000108	http://snomed.info/sct#94051000000109	338540
http://snomed.info/sct#92411000000108	http://snomed.info/sct#110401000000103	338967
http://snomed.info/sct#92411000000108	http://snomed.info/sct#110761000000106	338981
http://snomed.info/sct#92791000000109	http://snomed.info/sct#92791000000109	338495
http://snomed.info/sct#93931000000104	http://snomed.info/sct#93931000000104	338525
http://snomed.info/sct#93941000000108	http://snomed.info/sct#93941000000108	338527
http://snomed.info/sct#93951000000106	http://snomed.info/sct#93951000000106	338528
http://snomed.info/sct#93961000000109	http://snomed.info/sct#93961000000109	338529
http://snomed.info/sct#93981000000100	http://snomed.info/sct#93981000000100	338532
http://snomed.info/sct#93991000000103	http://snomed.info/sct#93991000000103	338533
http://snomed.info/sct#94001000000108	http://snomed.info/sct#94001000000108	338534
http://snomed.info/sct#94011000000105	http://snomed.info/sct#94011000000105	338536
http://snomed.info/sct#94041000000106	http://snomed.info/sct#94041000000106	338539
http://snomed.info/sct#94051000000109	http://snomed.info/sct#94051000000109	338540
http://snomed.info/sct#110401000000103	http://snomed.info/sct#110401000000103	338967
http://snomed.info/sct#976691000000100	http://snomed.info/sct#976691000000100	363563
http://snomed.info/sct#978011000000101	http://snomed.info/sct#978011000000101	363627
http://snomed.info/sct#978031000000109	http://snomed.info/sct#978031000000109	363629
http://snomed.info/sct#186014006	http://snomed.info/sct#186014006	121261
http://snomed.info/sct#315237009	http://snomed.info/sct#315237009	211102
http://snomed.info/sct#315283003	http://snomed.info/sct#315283003	211145
http://snomed.info/sct#88911000000101	http://snomed.info/sct#88911000000101	338280
http://snomed.info/sct#92401000000106	http://snomed.info/sct#92401000000106	338449
http://snomed.info/sct#92401000000106	http://snomed.info/sct#494161000000100	348689
http://snomed.info/sct#92561000000109	http://snomed.info/sct#92561000000109	338471
http://snomed.info/sct#494161000000100	http://snomed.info/sct#494161000000100	348689
http://snomed.info/sct#976651000000108	http://snomed.info/sct#976651000000108	363561
http://snomed.info/sct#976671000000104	http://snomed.info/sct#976671000000104	363562
http://snomed.info/sct#977371000000109	http://snomed.info/sct#977371000000109	363593
http://snomed.info/sct#977951000000104	http://snomed.info/sct#977951000000104	363624
http://snomed.info/sct#977971000000108	http://snomed.info/sct#977971000000108	363625
http://snomed.info/sct#228957004	http://snomed.info/sct#228957004	138314
http://snomed.info/sct#896810008	http://snomed.info/sct#896810008	2887833
http://snomed.info/sct#43783005	http://snomed.info/sct#43783005	36666
http://snomed.info/sct#43783005	http://snomed.info/sct#160576006	108147
http://snomed.info/sct#160576006	http://snomed.info/sct#160576006	108147
http://snomed.info/sct#160592001	http://snomed.info/sct#160592001	108162
http://snomed.info/sct#86933000	http://snomed.info/sct#86933000	72911
http://snomed.info/sct#86933000	http://snomed.info/sct#160577002	108148
http://snomed.info/sct#160577002	http://snomed.info/sct#160577002	108148
http://snomed.info/sct#219006	http://snomed.info/sct#219006	177
http://snomed.info/sct#219006	http://snomed.info/sct#28127009	23507
http://snomed.info/sct#219006	http://snomed.info/sct#43783005	36666
http://snomed.info/sct#219006	http://snomed.info/sct#86933000	72911
http://snomed.info/sct#219006	http://snomed.info/sct#228277002	137662
http://snomed.info/sct#219006	http://snomed.info/sct#228279004	137664
http://snomed.info/sct#219006	http://snomed.info/sct#160588008	108158
http://snomed.info/sct#219006	http://snomed.info/sct#160589000	108159
http://snomed.info/sct#219006	http://snomed.info/sct#160591008	108161
http://snomed.info/sct#219006	http://snomed.info/sct#228276006	137661
http://snomed.info/sct#219006	http://snomed.info/sct#228278007	137663
http://snomed.info/sct#219006	http://snomed.info/sct#228281002	137666
http://snomed.info/sct#219006	http://snomed.info/sct#447087000	279578
http://snomed.info/sct#219006	http://snomed.info/sct#10939881000119105	462392
http://snomed.info/sct#219006	http://snomed.info/sct#160576006	108147
http://snomed.info/sct#219006	http://snomed.info/sct#160577002	108148
http://snomed.info/sct#219006	http://snomed.info/sct#160575005	108146
http://snomed.info/sct#219006	http://snomed.info/sct#160578007	108149
http://snomed.info/sct#219006	http://snomed.info/sct#160590009	108160
http://snomed.info/sct#219006	http://snomed.info/sct#748381000000102	352524
http://snomed.info/sct#219006	http://snomed.info/sct#266917007	171226
http://snomed.info/sct#160589000	http://snomed.info/sct#160589000	108159
http://snomed.info/sct#160589000	http://snomed.info/sct#160590009	108160
http://snomed.info/sct#160589000	http://snomed.info/sct#748381000000102	352524
http://snomed.info/sct#160590009	http://snomed.info/sct#160590009	108160
http://snomed.info/sct#160591008	http://snomed.info/sct#160591008	108161
http://snomed.info/sct#228276006	http://snomed.info/sct#228276006	137661
http://snomed.info/sct#228276006	http://snomed.info/sct#266917007	171226
http://snomed.info/sct#228326007	http://snomed.info/sct#228326007	137709
http://snomed.info/sct#266917007	http://snomed.info/sct#266917007	171226
http://snomed.info/sct#447087000	http://snomed.info/sct#447087000	279578
http://snomed.info/sct#748381000000102	http://snomed.info/sct#748381000000102	352524
http://snomed.info/sct#777631000000108	http://snomed.info/sct#777631000000108	353589
http://snomed.info/sct#777671000000105	http://snomed.info/sct#777671000000105	353591
http://snomed.info/sct#28127009	http://snomed.info/sct#28127009	23507
http://snomed.info/sct#160575005	http://snomed.info/sct#160575005	108146
http://snomed.info/sct#228277002	http://snomed.info/sct#228277002	137662
http://snomed.info/sct#228277002	http://snomed.info/sct#160575005	108146
http://snomed.info/sct#160593006	http://snomed.info/sct#160593006	108163
http://snomed.info/sct#160578007	http://snomed.info/sct#160578007	108149
http://snomed.info/sct#228279004	http://snomed.info/sct#228279004	137664
http://snomed.info/sct#228279004	http://snomed.info/sct#160578007	108149
http://snomed.info/sct#228315001	http://snomed.info/sct#228315001	137699
http://snomed.info/sct#228315001	http://snomed.info/sct#228316000	137700
http://snomed.info/sct#228315001	http://snomed.info/sct#228317009	137701
http://snomed.info/sct#228316000	http://snomed.info/sct#228316000	137700
http://snomed.info/sct#228317009	http://snomed.info/sct#228317009	137701
http://snomed.info/sct#198421000000108	http://snomed.info/sct#198421000000108	340934
http://snomed.info/sct#198431000000105	http://snomed.info/sct#198431000000105	340935
http://snomed.info/sct#185998001	http://snomed.info/sct#185998001	121249
http://snomed.info/sct#185999009	http://snomed.info/sct#185999009	121250
http://snomed.info/sct#186000006	http://snomed.info/sct#186000006	121251
http://snomed.info/sct#186019001	http://snomed.info/sct#186019001	121263
http://snomed.info/sct#186020007	http://snomed.info/sct#186020007	121264
http://snomed.info/sct#186022004	http://snomed.info/sct#186022004	121266
http://snomed.info/sct#186023009	http://snomed.info/sct#186023009	121267
http://snomed.info/sct#275587000	http://snomed.info/sct#275587000	176200
http://snomed.info/sct#275588005	http://snomed.info/sct#275588005	176201
http://snomed.info/sct#275589002	http://snomed.info/sct#275589002	176202
http://snomed.info/sct#92451000000107	http://snomed.info/sct#92451000000107	338456
http://snomed.info/sct#92451000000107	http://snomed.info/sct#92581000000100	338473
http://snomed.info/sct#92451000000107	http://snomed.info/sct#92591000000103	338474
http://snomed.info/sct#92451000000107	http://snomed.info/sct#92601000000109	338475
http://snomed.info/sct#92451000000107	http://snomed.info/sct#92611000000106	338476
http://snomed.info/sct#92451000000107	http://snomed.info/sct#92621000000100	338477
http://snomed.info/sct#92451000000107	http://snomed.info/sct#110771000000104	338982
http://snomed.info/sct#92581000000100	http://snomed.info/sct#92581000000100	338473
http://snomed.info/sct#92591000000103	http://snomed.info/sct#92591000000103	338474
http://snomed.info/sct#92611000000106	http://snomed.info/sct#92611000000106	338476
http://snomed.info/sct#92621000000100	http://snomed.info/sct#92621000000100	338477
http://snomed.info/sct#94031000000102	http://snomed.info/sct#94031000000102	338538
http://snomed.info/sct#110771000000104	http://snomed.info/sct#110771000000104	338982
http://snomed.info/sct#976771000000108	http://snomed.info/sct#976771000000108	363568
http://snomed.info/sct#977551000000106	http://snomed.info/sct#977551000000106	363602
http://snomed.info/sct#978051000000102	http://snomed.info/sct#978051000000102	363630
http://snomed.info/sct#315635008	http://snomed.info/sct#315635008	211484
http://snomed.info/sct#413466005	http://snomed.info/sct#413466005	250541
http://snomed.info/sct#521000220104	http://snomed.info/sct#521000220104	2887599
http://snomed.info/sct#92431000000100	http://snomed.info/sct#92431000000100	338454
http://snomed.info/sct#976731000000106	http://snomed.info/sct#976731000000106	363566
http://snomed.info/sct#976741000000102	http://snomed.info/sct#976741000000102	2680088
http://snomed.info/sct#977411000000108	http://snomed.info/sct#977411000000108	363595
http://snomed.info/sct#977421000000102	http://snomed.info/sct#977421000000102	2729346
http://snomed.info/sct#98561000000106	http://snomed.info/sct#98561000000106	2804230
http://snomed.info/sct#103471000000103	http://snomed.info/sct#103471000000103	2730556
http://snomed.info/sct#896810008	http://snomed.info/sct#896810008	2887833
http://hl7.org/fhir/administrative-gender/male	http://hl7.org/fhir/administrative-gender/male	1335244
http://snomed.info/sct#2593002	http://snomed.info/sct#2593002	2145
http://snomed.info/sct#5619004	http://snomed.info/sct#5619004	4687
http://snomed.info/sct#15182000	http://snomed.info/sct#15182000	12644
http://snomed.info/sct#17122004	http://snomed.info/sct#17122004	14260
http://snomed.info/sct#21111006	http://snomed.info/sct#21111006	17593
http://snomed.info/sct#21111006	http://snomed.info/sct#205619006	127011
http://snomed.info/sct#21111006	http://snomed.info/sct#205620000	127012
http://snomed.info/sct#21634003	http://snomed.info/sct#21634003	18035
http://snomed.info/sct#31216003	http://snomed.info/sct#31216003	26116
http://snomed.info/sct#33982008	http://snomed.info/sct#33982008	28432
http://snomed.info/sct#40354009	http://snomed.info/sct#40354009	33792
http://snomed.info/sct#40700009	http://snomed.info/sct#40700009	34085
http://snomed.info/sct#40700009	http://snomed.info/sct#732246009	321660
http://snomed.info/sct#40700009	http://snomed.info/sct#720010009	310970
http://snomed.info/sct#40700009	http://snomed.info/sct#774149004	2674019
http://snomed.info/sct#40700009	http://snomed.info/sct#778011005	2579329
http://snomed.info/sct#40700009	http://snomed.info/sct#782723007	2545332
http://snomed.info/sct#40700009	http://snomed.info/sct#1332384001	3239991
http://snomed.info/sct#40700009	http://snomed.info/sct#1197591008	3056924
http://snomed.info/sct#40700009	http://snomed.info/sct#1208344000	3067694
http://snomed.info/sct#40700009	http://snomed.info/sct#1208727002	3063227
http://snomed.info/sct#40700009	http://snomed.info/sct#1220589007	3060757
http://snomed.info/sct#40700009	http://snomed.info/sct#1222672002	3051055
http://snomed.info/sct#40700009	http://snomed.info/sct#1222706005	3062995
http://snomed.info/sct#40700009	http://snomed.info/sct#1237619001	3230608
http://snomed.info/sct#40700009	http://snomed.info/sct#1237623009	3246822
http://snomed.info/sct#40700009	http://snomed.info/sct#1269224009	3243085
http://snomed.info/sct#40700009	http://snomed.info/sct#1269233006	3214895
http://snomed.info/sct#40700009	http://snomed.info/sct#1300131002	3238567
http://snomed.info/sct#40700009	http://snomed.info/sct#1300192007	3222702
http://snomed.info/sct#40700009	http://snomed.info/sct#1351838008	3362774
http://snomed.info/sct#40700009	http://snomed.info/sct#1363573005	3366232
http://snomed.info/sct#51500006	http://snomed.info/sct#51500006	43199
http://snomed.info/sct#51500006	http://snomed.info/sct#205623003	127013
http://snomed.info/sct#51500006	http://snomed.info/sct#205624009	127014
http://snomed.info/sct#56604005	http://snomed.info/sct#56604005	47505
http://snomed.info/sct#59252009	http://snomed.info/sct#59252009	49689
http://snomed.info/sct#59252009	http://snomed.info/sct#1295485009	3209744
http://snomed.info/sct#59252009	http://snomed.info/sct#1295488006	3211352
http://snomed.info/sct#61152003	http://snomed.info/sct#61152003	51280
http://snomed.info/sct#65327002	http://snomed.info/sct#65327002	54769
http://snomed.info/sct#66758006	http://snomed.info/sct#66758006	55974
http://snomed.info/sct#68618008	http://snomed.info/sct#68618008	57541
http://snomed.info/sct#70173007	http://snomed.info/sct#70173007	58817
http://snomed.info/sct#76880004	http://snomed.info/sct#76880004	64448
http://snomed.info/sct#76880004	http://snomed.info/sct#1162462009	3056694
http://snomed.info/sct#77287004	http://snomed.info/sct#77287004	64796
http://snomed.info/sct#86765009	http://snomed.info/sct#86765009	72771
http://snomed.info/sct#86765009	http://snomed.info/sct#770754006	2831008
http://snomed.info/sct#86765009	http://snomed.info/sct#782755007	2655447
http://snomed.info/sct#89392001	http://snomed.info/sct#89392001	74966
http://snomed.info/sct#109478007	http://snomed.info/sct#109478007	86792
http://snomed.info/sct#110359009	http://snomed.info/sct#110359009	87600
http://snomed.info/sct#110359009	http://snomed.info/sct#31216003	26116
http://snomed.info/sct#110359009	http://snomed.info/sct#40700009	34085
http://snomed.info/sct#110359009	http://snomed.info/sct#61152003	51280
http://snomed.info/sct#110359009	http://snomed.info/sct#77287004	64796
http://snomed.info/sct#110359009	http://snomed.info/sct#86765009	72771
http://snomed.info/sct#110359009	http://snomed.info/sct#432091002	267772
http://snomed.info/sct#110359009	http://snomed.info/sct#717157006	308717
http://snomed.info/sct#110359009	http://snomed.info/sct#719599008	310622
http://snomed.info/sct#110359009	http://snomed.info/sct#723332005	313768
http://snomed.info/sct#110359009	http://snomed.info/sct#763626009	327615
http://snomed.info/sct#110359009	http://snomed.info/sct#1089701000000105	373542
http://snomed.info/sct#110359009	http://snomed.info/sct#1089711000000107	373543
http://snomed.info/sct#110359009	http://snomed.info/sct#1089721000000101	373544
http://snomed.info/sct#110359009	http://snomed.info/sct#1089731000000104	373545
http://snomed.info/sct#110359009	http://snomed.info/sct#1089741000000108	373546
http://snomed.info/sct#110359009	http://snomed.info/sct#1089751000000106	373547
http://snomed.info/sct#110359009	http://snomed.info/sct#1089761000000109	373548
http://snomed.info/sct#110359009	http://snomed.info/sct#1089771000000102	373549
http://snomed.info/sct#110359009	http://snomed.info/sct#1089781000000100	373550
http://snomed.info/sct#110359009	http://snomed.info/sct#1089791000000103	373552
http://snomed.info/sct#110359009	http://snomed.info/sct#1089811000000102	373555
http://snomed.info/sct#110359009	http://snomed.info/sct#1089821000000108	373558
http://snomed.info/sct#110359009	http://snomed.info/sct#1089831000000105	373560
http://snomed.info/sct#110359009	http://snomed.info/sct#1089841000000101	373561
http://snomed.info/sct#110359009	http://snomed.info/sct#1089851000000103	373562
http://snomed.info/sct#110359009	http://snomed.info/sct#1093991000000101	374030
http://snomed.info/sct#110359009	http://snomed.info/sct#1094001000000106	374031
http://snomed.info/sct#110359009	http://snomed.info/sct#1094011000000108	374032
http://snomed.info/sct#110359009	http://snomed.info/sct#1094021000000102	374033
http://snomed.info/sct#110359009	http://snomed.info/sct#1094031000000100	374034
http://snomed.info/sct#110359009	http://snomed.info/sct#1362108000	3347419
http://snomed.info/sct#110359009	http://snomed.info/sct#9527009	7961
http://snomed.info/sct#110359009	http://snomed.info/sct#719046005	310153
http://snomed.info/sct#110359009	http://snomed.info/sct#719600006	310623
http://snomed.info/sct#110359009	http://snomed.info/sct#771477003	2566462
http://snomed.info/sct#110359009	http://snomed.info/sct#773547003	2797440
http://snomed.info/sct#110359009	http://snomed.info/sct#1229882003	3053487
http://snomed.info/sct#110359009	http://snomed.info/sct#1363286000	3355681
http://snomed.info/sct#110359009	http://snomed.info/sct#1239331000000100	2856229
http://snomed.info/sct#110359009	http://snomed.info/sct#732246009	321660
http://snomed.info/sct#110359009	http://snomed.info/sct#720010009	310970
http://snomed.info/sct#110359009	http://snomed.info/sct#774149004	2674019
http://snomed.info/sct#110359009	http://snomed.info/sct#778011005	2579329
http://snomed.info/sct#110359009	http://snomed.info/sct#782723007	2545332
http://snomed.info/sct#110359009	http://snomed.info/sct#1332384001	3239991
http://snomed.info/sct#110359009	http://snomed.info/sct#1197591008	3056924
http://snomed.info/sct#110359009	http://snomed.info/sct#1208344000	3067694
http://snomed.info/sct#110359009	http://snomed.info/sct#1208727002	3063227
http://snomed.info/sct#110359009	http://snomed.info/sct#1220589007	3060757
http://snomed.info/sct#110359009	http://snomed.info/sct#1222672002	3051055
http://snomed.info/sct#110359009	http://snomed.info/sct#1222706005	3062995
http://snomed.info/sct#110359009	http://snomed.info/sct#1237619001	3230608
http://snomed.info/sct#110359009	http://snomed.info/sct#1237623009	3246822
http://snomed.info/sct#110359009	http://snomed.info/sct#1269224009	3243085
http://snomed.info/sct#110359009	http://snomed.info/sct#1269233006	3214895
http://snomed.info/sct#110359009	http://snomed.info/sct#1300131002	3238567
http://snomed.info/sct#110359009	http://snomed.info/sct#1300192007	3222702
http://snomed.info/sct#110359009	http://snomed.info/sct#1351838008	3362774
http://snomed.info/sct#110359009	http://snomed.info/sct#1363573005	3366232
http://snomed.info/sct#110359009	http://snomed.info/sct#770754006	2831008
http://snomed.info/sct#110359009	http://snomed.info/sct#782755007	2655447
http://snomed.info/sct#110359009	http://snomed.info/sct#5619004	4687
http://snomed.info/sct#110359009	http://snomed.info/sct#15182000	12644
http://snomed.info/sct#110359009	http://snomed.info/sct#21634003	18035
http://snomed.info/sct#110359009	http://snomed.info/sct#33982008	28432
http://snomed.info/sct#110359009	http://snomed.info/sct#59252009	49689
http://snomed.info/sct#110359009	http://snomed.info/sct#68618008	57541
http://snomed.info/sct#110359009	http://snomed.info/sct#76880004	64448
http://snomed.info/sct#110359009	http://snomed.info/sct#109478007	86792
http://snomed.info/sct#110359009	http://snomed.info/sct#232059000	141151
http://snomed.info/sct#110359009	http://snomed.info/sct#422437002	258500
http://snomed.info/sct#110359009	http://snomed.info/sct#699669001	293967
http://snomed.info/sct#110359009	http://snomed.info/sct#702344008	296462
http://snomed.info/sct#110359009	http://snomed.info/sct#702412005	296528
http://snomed.info/sct#110359009	http://snomed.info/sct#702416008	296532
http://snomed.info/sct#110359009	http://snomed.info/sct#703526007	297602
http://snomed.info/sct#110359009	http://snomed.info/sct#703535000	297611
http://snomed.info/sct#110359009	http://snomed.info/sct#715409005	307197
http://snomed.info/sct#110359009	http://snomed.info/sct#715428003	307216
http://snomed.info/sct#110359009	http://snomed.info/sct#715628009	307372
http://snomed.info/sct#110359009	http://snomed.info/sct#715989002	307688
http://snomed.info/sct#110359009	http://snomed.info/sct#716024001	307714
http://snomed.info/sct#110359009	http://snomed.info/sct#716089008	307767
http://snomed.info/sct#110359009	http://snomed.info/sct#716096005	307774
http://snomed.info/sct#110359009	http://snomed.info/sct#716112005	307789
http://snomed.info/sct#110359009	http://snomed.info/sct#716191002	307846
http://snomed.info/sct#110359009	http://snomed.info/sct#716334004	307975
http://snomed.info/sct#110359009	http://snomed.info/sct#716709002	308316
http://snomed.info/sct#110359009	http://snomed.info/sct#716996008	308568
http://snomed.info/sct#110359009	http://snomed.info/sct#717822006	309084
http://snomed.info/sct#110359009	http://snomed.info/sct#717887003	309142
http://snomed.info/sct#110359009	http://snomed.info/sct#717945001	309200
http://snomed.info/sct#110359009	http://snomed.info/sct#718226002	309459
http://snomed.info/sct#110359009	http://snomed.info/sct#718573009	309757
http://snomed.info/sct#110359009	http://snomed.info/sct#718577005	309761
http://snomed.info/sct#110359009	http://snomed.info/sct#718680001	309854
http://snomed.info/sct#110359009	http://snomed.info/sct#718681002	309855
http://snomed.info/sct#110359009	http://snomed.info/sct#718766002	309933
http://snomed.info/sct#110359009	http://snomed.info/sct#718848000	309997
http://snomed.info/sct#110359009	http://snomed.info/sct#718897009	310042
http://snomed.info/sct#110359009	http://snomed.info/sct#718900002	310045
http://snomed.info/sct#110359009	http://snomed.info/sct#718905007	310049
http://snomed.info/sct#110359009	http://snomed.info/sct#718908009	310052
http://snomed.info/sct#110359009	http://snomed.info/sct#718909001	310053
http://snomed.info/sct#110359009	http://snomed.info/sct#718910006	310054
http://snomed.info/sct#110359009	http://snomed.info/sct#718911005	310055
http://snomed.info/sct#110359009	http://snomed.info/sct#718912003	310056
http://snomed.info/sct#110359009	http://snomed.info/sct#718914002	310058
http://snomed.info/sct#110359009	http://snomed.info/sct#719009006	310119
http://snomed.info/sct#110359009	http://snomed.info/sct#719010001	310120
http://snomed.info/sct#110359009	http://snomed.info/sct#719011002	310121
http://snomed.info/sct#110359009	http://snomed.info/sct#719012009	310122
http://snomed.info/sct#110359009	http://snomed.info/sct#719013004	310123
http://snomed.info/sct#110359009	http://snomed.info/sct#719016007	310124
http://snomed.info/sct#110359009	http://snomed.info/sct#719017003	310125
http://snomed.info/sct#110359009	http://snomed.info/sct#719018008	310126
http://snomed.info/sct#110359009	http://snomed.info/sct#719020006	310128
http://snomed.info/sct#110359009	http://snomed.info/sct#719069008	310166
http://snomed.info/sct#110359009	http://snomed.info/sct#719097002	310190
http://snomed.info/sct#110359009	http://snomed.info/sct#719136005	310225
http://snomed.info/sct#110359009	http://snomed.info/sct#719139003	310228
http://snomed.info/sct#110359009	http://snomed.info/sct#719140001	310229
http://snomed.info/sct#110359009	http://snomed.info/sct#719155005	310243
http://snomed.info/sct#110359009	http://snomed.info/sct#719157002	310245
http://snomed.info/sct#110359009	http://snomed.info/sct#719160009	310248
http://snomed.info/sct#110359009	http://snomed.info/sct#719162001	310250
http://snomed.info/sct#110359009	http://snomed.info/sct#719202006	310287
http://snomed.info/sct#110359009	http://snomed.info/sct#719378009	310440
http://snomed.info/sct#110359009	http://snomed.info/sct#719380003	310442
http://snomed.info/sct#110359009	http://snomed.info/sct#719450007	310495
http://snomed.info/sct#110359009	http://snomed.info/sct#719808002	310789
http://snomed.info/sct#110359009	http://snomed.info/sct#719810000	310791
http://snomed.info/sct#110359009	http://snomed.info/sct#719811001	310792
http://snomed.info/sct#110359009	http://snomed.info/sct#719812008	310793
http://snomed.info/sct#110359009	http://snomed.info/sct#719834005	310814
http://snomed.info/sct#110359009	http://snomed.info/sct#719842006	310821
http://snomed.info/sct#110359009	http://snomed.info/sct#719947004	310916
http://snomed.info/sct#110359009	http://snomed.info/sct#720468000	311348
http://snomed.info/sct#110359009	http://snomed.info/sct#720501007	311381
http://snomed.info/sct#110359009	http://snomed.info/sct#720517001	311396
http://snomed.info/sct#110359009	http://snomed.info/sct#720635002	311499
http://snomed.info/sct#110359009	http://snomed.info/sct#720748007	311587
http://snomed.info/sct#110359009	http://snomed.info/sct#720954000	311719
http://snomed.info/sct#110359009	http://snomed.info/sct#720957007	311722
http://snomed.info/sct#110359009	http://snomed.info/sct#720979002	311737
http://snomed.info/sct#110359009	http://snomed.info/sct#720982007	311740
http://snomed.info/sct#110359009	http://snomed.info/sct#721007005	311763
http://snomed.info/sct#110359009	http://snomed.info/sct#721008000	311764
http://snomed.info/sct#110359009	http://snomed.info/sct#721017000	311770
http://snomed.info/sct#110359009	http://snomed.info/sct#721073008	311807
http://snomed.info/sct#110359009	http://snomed.info/sct#721087008	311821
http://snomed.info/sct#110359009	http://snomed.info/sct#721146009	311873
http://snomed.info/sct#110359009	http://snomed.info/sct#721207002	311930
http://snomed.info/sct#110359009	http://snomed.info/sct#721208007	311931
http://snomed.info/sct#110359009	http://snomed.info/sct#721973006	312649
http://snomed.info/sct#110359009	http://snomed.info/sct#722002002	312666
http://snomed.info/sct#110359009	http://snomed.info/sct#722031003	312684
http://snomed.info/sct#110359009	http://snomed.info/sct#722033000	312686
http://snomed.info/sct#110359009	http://snomed.info/sct#722035007	312688
http://snomed.info/sct#110359009	http://snomed.info/sct#722037004	312690
http://snomed.info/sct#110359009	http://snomed.info/sct#722110003	312747
http://snomed.info/sct#110359009	http://snomed.info/sct#722209002	312830
http://snomed.info/sct#110359009	http://snomed.info/sct#722213009	312834
http://snomed.info/sct#110359009	http://snomed.info/sct#722281001	312892
http://snomed.info/sct#110359009	http://snomed.info/sct#722282008	312893
http://snomed.info/sct#110359009	http://snomed.info/sct#722379001	312975
http://snomed.info/sct#110359009	http://snomed.info/sct#722454003	313043
http://snomed.info/sct#110359009	http://snomed.info/sct#722455002	313044
http://snomed.info/sct#110359009	http://snomed.info/sct#722456001	313045
http://snomed.info/sct#110359009	http://snomed.info/sct#722459008	313048
http://snomed.info/sct#110359009	http://snomed.info/sct#722478008	313063
http://snomed.info/sct#110359009	http://snomed.info/sct#723304001	313748
http://snomed.info/sct#110359009	http://snomed.info/sct#723333000	313769
http://snomed.info/sct#110359009	http://snomed.info/sct#723336008	313771
http://snomed.info/sct#110359009	http://snomed.info/sct#723365002	313796
http://snomed.info/sct#110359009	http://snomed.info/sct#723403008	313823
http://snomed.info/sct#110359009	http://snomed.info/sct#723441001	313854
http://snomed.info/sct#110359009	http://snomed.info/sct#723504000	313895
http://snomed.info/sct#110359009	http://snomed.info/sct#723621000	313988
http://snomed.info/sct#110359009	http://snomed.info/sct#723676007	314030
http://snomed.info/sct#110359009	http://snomed.info/sct#723994004	314237
http://snomed.info/sct#110359009	http://snomed.info/sct#724001005	314244
http://snomed.info/sct#110359009	http://snomed.info/sct#724137002	314327
http://snomed.info/sct#110359009	http://snomed.info/sct#724207001	314386
http://snomed.info/sct#110359009	http://snomed.info/sct#724228005	314404
http://snomed.info/sct#110359009	http://snomed.info/sct#725140007	315164
http://snomed.info/sct#110359009	http://snomed.info/sct#725163002	315179
http://snomed.info/sct#110359009	http://snomed.info/sct#725589005	315461
http://snomed.info/sct#110359009	http://snomed.info/sct#725906006	315722
http://snomed.info/sct#110359009	http://snomed.info/sct#725908007	315724
http://snomed.info/sct#110359009	http://snomed.info/sct#726031001	315825
http://snomed.info/sct#110359009	http://snomed.info/sct#726670008	316207
http://snomed.info/sct#110359009	http://snomed.info/sct#726672000	316209
http://snomed.info/sct#110359009	http://snomed.info/sct#726709001	316238
http://snomed.info/sct#110359009	http://snomed.info/sct#726727003	316248
http://snomed.info/sct#110359009	http://snomed.info/sct#726732002	316252
http://snomed.info/sct#110359009	http://snomed.info/sct#732251003	321665
http://snomed.info/sct#110359009	http://snomed.info/sct#732954002	322354
http://snomed.info/sct#110359009	http://snomed.info/sct#732961003	322361
http://snomed.info/sct#110359009	http://snomed.info/sct#733031004	322427
http://snomed.info/sct#110359009	http://snomed.info/sct#733032006	322428
http://snomed.info/sct#110359009	http://snomed.info/sct#733049004	322439
http://snomed.info/sct#110359009	http://snomed.info/sct#733072002	322456
http://snomed.info/sct#110359009	http://snomed.info/sct#733086003	322468
http://snomed.info/sct#110359009	http://snomed.info/sct#733088002	322470
http://snomed.info/sct#110359009	http://snomed.info/sct#733097003	322479
http://snomed.info/sct#110359009	http://snomed.info/sct#733110004	322488
http://snomed.info/sct#110359009	http://snomed.info/sct#733117001	322495
http://snomed.info/sct#110359009	http://snomed.info/sct#733417008	322772
http://snomed.info/sct#110359009	http://snomed.info/sct#733455003	322796
http://snomed.info/sct#110359009	http://snomed.info/sct#733472005	322812
http://snomed.info/sct#110359009	http://snomed.info/sct#733522005	322853
http://snomed.info/sct#110359009	http://snomed.info/sct#734017008	323156
http://snomed.info/sct#110359009	http://snomed.info/sct#734349003	323389
http://snomed.info/sct#110359009	http://snomed.info/sct#763186006	327240
http://snomed.info/sct#110359009	http://snomed.info/sct#763320005	327348
http://snomed.info/sct#110359009	http://snomed.info/sct#763350002	327375
http://snomed.info/sct#110359009	http://snomed.info/sct#763404001	327424
http://snomed.info/sct#110359009	http://snomed.info/sct#763615003	327604
http://snomed.info/sct#110359009	http://snomed.info/sct#763618001	327607
http://snomed.info/sct#110359009	http://snomed.info/sct#763665007	327641
http://snomed.info/sct#110359009	http://snomed.info/sct#763722004	327680
http://snomed.info/sct#110359009	http://snomed.info/sct#763741001	327691
http://snomed.info/sct#110359009	http://snomed.info/sct#763742008	327692
http://snomed.info/sct#110359009	http://snomed.info/sct#763743003	327693
http://snomed.info/sct#110359009	http://snomed.info/sct#763744009	327694
http://snomed.info/sct#110359009	http://snomed.info/sct#763745005	327695
http://snomed.info/sct#110359009	http://snomed.info/sct#763773007	327709
http://snomed.info/sct#110359009	http://snomed.info/sct#763795006	327725
http://snomed.info/sct#110359009	http://snomed.info/sct#763797003	327727
http://snomed.info/sct#110359009	http://snomed.info/sct#763837007	327758
http://snomed.info/sct#110359009	http://snomed.info/sct#763861000	327778
http://snomed.info/sct#110359009	http://snomed.info/sct#764861005	328446
http://snomed.info/sct#110359009	http://snomed.info/sct#764950001	328522
http://snomed.info/sct#110359009	http://snomed.info/sct#764959000	328530
http://snomed.info/sct#110359009	http://snomed.info/sct#765089003	328637
http://snomed.info/sct#110359009	http://snomed.info/sct#765471005	328926
http://snomed.info/sct#110359009	http://snomed.info/sct#766753005	329940
http://snomed.info/sct#110359009	http://snomed.info/sct#766870005	330010
http://snomed.info/sct#110359009	http://snomed.info/sct#766871009	330011
http://snomed.info/sct#110359009	http://snomed.info/sct#613003	513
http://snomed.info/sct#110359009	http://snomed.info/sct#10007009	8352
http://snomed.info/sct#110359009	http://snomed.info/sct#17827007	14856
http://snomed.info/sct#110359009	http://snomed.info/sct#57917004	48576
http://snomed.info/sct#110359009	http://snomed.info/sct#1230273004	3052059
http://snomed.info/sct#110359009	http://snomed.info/sct#79385002	66566
http://snomed.info/sct#110359009	http://snomed.info/sct#230782004	139971
http://snomed.info/sct#110359009	http://snomed.info/sct#234146006	143054
http://snomed.info/sct#110359009	http://snomed.info/sct#236529001	145193
http://snomed.info/sct#110359009	http://snomed.info/sct#816067005	2833323
http://snomed.info/sct#110359009	http://snomed.info/sct#773735007	2743932
http://snomed.info/sct#110359009	http://snomed.info/sct#253176002	160050
http://snomed.info/sct#110359009	http://snomed.info/sct#788584007	2706635
http://snomed.info/sct#110359009	http://snomed.info/sct#699316006	293624
http://snomed.info/sct#110359009	http://snomed.info/sct#702327009	296447
http://snomed.info/sct#110359009	http://snomed.info/sct#702346005	296464
http://snomed.info/sct#110359009	http://snomed.info/sct#702354007	296472
http://snomed.info/sct#110359009	http://snomed.info/sct#702356009	296474
http://snomed.info/sct#110359009	http://snomed.info/sct#1258972007	3219806
http://snomed.info/sct#110359009	http://snomed.info/sct#702423009	296538
http://snomed.info/sct#110359009	http://snomed.info/sct#702441001	296555
http://snomed.info/sct#110359009	http://snomed.info/sct#703389002	297468
http://snomed.info/sct#110359009	http://snomed.info/sct#715441004	307227
http://snomed.info/sct#110359009	http://snomed.info/sct#716107009	307785
http://snomed.info/sct#110359009	http://snomed.info/sct#716706009	308314
http://snomed.info/sct#110359009	http://snomed.info/sct#717222003	308777
http://snomed.info/sct#110359009	http://snomed.info/sct#717913006	309168
http://snomed.info/sct#110359009	http://snomed.info/sct#718845002	309994
http://snomed.info/sct#110359009	http://snomed.info/sct#718847005	309996
http://snomed.info/sct#110359009	http://snomed.info/sct#718896000	310041
http://snomed.info/sct#110359009	http://snomed.info/sct#719042007	310149
http://snomed.info/sct#110359009	http://snomed.info/sct#1156584007	3062259
http://snomed.info/sct#110359009	http://snomed.info/sct#719102004	310195
http://snomed.info/sct#110359009	http://snomed.info/sct#719138006	310227
http://snomed.info/sct#110359009	http://snomed.info/sct#719156006	310244
http://snomed.info/sct#110359009	http://snomed.info/sct#719161008	310249
http://snomed.info/sct#110359009	http://snomed.info/sct#719466009	310511
http://snomed.info/sct#110359009	http://snomed.info/sct#719583002	310608
http://snomed.info/sct#110359009	http://snomed.info/sct#719825000	310806
http://snomed.info/sct#110359009	http://snomed.info/sct#719826004	310807
http://snomed.info/sct#110359009	http://snomed.info/sct#720401009	311291
http://snomed.info/sct#110359009	http://snomed.info/sct#720502000	311382
http://snomed.info/sct#110359009	http://snomed.info/sct#720573009	311443
http://snomed.info/sct#110359009	http://snomed.info/sct#720639008	311503
http://snomed.info/sct#110359009	http://snomed.info/sct#720746006	311585
http://snomed.info/sct#110359009	http://snomed.info/sct#720825005	311660
http://snomed.info/sct#110359009	http://snomed.info/sct#720855003	311690
http://snomed.info/sct#110359009	http://snomed.info/sct#720955004	311720
http://snomed.info/sct#110359009	http://snomed.info/sct#720981000	311739
http://snomed.info/sct#110359009	http://snomed.info/sct#721086004	311820
http://snomed.info/sct#110359009	http://snomed.info/sct#721089006	311823
http://snomed.info/sct#110359009	http://snomed.info/sct#721841001	312549
http://snomed.info/sct#110359009	http://snomed.info/sct#721843003	312551
http://snomed.info/sct#110359009	http://snomed.info/sct#1187038009	3060028
http://snomed.info/sct#110359009	http://snomed.info/sct#721883006	312571
http://snomed.info/sct#110359009	http://snomed.info/sct#721974000	312650
http://snomed.info/sct#110359009	http://snomed.info/sct#722055008	312701
http://snomed.info/sct#110359009	http://snomed.info/sct#722056009	312702
http://snomed.info/sct#110359009	http://snomed.info/sct#1222710008	3051392
http://snomed.info/sct#110359009	http://snomed.info/sct#722075004	312719
http://snomed.info/sct#110359009	http://snomed.info/sct#722105002	312742
http://snomed.info/sct#110359009	http://snomed.info/sct#722106001	312743
http://snomed.info/sct#110359009	http://snomed.info/sct#722107005	312744
http://snomed.info/sct#110359009	http://snomed.info/sct#722378009	312974
http://snomed.info/sct#110359009	http://snomed.info/sct#772225005	2771889
http://snomed.info/sct#110359009	http://snomed.info/sct#722477003	313062
http://snomed.info/sct#110359009	http://snomed.info/sct#723410002	313830
http://snomed.info/sct#110359009	http://snomed.info/sct#723454008	313865
http://snomed.info/sct#110359009	http://snomed.info/sct#724039002	314273
http://snomed.info/sct#110359009	http://snomed.info/sct#724178000	314365
http://snomed.info/sct#110359009	http://snomed.info/sct#725289009	315240
http://snomed.info/sct#110359009	http://snomed.info/sct#726621009	316164
http://snomed.info/sct#110359009	http://snomed.info/sct#726669007	316206
http://snomed.info/sct#110359009	http://snomed.info/sct#732957009	322357
http://snomed.info/sct#110359009	http://snomed.info/sct#732958004	322358
http://snomed.info/sct#110359009	http://snomed.info/sct#733050004	322440
http://snomed.info/sct#110359009	http://snomed.info/sct#733062000	322447
http://snomed.info/sct#110359009	http://snomed.info/sct#771470001	2856848
http://snomed.info/sct#110359009	http://snomed.info/sct#733116005	322494
http://snomed.info/sct#110359009	http://snomed.info/sct#733419006	322774
http://snomed.info/sct#110359009	http://snomed.info/sct#734173003	323268
http://snomed.info/sct#110359009	http://snomed.info/sct#1208488006	3057403
http://snomed.info/sct#110359009	http://snomed.info/sct#763136000	327207
http://snomed.info/sct#110359009	http://snomed.info/sct#763278004	327312
http://snomed.info/sct#110359009	http://snomed.info/sct#763344007	327369
http://snomed.info/sct#110359009	http://snomed.info/sct#763353000	327378
http://snomed.info/sct#110359009	http://snomed.info/sct#764455002	328081
http://snomed.info/sct#110359009	http://snomed.info/sct#764732004	328332
http://snomed.info/sct#110359009	http://snomed.info/sct#765170001	328707
http://snomed.info/sct#110359009	http://snomed.info/sct#765325002	328829
http://snomed.info/sct#110359009	http://snomed.info/sct#765434008	328915
http://snomed.info/sct#110359009	http://snomed.info/sct#765758008	329201
http://snomed.info/sct#110359009	http://snomed.info/sct#765761009	329204
http://snomed.info/sct#110359009	http://snomed.info/sct#766824003	329999
http://snomed.info/sct#110359009	http://snomed.info/sct#1254652005	3237969
http://snomed.info/sct#110359009	http://snomed.info/sct#768843007	331674
http://snomed.info/sct#110359009	http://snomed.info/sct#770404004	2782266
http://snomed.info/sct#110359009	http://snomed.info/sct#770431001	2556967
http://snomed.info/sct#110359009	http://snomed.info/sct#770564004	2561405
http://snomed.info/sct#110359009	http://snomed.info/sct#770565003	2567390
http://snomed.info/sct#110359009	http://snomed.info/sct#770604006	2568389
http://snomed.info/sct#110359009	http://snomed.info/sct#770679002	2609452
http://snomed.info/sct#110359009	http://snomed.info/sct#770721009	2719823
http://snomed.info/sct#110359009	http://snomed.info/sct#770723007	2729820
http://snomed.info/sct#110359009	http://snomed.info/sct#770725000	2741166
http://snomed.info/sct#110359009	http://snomed.info/sct#770750002	2819263
http://snomed.info/sct#110359009	http://snomed.info/sct#770751003	2824333
http://snomed.info/sct#110359009	http://snomed.info/sct#770755007	2836047
http://snomed.info/sct#110359009	http://snomed.info/sct#770756008	2841735
http://snomed.info/sct#110359009	http://snomed.info/sct#770790004	2737149
http://snomed.info/sct#110359009	http://snomed.info/sct#770793002	2752890
http://snomed.info/sct#110359009	http://snomed.info/sct#770794008	2758560
http://snomed.info/sct#110359009	http://snomed.info/sct#770898002	2663907
http://snomed.info/sct#110359009	http://snomed.info/sct#770901001	2851775
http://snomed.info/sct#110359009	http://snomed.info/sct#770907002	2560067
http://snomed.info/sct#110359009	http://snomed.info/sct#770941005	2779368
http://snomed.info/sct#110359009	http://snomed.info/sct#771074000	2677291
http://snomed.info/sct#110359009	http://snomed.info/sct#771077007	2698061
http://snomed.info/sct#110359009	http://snomed.info/sct#1230376005	3065496
http://snomed.info/sct#110359009	http://snomed.info/sct#771148008	2808690
http://snomed.info/sct#110359009	http://snomed.info/sct#771149000	2800970
http://snomed.info/sct#110359009	http://snomed.info/sct#771179007	2587730
http://snomed.info/sct#110359009	http://snomed.info/sct#771262009	2625258
http://snomed.info/sct#110359009	http://snomed.info/sct#771336003	2744744
http://snomed.info/sct#110359009	http://snomed.info/sct#771448004	2784756
http://snomed.info/sct#110359009	http://snomed.info/sct#1251453008	3242415
http://snomed.info/sct#110359009	http://snomed.info/sct#771476007	2570020
http://snomed.info/sct#110359009	http://snomed.info/sct#771512003	2545100
http://snomed.info/sct#110359009	http://snomed.info/sct#772127009	2574958
http://snomed.info/sct#110359009	http://snomed.info/sct#773230003	2641886
http://snomed.info/sct#110359009	http://snomed.info/sct#773274001	2584652
http://snomed.info/sct#110359009	http://snomed.info/sct#773303005	2758854
http://snomed.info/sct#110359009	http://snomed.info/sct#773307006	2776614
http://snomed.info/sct#110359009	http://snomed.info/sct#773329005	2747578
http://snomed.info/sct#110359009	http://snomed.info/sct#773400009	2635286
http://snomed.info/sct#110359009	http://snomed.info/sct#773404000	2653078
http://snomed.info/sct#110359009	http://snomed.info/sct#773405004	2658679
http://snomed.info/sct#110359009	http://snomed.info/sct#773416006	2800154
http://snomed.info/sct#110359009	http://snomed.info/sct#773418007	2809045
http://snomed.info/sct#110359009	http://snomed.info/sct#773419004	2814750
http://snomed.info/sct#110359009	http://snomed.info/sct#773493002	2637233
http://snomed.info/sct#110359009	http://snomed.info/sct#773494008	2642889
http://snomed.info/sct#110359009	http://snomed.info/sct#773498006	2659450
http://snomed.info/sct#110359009	http://snomed.info/sct#773548008	2800533
http://snomed.info/sct#110359009	http://snomed.info/sct#773551001	2594817
http://snomed.info/sct#110359009	http://snomed.info/sct#773552008	2598003
http://snomed.info/sct#110359009	http://snomed.info/sct#773553003	2603787
http://snomed.info/sct#110359009	http://snomed.info/sct#773554009	2607050
http://snomed.info/sct#110359009	http://snomed.info/sct#773556006	2617161
http://snomed.info/sct#110359009	http://snomed.info/sct#773581009	2695657
http://snomed.info/sct#110359009	http://snomed.info/sct#773583007	2703299
http://snomed.info/sct#110359009	http://snomed.info/sct#773587008	2722396
http://snomed.info/sct#110359009	http://snomed.info/sct#773621003	2697153
http://snomed.info/sct#110359009	http://snomed.info/sct#773692000	2728750
http://snomed.info/sct#110359009	http://snomed.info/sct#773769008	2549579
http://snomed.info/sct#110359009	http://snomed.info/sct#773772001	2655468
http://snomed.info/sct#110359009	http://snomed.info/sct#773984007	2584973
http://snomed.info/sct#110359009	http://snomed.info/sct#774068004	2745955
http://snomed.info/sct#110359009	http://snomed.info/sct#774070008	2844357
http://snomed.info/sct#110359009	http://snomed.info/sct#774102003	2717819
http://snomed.info/sct#110359009	http://snomed.info/sct#774203000	2617739
http://snomed.info/sct#110359009	http://snomed.info/sct#776204008	2748575
http://snomed.info/sct#110359009	http://snomed.info/sct#777998000	2664629
http://snomed.info/sct#110359009	http://snomed.info/sct#778025006	2735542
http://snomed.info/sct#110359009	http://snomed.info/sct#1222656005	3054543
http://snomed.info/sct#110359009	http://snomed.info/sct#782736007	2701428
http://snomed.info/sct#110359009	http://snomed.info/sct#782753000	2650855
http://snomed.info/sct#110359009	http://snomed.info/sct#782757004	2663677
http://snomed.info/sct#110359009	http://snomed.info/sct#782772000	2604106
http://snomed.info/sct#110359009	http://snomed.info/sct#782886007	2655548
http://snomed.info/sct#110359009	http://snomed.info/sct#782911008	2807027
http://snomed.info/sct#110359009	http://snomed.info/sct#782941005	2598591
http://snomed.info/sct#110359009	http://snomed.info/sct#782945001	2617472
http://snomed.info/sct#110359009	http://snomed.info/sct#783005002	2792737
http://snomed.info/sct#110359009	http://snomed.info/sct#1187247007	3055483
http://snomed.info/sct#110359009	http://snomed.info/sct#783089006	2659733
http://snomed.info/sct#110359009	http://snomed.info/sct#783174004	2703660
http://snomed.info/sct#110359009	http://snomed.info/sct#1179301003	3058505
http://snomed.info/sct#110359009	http://snomed.info/sct#783702009	2639694
http://snomed.info/sct#110359009	http://snomed.info/sct#783703004	2645051
http://snomed.info/sct#110359009	http://snomed.info/sct#785298001	2694948
http://snomed.info/sct#110359009	http://snomed.info/sct#785726009	2748618
http://snomed.info/sct#110359009	http://snomed.info/sct#787093004	2705747
http://snomed.info/sct#110359009	http://snomed.info/sct#787171006	2620031
http://snomed.info/sct#110359009	http://snomed.info/sct#787174003	2634022
http://snomed.info/sct#110359009	http://snomed.info/sct#787175002	2642733
http://snomed.info/sct#110359009	http://snomed.info/sct#788417006	2803647
http://snomed.info/sct#110359009	http://snomed.info/sct#1167371007	3051746
http://snomed.info/sct#110359009	http://snomed.info/sct#1167375003	3053134
http://snomed.info/sct#110359009	http://snomed.info/sct#1169355000	3062339
http://snomed.info/sct#110359009	http://snomed.info/sct#1169359006	3063480
http://snomed.info/sct#110359009	http://snomed.info/sct#1172594000	3057137
http://snomed.info/sct#110359009	http://snomed.info/sct#1172624000	3068164
http://snomed.info/sct#110359009	http://snomed.info/sct#1172626003	3068524
http://snomed.info/sct#110359009	http://snomed.info/sct#1172627007	3049561
http://snomed.info/sct#110359009	http://snomed.info/sct#1172629005	3050234
http://snomed.info/sct#110359009	http://snomed.info/sct#1172630000	3056233
http://snomed.info/sct#110359009	http://snomed.info/sct#1172685001	3061538
http://snomed.info/sct#110359009	http://snomed.info/sct#1172691004	3049620
http://snomed.info/sct#110359009	http://snomed.info/sct#1172697000	3051365
http://snomed.info/sct#110359009	http://snomed.info/sct#1172698005	3051452
http://snomed.info/sct#110359009	http://snomed.info/sct#1172889005	3068461
http://snomed.info/sct#110359009	http://snomed.info/sct#1172899000	3057625
http://snomed.info/sct#110359009	http://snomed.info/sct#1173036000	3063240
http://snomed.info/sct#110359009	http://snomed.info/sct#1173998003	3054179
http://snomed.info/sct#110359009	http://snomed.info/sct#1177167002	3058751
http://snomed.info/sct#110359009	http://snomed.info/sct#1177169004	3059484
http://snomed.info/sct#110359009	http://snomed.info/sct#1177175008	3066846
http://snomed.info/sct#110359009	http://snomed.info/sct#1179282009	3055722
http://snomed.info/sct#110359009	http://snomed.info/sct#1179283004	3056484
http://snomed.info/sct#110359009	http://snomed.info/sct#1179408008	3053694
http://snomed.info/sct#110359009	http://snomed.info/sct#1186711002	3067711
http://snomed.info/sct#110359009	http://snomed.info/sct#1186713004	3068387
http://snomed.info/sct#110359009	http://snomed.info/sct#1186721005	3056896
http://snomed.info/sct#110359009	http://snomed.info/sct#1186729007	3058962
http://snomed.info/sct#110359009	http://snomed.info/sct#1186730002	3064990
http://snomed.info/sct#110359009	http://snomed.info/sct#1186734006	3066226
http://snomed.info/sct#110359009	http://snomed.info/sct#1187041000	3066619
http://snomed.info/sct#110359009	http://snomed.info/sct#1187042007	3067496
http://snomed.info/sct#110359009	http://snomed.info/sct#1187114007	3054617
http://snomed.info/sct#110359009	http://snomed.info/sct#1187122000	3062406
http://snomed.info/sct#110359009	http://snomed.info/sct#1187195007	3064849
http://snomed.info/sct#110359009	http://snomed.info/sct#1187210007	3066041
http://snomed.info/sct#110359009	http://snomed.info/sct#1187249005	3056000
http://snomed.info/sct#110359009	http://snomed.info/sct#1187250005	3062008
http://snomed.info/sct#110359009	http://snomed.info/sct#1187277001	3061066
http://snomed.info/sct#110359009	http://snomed.info/sct#1187278006	3061251
http://snomed.info/sct#110359009	http://snomed.info/sct#1187303004	3051716
http://snomed.info/sct#110359009	http://snomed.info/sct#1187304005	3052507
http://snomed.info/sct#110359009	http://snomed.info/sct#1187642008	3065698
http://snomed.info/sct#110359009	http://snomed.info/sct#1187644009	3066341
http://snomed.info/sct#110359009	http://snomed.info/sct#1197148005	3063378
http://snomed.info/sct#110359009	http://snomed.info/sct#1197588008	3050292
http://snomed.info/sct#110359009	http://snomed.info/sct#1197593006	3057590
http://snomed.info/sct#110359009	http://snomed.info/sct#1208341008	3066877
http://snomed.info/sct#110359009	http://snomed.info/sct#1208481000	3055451
http://snomed.info/sct#110359009	http://snomed.info/sct#1208720000	3061160
http://snomed.info/sct#110359009	http://snomed.info/sct#1208746001	3060645
http://snomed.info/sct#110359009	http://snomed.info/sct#1208936008	3057845
http://snomed.info/sct#110359009	http://snomed.info/sct#1208987006	3062122
http://snomed.info/sct#110359009	http://snomed.info/sct#1217228004	3055563
http://snomed.info/sct#110359009	http://snomed.info/sct#1217229007	3055883
http://snomed.info/sct#110359009	http://snomed.info/sct#1217371005	3050499
http://snomed.info/sct#110359009	http://snomed.info/sct#1217379007	3052736
http://snomed.info/sct#110359009	http://snomed.info/sct#1217381009	3058971
http://snomed.info/sct#110359009	http://snomed.info/sct#1217382002	3059313
http://snomed.info/sct#110359009	http://snomed.info/sct#1220568003	3063091
http://snomed.info/sct#110359009	http://snomed.info/sct#1220594007	3068169
http://snomed.info/sct#110359009	http://snomed.info/sct#1220597000	3049723
http://snomed.info/sct#110359009	http://snomed.info/sct#1220600004	3060725
http://snomed.info/sct#110359009	http://snomed.info/sct#1222657001	3054576
http://snomed.info/sct#110359009	http://snomed.info/sct#1222658006	3055504
http://snomed.info/sct#110359009	http://snomed.info/sct#1228886008	3050259
http://snomed.info/sct#110359009	http://snomed.info/sct#1360075006	3347738
http://snomed.info/sct#110359009	http://snomed.info/sct#1229872004	3064032
http://snomed.info/sct#110359009	http://snomed.info/sct#1229873009	3064333
http://snomed.info/sct#110359009	http://snomed.info/sct#1229875002	3064993
http://snomed.info/sct#110359009	http://snomed.info/sct#1229883008	3053578
http://snomed.info/sct#110359009	http://snomed.info/sct#1229891004	3061447
http://snomed.info/sct#110359009	http://snomed.info/sct#1229895008	3062523
http://snomed.info/sct#110359009	http://snomed.info/sct#1236807002	3053672
http://snomed.info/sct#110359009	http://snomed.info/sct#1236843008	3245458
http://snomed.info/sct#110359009	http://snomed.info/sct#1237179007	3248512
http://snomed.info/sct#110359009	http://snomed.info/sct#1237418002	3215494
http://snomed.info/sct#110359009	http://snomed.info/sct#1237420004	3230727
http://snomed.info/sct#110359009	http://snomed.info/sct#1237421000	3231759
http://snomed.info/sct#110359009	http://snomed.info/sct#1237462006	3221016
http://snomed.info/sct#110359009	http://snomed.info/sct#1237512003	3242242
http://snomed.info/sct#110359009	http://snomed.info/sct#1237625002	3248534
http://snomed.info/sct#110359009	http://snomed.info/sct#1251452003	3243804
http://snomed.info/sct#110359009	http://snomed.info/sct#1254650002	3235902
http://snomed.info/sct#110359009	http://snomed.info/sct#1254651003	3237130
http://snomed.info/sct#110359009	http://snomed.info/sct#1254654006	3239099
http://snomed.info/sct#110359009	http://snomed.info/sct#1255319004	3218615
http://snomed.info/sct#110359009	http://snomed.info/sct#1255322002	3234409
http://snomed.info/sct#110359009	http://snomed.info/sct#1255335006	3208865
http://snomed.info/sct#110359009	http://snomed.info/sct#1260095004	3244470
http://snomed.info/sct#110359009	http://snomed.info/sct#1260097007	3246147
http://snomed.info/sct#110359009	http://snomed.info/sct#1260128008	3227430
http://snomed.info/sct#110359009	http://snomed.info/sct#1260129000	3227004
http://snomed.info/sct#110359009	http://snomed.info/sct#1260130005	3241629
http://snomed.info/sct#110359009	http://snomed.info/sct#1260134001	3244569
http://snomed.info/sct#110359009	http://snomed.info/sct#1260143005	3218968
http://snomed.info/sct#110359009	http://snomed.info/sct#1260195002	3228599
http://snomed.info/sct#110359009	http://snomed.info/sct#1260450002	3234643
http://snomed.info/sct#110359009	http://snomed.info/sct#1269226006	3245153
http://snomed.info/sct#110359009	http://snomed.info/sct#1269236003	3218385
http://snomed.info/sct#110359009	http://snomed.info/sct#1279845005	3235205
http://snomed.info/sct#110359009	http://snomed.info/sct#1284851009	3210054
http://snomed.info/sct#110359009	http://snomed.info/sct#1299154002	3233231
http://snomed.info/sct#110359009	http://snomed.info/sct#1300119004	3249457
http://snomed.info/sct#110359009	http://snomed.info/sct#1300132009	3239301
http://snomed.info/sct#110359009	http://snomed.info/sct#1300188000	3206049
http://snomed.info/sct#110359009	http://snomed.info/sct#1300198006	3226577
http://snomed.info/sct#110359009	http://snomed.info/sct#1303585005	3212339
http://snomed.info/sct#110359009	http://snomed.info/sct#1303586006	3214025
http://snomed.info/sct#110359009	http://snomed.info/sct#1303866001	3216373
http://snomed.info/sct#110359009	http://snomed.info/sct#1304113005	3236245
http://snomed.info/sct#110359009	http://snomed.info/sct#1304277005	3205326
http://snomed.info/sct#110359009	http://snomed.info/sct#1332385000	3242033
http://snomed.info/sct#110359009	http://snomed.info/sct#1332508004	3232292
http://snomed.info/sct#110359009	http://snomed.info/sct#1332510002	3248897
http://snomed.info/sct#110359009	http://snomed.info/sct#1335869007	3241857
http://snomed.info/sct#110359009	http://snomed.info/sct#1340175001	3237940
http://snomed.info/sct#110359009	http://snomed.info/sct#1351837003	3362467
http://snomed.info/sct#110359009	http://snomed.info/sct#1351843001	3348124
http://snomed.info/sct#110359009	http://snomed.info/sct#1351854006	3358799
http://snomed.info/sct#110359009	http://snomed.info/sct#1351962002	3360255
http://snomed.info/sct#110359009	http://snomed.info/sct#1356736002	3346831
http://snomed.info/sct#110359009	http://snomed.info/sct#1360079000	3349254
http://snomed.info/sct#110359009	http://snomed.info/sct#1367656002	3356682
http://snomed.info/sct#110359009	http://snomed.info/sct#1295485009	3209744
http://snomed.info/sct#110359009	http://snomed.info/sct#1295488006	3211352
http://snomed.info/sct#110359009	http://snomed.info/sct#1162462009	3056694
http://snomed.info/sct#110359009	http://snomed.info/sct#890118006	2889216
http://snomed.info/sct#110359009	http://snomed.info/sct#838441009	2554510
http://snomed.info/sct#110359009	http://snomed.info/sct#1010630006	2889636
http://snomed.info/sct#110359009	http://snomed.info/sct#719800009	310784
http://snomed.info/sct#110359009	http://snomed.info/sct#1208614008	3060600
http://snomed.info/sct#110359009	http://snomed.info/sct#412787009	249958
http://snomed.info/sct#110359009	http://snomed.info/sct#699297004	293606
http://snomed.info/sct#110359009	http://snomed.info/sct#699298009	293607
http://snomed.info/sct#110359009	http://snomed.info/sct#778009001	2791028
http://snomed.info/sct#110359009	http://snomed.info/sct#721875000	312563
http://snomed.info/sct#110359009	http://snomed.info/sct#722380003	312976
http://snomed.info/sct#110359009	http://snomed.info/sct#772224009	2776009
http://snomed.info/sct#110359009	http://snomed.info/sct#763062006	327138
http://snomed.info/sct#110359009	http://snomed.info/sct#771472009	2554625
http://snomed.info/sct#110359009	http://snomed.info/sct#778007004	2781774
http://snomed.info/sct#110359009	http://snomed.info/sct#783061008	2667423
http://snomed.info/sct#110359009	http://snomed.info/sct#783619003	2605949
http://snomed.info/sct#110359009	http://snomed.info/sct#1228890005	3057850
http://snomed.info/sct#205824006	http://snomed.info/sct#205824006	127084
http://snomed.info/sct#232059000	http://snomed.info/sct#232059000	141151
http://snomed.info/sct#254268004	http://snomed.info/sct#254268004	160982
http://snomed.info/sct#401315004	http://snomed.info/sct#401315004	240212
http://snomed.info/sct#412787009	http://snomed.info/sct#412787009	249958
http://snomed.info/sct#416075005	http://snomed.info/sct#416075005	252830
http://snomed.info/sct#422437002	http://snomed.info/sct#422437002	258500
http://snomed.info/sct#699297004	http://snomed.info/sct#699297004	293606
http://snomed.info/sct#699298009	http://snomed.info/sct#699298009	293607
http://snomed.info/sct#699669001	http://snomed.info/sct#699669001	293967
http://snomed.info/sct#702344008	http://snomed.info/sct#702344008	296462
http://snomed.info/sct#702357000	http://snomed.info/sct#702357000	296475
http://snomed.info/sct#702412005	http://snomed.info/sct#702412005	296528
http://snomed.info/sct#702416008	http://snomed.info/sct#702416008	296532
http://snomed.info/sct#703526007	http://snomed.info/sct#703526007	297602
http://snomed.info/sct#703535000	http://snomed.info/sct#703535000	297611
http://snomed.info/sct#703535000	http://snomed.info/sct#890118006	2889216
http://snomed.info/sct#715409005	http://snomed.info/sct#715409005	307197
http://snomed.info/sct#715428003	http://snomed.info/sct#715428003	307216
http://snomed.info/sct#715628009	http://snomed.info/sct#715628009	307372
http://snomed.info/sct#715989002	http://snomed.info/sct#715989002	307688
http://snomed.info/sct#716024001	http://snomed.info/sct#716024001	307714
http://snomed.info/sct#716089008	http://snomed.info/sct#716089008	307767
http://snomed.info/sct#716096005	http://snomed.info/sct#716096005	307774
http://snomed.info/sct#716112005	http://snomed.info/sct#716112005	307789
http://snomed.info/sct#716191002	http://snomed.info/sct#716191002	307846
http://snomed.info/sct#716334004	http://snomed.info/sct#716334004	307975
http://snomed.info/sct#716709002	http://snomed.info/sct#716709002	308316
http://snomed.info/sct#716996008	http://snomed.info/sct#716996008	308568
http://snomed.info/sct#716996008	http://snomed.info/sct#838441009	2554510
http://snomed.info/sct#716996008	http://snomed.info/sct#1010630006	2889636
http://snomed.info/sct#717157006	http://snomed.info/sct#717157006	308717
http://snomed.info/sct#717223008	http://snomed.info/sct#717223008	308778
http://snomed.info/sct#717763008	http://snomed.info/sct#717763008	309030
http://snomed.info/sct#717822006	http://snomed.info/sct#717822006	309084
http://snomed.info/sct#717887003	http://snomed.info/sct#717887003	309142
http://snomed.info/sct#717945001	http://snomed.info/sct#717945001	309200
http://snomed.info/sct#718226002	http://snomed.info/sct#718226002	309459
http://snomed.info/sct#718573009	http://snomed.info/sct#718573009	309757
http://snomed.info/sct#718577005	http://snomed.info/sct#718577005	309761
http://snomed.info/sct#718680001	http://snomed.info/sct#718680001	309854
http://snomed.info/sct#718681002	http://snomed.info/sct#718681002	309855
http://snomed.info/sct#718766002	http://snomed.info/sct#718766002	309933
http://snomed.info/sct#718846001	http://snomed.info/sct#718846001	309995
http://snomed.info/sct#718848000	http://snomed.info/sct#718848000	309997
http://snomed.info/sct#718897009	http://snomed.info/sct#718897009	310042
http://snomed.info/sct#718900002	http://snomed.info/sct#718900002	310045
http://snomed.info/sct#718905007	http://snomed.info/sct#718905007	310049
http://snomed.info/sct#718908009	http://snomed.info/sct#718908009	310052
http://snomed.info/sct#718909001	http://snomed.info/sct#718909001	310053
http://snomed.info/sct#718910006	http://snomed.info/sct#718910006	310054
http://snomed.info/sct#718911005	http://snomed.info/sct#718911005	310055
http://snomed.info/sct#718912003	http://snomed.info/sct#718912003	310056
http://snomed.info/sct#718914002	http://snomed.info/sct#718914002	310058
http://snomed.info/sct#719009006	http://snomed.info/sct#719009006	310119
http://snomed.info/sct#719010001	http://snomed.info/sct#719010001	310120
http://snomed.info/sct#719011002	http://snomed.info/sct#719011002	310121
http://snomed.info/sct#719012009	http://snomed.info/sct#719012009	310122
http://snomed.info/sct#719013004	http://snomed.info/sct#719013004	310123
http://snomed.info/sct#719016007	http://snomed.info/sct#719016007	310124
http://snomed.info/sct#719017003	http://snomed.info/sct#719017003	310125
http://snomed.info/sct#719018008	http://snomed.info/sct#719018008	310126
http://snomed.info/sct#719020006	http://snomed.info/sct#719020006	310128
http://snomed.info/sct#719069008	http://snomed.info/sct#719069008	310166
http://snomed.info/sct#719097002	http://snomed.info/sct#719097002	310190
http://snomed.info/sct#719136005	http://snomed.info/sct#719136005	310225
http://snomed.info/sct#719137001	http://snomed.info/sct#719137001	310226
http://snomed.info/sct#719139003	http://snomed.info/sct#719139003	310228
http://snomed.info/sct#719140001	http://snomed.info/sct#719140001	310229
http://snomed.info/sct#719155005	http://snomed.info/sct#719155005	310243
http://snomed.info/sct#719157002	http://snomed.info/sct#719157002	310245
http://snomed.info/sct#719160009	http://snomed.info/sct#719160009	310248
http://snomed.info/sct#719162001	http://snomed.info/sct#719162001	310250
http://snomed.info/sct#719202006	http://snomed.info/sct#719202006	310287
http://snomed.info/sct#719212004	http://snomed.info/sct#719212004	310296
http://snomed.info/sct#719378009	http://snomed.info/sct#719378009	310440
http://snomed.info/sct#719380003	http://snomed.info/sct#719380003	310442
http://snomed.info/sct#719396000	http://snomed.info/sct#719396000	310456
http://snomed.info/sct#719450007	http://snomed.info/sct#719450007	310495
http://snomed.info/sct#719599008	http://snomed.info/sct#719599008	310622
http://snomed.info/sct#719800009	http://snomed.info/sct#719800009	310784
http://snomed.info/sct#719808002	http://snomed.info/sct#719808002	310789
http://snomed.info/sct#719810000	http://snomed.info/sct#719810000	310791
http://snomed.info/sct#719811001	http://snomed.info/sct#719811001	310792
http://snomed.info/sct#719812008	http://snomed.info/sct#719812008	310793
http://snomed.info/sct#719834005	http://snomed.info/sct#719834005	310814
http://snomed.info/sct#719842006	http://snomed.info/sct#719842006	310821
http://snomed.info/sct#719947004	http://snomed.info/sct#719947004	310916
http://snomed.info/sct#720468000	http://snomed.info/sct#720468000	311348
http://snomed.info/sct#720501007	http://snomed.info/sct#720501007	311381
http://snomed.info/sct#720517001	http://snomed.info/sct#720517001	311396
http://snomed.info/sct#720635002	http://snomed.info/sct#720635002	311499
http://snomed.info/sct#720748007	http://snomed.info/sct#720748007	311587
http://snomed.info/sct#720954000	http://snomed.info/sct#720954000	311719
http://snomed.info/sct#720957007	http://snomed.info/sct#720957007	311722
http://snomed.info/sct#720979002	http://snomed.info/sct#720979002	311737
http://snomed.info/sct#720982007	http://snomed.info/sct#720982007	311740
http://snomed.info/sct#721007005	http://snomed.info/sct#721007005	311763
http://snomed.info/sct#721008000	http://snomed.info/sct#721008000	311764
http://snomed.info/sct#721017000	http://snomed.info/sct#721017000	311770
http://snomed.info/sct#721073008	http://snomed.info/sct#721073008	311807
http://snomed.info/sct#721087008	http://snomed.info/sct#721087008	311821
http://snomed.info/sct#721146009	http://snomed.info/sct#721146009	311873
http://snomed.info/sct#721207002	http://snomed.info/sct#721207002	311930
http://snomed.info/sct#721208007	http://snomed.info/sct#721208007	311931
http://snomed.info/sct#721224008	http://snomed.info/sct#721224008	311944
http://snomed.info/sct#721875000	http://snomed.info/sct#721875000	312563
http://snomed.info/sct#721973006	http://snomed.info/sct#721973006	312649
http://snomed.info/sct#722002002	http://snomed.info/sct#722002002	312666
http://snomed.info/sct#722003007	http://snomed.info/sct#722003007	312667
http://snomed.info/sct#722031003	http://snomed.info/sct#722031003	312684
http://snomed.info/sct#722033000	http://snomed.info/sct#722033000	312686
http://snomed.info/sct#722035007	http://snomed.info/sct#722035007	312688
http://snomed.info/sct#722037004	http://snomed.info/sct#722037004	312690
http://snomed.info/sct#722065002	http://snomed.info/sct#722065002	312711
http://snomed.info/sct#722110003	http://snomed.info/sct#722110003	312747
http://snomed.info/sct#722111004	http://snomed.info/sct#722111004	312748
http://snomed.info/sct#722209002	http://snomed.info/sct#722209002	312830
http://snomed.info/sct#722213009	http://snomed.info/sct#722213009	312834
http://snomed.info/sct#722281001	http://snomed.info/sct#722281001	312892
http://snomed.info/sct#722282008	http://snomed.info/sct#722282008	312893
http://snomed.info/sct#722379001	http://snomed.info/sct#722379001	312975
http://snomed.info/sct#722380003	http://snomed.info/sct#722380003	312976
http://snomed.info/sct#722454003	http://snomed.info/sct#722454003	313043
http://snomed.info/sct#722455002	http://snomed.info/sct#722455002	313044
http://snomed.info/sct#722456001	http://snomed.info/sct#722456001	313045
http://snomed.info/sct#722459008	http://snomed.info/sct#722459008	313048
http://snomed.info/sct#722478008	http://snomed.info/sct#722478008	313063
http://snomed.info/sct#723304001	http://snomed.info/sct#723304001	313748
http://snomed.info/sct#723332005	http://snomed.info/sct#723332005	313768
http://snomed.info/sct#723333000	http://snomed.info/sct#723333000	313769
http://snomed.info/sct#723336008	http://snomed.info/sct#723336008	313771
http://snomed.info/sct#723365002	http://snomed.info/sct#723365002	313796
http://snomed.info/sct#723403008	http://snomed.info/sct#723403008	313823
http://snomed.info/sct#723441001	http://snomed.info/sct#723441001	313854
http://snomed.info/sct#723501008	http://snomed.info/sct#723501008	313892
http://snomed.info/sct#723504000	http://snomed.info/sct#723504000	313895
http://snomed.info/sct#723621000	http://snomed.info/sct#723621000	313988
http://snomed.info/sct#723676007	http://snomed.info/sct#723676007	314030
http://snomed.info/sct#723994004	http://snomed.info/sct#723994004	314237
http://snomed.info/sct#724001005	http://snomed.info/sct#724001005	314244
http://snomed.info/sct#724137002	http://snomed.info/sct#724137002	314327
http://snomed.info/sct#724207001	http://snomed.info/sct#724207001	314386
http://snomed.info/sct#724228005	http://snomed.info/sct#724228005	314404
http://snomed.info/sct#725140007	http://snomed.info/sct#725140007	315164
http://snomed.info/sct#725163002	http://snomed.info/sct#725163002	315179
http://snomed.info/sct#725589005	http://snomed.info/sct#725589005	315461
http://snomed.info/sct#725906006	http://snomed.info/sct#725906006	315722
http://snomed.info/sct#725908007	http://snomed.info/sct#725908007	315724
http://snomed.info/sct#725912001	http://snomed.info/sct#725912001	315728
http://snomed.info/sct#726031001	http://snomed.info/sct#726031001	315825
http://snomed.info/sct#726670008	http://snomed.info/sct#726670008	316207
http://snomed.info/sct#726672000	http://snomed.info/sct#726672000	316209
http://snomed.info/sct#726709001	http://snomed.info/sct#726709001	316238
http://snomed.info/sct#726727003	http://snomed.info/sct#726727003	316248
http://snomed.info/sct#726732002	http://snomed.info/sct#726732002	316252
http://snomed.info/sct#732246009	http://snomed.info/sct#732246009	321660
http://snomed.info/sct#732251003	http://snomed.info/sct#732251003	321665
http://snomed.info/sct#732954002	http://snomed.info/sct#732954002	322354
http://snomed.info/sct#732961003	http://snomed.info/sct#732961003	322361
http://snomed.info/sct#733031004	http://snomed.info/sct#733031004	322427
http://snomed.info/sct#733032006	http://snomed.info/sct#733032006	322428
http://snomed.info/sct#733049004	http://snomed.info/sct#733049004	322439
http://snomed.info/sct#733072002	http://snomed.info/sct#733072002	322456
http://snomed.info/sct#733086003	http://snomed.info/sct#733086003	322468
http://snomed.info/sct#733088002	http://snomed.info/sct#733088002	322470
http://snomed.info/sct#733090001	http://snomed.info/sct#733090001	322472
http://snomed.info/sct#733097003	http://snomed.info/sct#733097003	322479
http://snomed.info/sct#733110004	http://snomed.info/sct#733110004	322488
http://snomed.info/sct#733117001	http://snomed.info/sct#733117001	322495
http://snomed.info/sct#733417008	http://snomed.info/sct#733417008	322772
http://snomed.info/sct#733455003	http://snomed.info/sct#733455003	322796
http://snomed.info/sct#733472005	http://snomed.info/sct#733472005	322812
http://snomed.info/sct#733522005	http://snomed.info/sct#733522005	322853
http://snomed.info/sct#734017008	http://snomed.info/sct#734017008	323156
http://snomed.info/sct#734349003	http://snomed.info/sct#734349003	323389
http://snomed.info/sct#763186006	http://snomed.info/sct#763186006	327240
http://snomed.info/sct#763320005	http://snomed.info/sct#763320005	327348
http://snomed.info/sct#763350002	http://snomed.info/sct#763350002	327375
http://snomed.info/sct#763404001	http://snomed.info/sct#763404001	327424
http://snomed.info/sct#763615003	http://snomed.info/sct#763615003	327604
http://snomed.info/sct#763618001	http://snomed.info/sct#763618001	327607
http://snomed.info/sct#763626009	http://snomed.info/sct#763626009	327615
http://snomed.info/sct#763665007	http://snomed.info/sct#763665007	327641
http://snomed.info/sct#763722004	http://snomed.info/sct#763722004	327680
http://snomed.info/sct#763741001	http://snomed.info/sct#763741001	327691
http://snomed.info/sct#763742008	http://snomed.info/sct#763742008	327692
http://snomed.info/sct#763743003	http://snomed.info/sct#763743003	327693
http://snomed.info/sct#763744009	http://snomed.info/sct#763744009	327694
http://snomed.info/sct#763745005	http://snomed.info/sct#763745005	327695
http://snomed.info/sct#763773007	http://snomed.info/sct#763773007	327709
http://snomed.info/sct#763795006	http://snomed.info/sct#763795006	327725
http://snomed.info/sct#763797003	http://snomed.info/sct#763797003	327727
http://snomed.info/sct#763837007	http://snomed.info/sct#763837007	327758
http://snomed.info/sct#763861000	http://snomed.info/sct#763861000	327778
http://snomed.info/sct#764861005	http://snomed.info/sct#764861005	328446
http://snomed.info/sct#764950001	http://snomed.info/sct#764950001	328522
http://snomed.info/sct#764959000	http://snomed.info/sct#764959000	328530
http://snomed.info/sct#765089003	http://snomed.info/sct#765089003	328637
http://snomed.info/sct#765471005	http://snomed.info/sct#765471005	328926
http://snomed.info/sct#766753005	http://snomed.info/sct#766753005	329940
http://snomed.info/sct#766870005	http://snomed.info/sct#766870005	330010
http://snomed.info/sct#766871009	http://snomed.info/sct#766871009	330011
http://snomed.info/sct#768677000	http://snomed.info/sct#768677000	331545
http://snomed.info/sct#508171000000105	http://snomed.info/sct#508171000000105	348939
http://snomed.info/sct#889211000000104	http://snomed.info/sct#889211000000104	359309
http://snomed.info/sct#931001000000105	http://snomed.info/sct#931001000000105	361401
http://snomed.info/sct#984661000000105	http://snomed.info/sct#984661000000105	363932
http://snomed.info/sct#984671000000103	http://snomed.info/sct#984671000000103	363933
http://snomed.info/sct#984681000000101	http://snomed.info/sct#984681000000101	363934
http://snomed.info/sct#1089701000000105	http://snomed.info/sct#1089701000000105	373542
http://snomed.info/sct#1089711000000107	http://snomed.info/sct#1089711000000107	373543
http://snomed.info/sct#1089721000000101	http://snomed.info/sct#1089721000000101	373544
http://snomed.info/sct#1089731000000104	http://snomed.info/sct#1089731000000104	373545
http://snomed.info/sct#1089741000000108	http://snomed.info/sct#1089741000000108	373546
http://snomed.info/sct#1089751000000106	http://snomed.info/sct#1089751000000106	373547
http://snomed.info/sct#1089761000000109	http://snomed.info/sct#1089761000000109	373548
http://snomed.info/sct#1089771000000102	http://snomed.info/sct#1089771000000102	373549
http://snomed.info/sct#1089781000000100	http://snomed.info/sct#1089781000000100	373550
http://snomed.info/sct#1089791000000103	http://snomed.info/sct#1089791000000103	373552
http://snomed.info/sct#1089811000000102	http://snomed.info/sct#1089811000000102	373555
http://snomed.info/sct#1089821000000108	http://snomed.info/sct#1089821000000108	373558
http://snomed.info/sct#1089831000000105	http://snomed.info/sct#1089831000000105	373560
http://snomed.info/sct#1089841000000101	http://snomed.info/sct#1089841000000101	373561
http://snomed.info/sct#1089851000000103	http://snomed.info/sct#1089851000000103	373562
http://snomed.info/sct#1093991000000101	http://snomed.info/sct#1093991000000101	374030
http://snomed.info/sct#1094001000000106	http://snomed.info/sct#1094001000000106	374031
http://snomed.info/sct#1094011000000108	http://snomed.info/sct#1094011000000108	374032
http://snomed.info/sct#1094021000000102	http://snomed.info/sct#1094021000000102	374033
http://snomed.info/sct#1094031000000100	http://snomed.info/sct#1094031000000100	374034
http://snomed.info/sct#548004	http://snomed.info/sct#548004	457
http://snomed.info/sct#613003	http://snomed.info/sct#613003	513
http://snomed.info/sct#954731000000103	http://snomed.info/sct#954731000000103	362392
http://snomed.info/sct#9527009	http://snomed.info/sct#9527009	7961
http://snomed.info/sct#10007009	http://snomed.info/sct#10007009	8352
http://snomed.info/sct#17827007	http://snomed.info/sct#17827007	14856
http://snomed.info/sct#270521004	http://snomed.info/sct#270521004	172462
http://snomed.info/sct#270521004	http://snomed.info/sct#21111006	17593
http://snomed.info/sct#270521004	http://snomed.info/sct#41040004	34366
http://snomed.info/sct#270521004	http://snomed.info/sct#51500006	43199
http://snomed.info/sct#270521004	http://snomed.info/sct#254268004	160982
http://snomed.info/sct#270521004	http://snomed.info/sct#726352003	315960
http://snomed.info/sct#270521004	http://snomed.info/sct#726340005	315948
http://snomed.info/sct#270521004	http://snomed.info/sct#726360002	315968
http://snomed.info/sct#270521004	http://snomed.info/sct#726357009	315965
http://snomed.info/sct#270521004	http://snomed.info/sct#726350006	315958
http://snomed.info/sct#270521004	http://snomed.info/sct#726353008	315961
http://snomed.info/sct#270521004	http://snomed.info/sct#764466009	328091
http://snomed.info/sct#270521004	http://snomed.info/sct#726355001	315963
http://snomed.info/sct#270521004	http://snomed.info/sct#726356000	315964
http://snomed.info/sct#270521004	http://snomed.info/sct#726342002	315950
http://snomed.info/sct#270521004	http://snomed.info/sct#53346000	44764
http://snomed.info/sct#270521004	http://snomed.info/sct#68454002	57403
http://snomed.info/sct#270521004	http://snomed.info/sct#726354002	315962
http://snomed.info/sct#270521004	http://snomed.info/sct#205655003	127029
http://snomed.info/sct#270521004	http://snomed.info/sct#726343007	315951
http://snomed.info/sct#270521004	http://snomed.info/sct#205650008	127025
http://snomed.info/sct#270521004	http://snomed.info/sct#726358004	315966
http://snomed.info/sct#270521004	http://snomed.info/sct#726345000	315953
http://snomed.info/sct#270521004	http://snomed.info/sct#77269002	64783
http://snomed.info/sct#270521004	http://snomed.info/sct#726341009	315949
http://snomed.info/sct#270521004	http://snomed.info/sct#726347008	315955
http://snomed.info/sct#270521004	http://snomed.info/sct#726338000	315946
http://snomed.info/sct#270521004	http://snomed.info/sct#254269007	160983
http://snomed.info/sct#270521004	http://snomed.info/sct#254270008	160984
http://snomed.info/sct#270521004	http://snomed.info/sct#205646001	127021
http://snomed.info/sct#270521004	http://snomed.info/sct#205647005	127022
http://snomed.info/sct#270521004	http://snomed.info/sct#205648000	127023
http://snomed.info/sct#270521004	http://snomed.info/sct#205649008	127024
http://snomed.info/sct#270521004	http://snomed.info/sct#205651007	127026
http://snomed.info/sct#270521004	http://snomed.info/sct#205652000	127027
http://snomed.info/sct#270521004	http://snomed.info/sct#205653005	127028
http://snomed.info/sct#270521004	http://snomed.info/sct#205657006	127030
http://snomed.info/sct#270521004	http://snomed.info/sct#205660004	127031
http://snomed.info/sct#270521004	http://snomed.info/sct#205661000	127032
http://snomed.info/sct#270521004	http://snomed.info/sct#205662007	127033
http://snomed.info/sct#270521004	http://snomed.info/sct#726361003	315969
http://snomed.info/sct#270521004	http://snomed.info/sct#254266000	160981
http://snomed.info/sct#270521004	http://snomed.info/sct#717335009	308883
http://snomed.info/sct#270521004	http://snomed.info/sct#764619001	328227
http://snomed.info/sct#270521004	http://snomed.info/sct#764621006	328229
http://snomed.info/sct#270521004	http://snomed.info/sct#764622004	328230
http://snomed.info/sct#270521004	http://snomed.info/sct#764623009	328231
http://snomed.info/sct#270521004	http://snomed.info/sct#764624003	328232
http://snomed.info/sct#270521004	http://snomed.info/sct#764627005	328235
http://snomed.info/sct#270521004	http://snomed.info/sct#764628000	328236
http://snomed.info/sct#270521004	http://snomed.info/sct#764629008	328237
http://snomed.info/sct#270521004	http://snomed.info/sct#829974003	2790662
http://snomed.info/sct#270521004	http://snomed.info/sct#205619006	127011
http://snomed.info/sct#270521004	http://snomed.info/sct#205620000	127012
http://snomed.info/sct#270521004	http://snomed.info/sct#205615000	127009
http://snomed.info/sct#270521004	http://snomed.info/sct#205616004	127010
http://snomed.info/sct#270521004	http://snomed.info/sct#371045000	225458
http://snomed.info/sct#270521004	http://snomed.info/sct#724643004	314725
http://snomed.info/sct#270521004	http://snomed.info/sct#724644005	314726
http://snomed.info/sct#270521004	http://snomed.info/sct#733194007	322565
http://snomed.info/sct#270521004	http://snomed.info/sct#840505007	2684977
http://snomed.info/sct#270521004	http://snomed.info/sct#205623003	127013
http://snomed.info/sct#270521004	http://snomed.info/sct#205624009	127014
http://snomed.info/sct#270521004	http://snomed.info/sct#548004	457
http://snomed.info/sct#270521004	http://snomed.info/sct#10572007	8807
http://snomed.info/sct#270521004	http://snomed.info/sct#897549008	2890332
http://snomed.info/sct#270521004	http://snomed.info/sct#1003416001	2887491
http://snomed.info/sct#270521004	http://snomed.info/sct#1003909007	2890573
http://snomed.info/sct#270521004	http://snomed.info/sct#554003	462
http://snomed.info/sct#270521004	http://snomed.info/sct#5982001	4999
http://snomed.info/sct#270521004	http://snomed.info/sct#1479009	1223
http://snomed.info/sct#270521004	http://snomed.info/sct#111311004	88458
http://snomed.info/sct#270521004	http://snomed.info/sct#4199009	3490
http://snomed.info/sct#270521004	http://snomed.info/sct#66985009	56168
http://snomed.info/sct#270521004	http://snomed.info/sct#4874006	4066
http://snomed.info/sct#270521004	http://snomed.info/sct#26480007	22105
http://snomed.info/sct#270521004	http://snomed.info/sct#770794008	2758560
http://snomed.info/sct#270521004	http://snomed.info/sct#7586009	6338
http://snomed.info/sct#270521004	http://snomed.info/sct#897547005	2890233
http://snomed.info/sct#270521004	http://snomed.info/sct#1003414003	2887299
http://snomed.info/sct#270521004	http://snomed.info/sct#1003907009	2890688
http://snomed.info/sct#270521004	http://snomed.info/sct#1162488007	3056151
http://snomed.info/sct#270521004	http://snomed.info/sct#1162487002	3055270
http://snomed.info/sct#270521004	http://snomed.info/sct#48812004	40933
http://snomed.info/sct#270521004	http://snomed.info/sct#51819009	43485
http://snomed.info/sct#270521004	http://snomed.info/sct#49024004	41112
http://snomed.info/sct#270521004	http://snomed.info/sct#88894000	74543
http://snomed.info/sct#270521004	http://snomed.info/sct#1162463004	3056447
http://snomed.info/sct#270521004	http://snomed.info/sct#897548000	2890280
http://snomed.info/sct#270521004	http://snomed.info/sct#1003908004	2890619
http://snomed.info/sct#270521004	http://snomed.info/sct#726362005	315970
http://snomed.info/sct#270521004	http://snomed.info/sct#71703005	60089
http://snomed.info/sct#270521004	http://snomed.info/sct#764625002	328233
http://snomed.info/sct#270521004	http://snomed.info/sct#74008005	62036
http://snomed.info/sct#270521004	http://snomed.info/sct#726344001	315952
http://snomed.info/sct#270521004	http://snomed.info/sct#726348003	315956
http://snomed.info/sct#270521004	http://snomed.info/sct#74350000	62320
http://snomed.info/sct#270521004	http://snomed.info/sct#764989007	328556
http://snomed.info/sct#270521004	http://snomed.info/sct#75893003	63608
http://snomed.info/sct#270521004	http://snomed.info/sct#726359007	315967
http://snomed.info/sct#270521004	http://snomed.info/sct#76447002	64084
http://snomed.info/sct#270521004	http://snomed.info/sct#83721006	70210
http://snomed.info/sct#270521004	http://snomed.info/sct#77497005	64983
http://snomed.info/sct#270521004	http://snomed.info/sct#90866007	76231
http://snomed.info/sct#270521004	http://snomed.info/sct#717973004	309226
http://snomed.info/sct#270521004	http://snomed.info/sct#778073001	2791256
http://snomed.info/sct#270521004	http://snomed.info/sct#111309008	88456
http://snomed.info/sct#270521004	http://snomed.info/sct#768930008	331758
http://snomed.info/sct#270521004	http://snomed.info/sct#726339008	315947
http://snomed.info/sct#270521004	http://snomed.info/sct#768931007	331759
http://snomed.info/sct#270521004	http://snomed.info/sct#726346004	315954
http://snomed.info/sct#270521004	http://snomed.info/sct#764630003	328238
http://snomed.info/sct#270521004	http://snomed.info/sct#717157006	308717
http://snomed.info/sct#270521004	http://snomed.info/sct#726349006	315957
http://snomed.info/sct#270521004	http://snomed.info/sct#764461004	328086
http://snomed.info/sct#270521004	http://snomed.info/sct#726351005	315959
http://snomed.info/sct#270521004	http://snomed.info/sct#764463001	328088
http://snomed.info/sct#270521004	http://snomed.info/sct#254264002	160980
http://snomed.info/sct#270521004	http://snomed.info/sct#228050004	137449
http://snomed.info/sct#270521004	http://snomed.info/sct#897545002	2890135
http://snomed.info/sct#270521004	http://snomed.info/sct#1003905001	2890545
http://snomed.info/sct#270521004	http://snomed.info/sct#764454003	328080
http://snomed.info/sct#270521004	http://snomed.info/sct#764996009	328563
http://snomed.info/sct#270521004	http://snomed.info/sct#764518004	328140
http://snomed.info/sct#270521004	http://snomed.info/sct#1003889006	2890123
http://snomed.info/sct#270521004	http://snomed.info/sct#763272003	327306
http://snomed.info/sct#270521004	http://snomed.info/sct#766816008	329991
http://snomed.info/sct#270521004	http://snomed.info/sct#783562005	2748737
http://snomed.info/sct#270521004	http://snomed.info/sct#1003412004	2890957
http://snomed.info/sct#270521004	http://snomed.info/sct#1003869005	2890610
http://snomed.info/sct#270521004	http://snomed.info/sct#763061004	327137
http://snomed.info/sct#270521004	http://snomed.info/sct#764500002	328125
http://snomed.info/sct#270521004	http://snomed.info/sct#782676009	2731870
http://snomed.info/sct#270521004	http://snomed.info/sct#1003868002	2890662
http://snomed.info/sct#270521004	http://snomed.info/sct#764447009	328073
http://snomed.info/sct#270521004	http://snomed.info/sct#1003882002	2889807
http://snomed.info/sct#270521004	http://snomed.info/sct#880079009	2889153
http://snomed.info/sct#270521004	http://snomed.info/sct#20348002	16957
http://snomed.info/sct#270521004	http://snomed.info/sct#83585001	70091
http://snomed.info/sct#270521004	http://snomed.info/sct#771341006	2548733
http://snomed.info/sct#270521004	http://snomed.info/sct#1234830005	3049777
http://snomed.info/sct#270521004	http://snomed.info/sct#764459008	328084
http://snomed.info/sct#270521004	http://snomed.info/sct#1003878004	2888577
http://snomed.info/sct#270521004	http://snomed.info/sct#719578005	310605
http://snomed.info/sct#270521004	http://snomed.info/sct#733473000	322813
http://snomed.info/sct#270521004	http://snomed.info/sct#733518000	322849
http://snomed.info/sct#270521004	http://snomed.info/sct#765142003	328685
http://snomed.info/sct#270521004	http://snomed.info/sct#716683005	308295
http://snomed.info/sct#270521004	http://snomed.info/sct#719583002	310608
http://snomed.info/sct#270521004	http://snomed.info/sct#764435003	328062
http://snomed.info/sct#270521004	http://snomed.info/sct#766051001	329423
http://snomed.info/sct#270521004	http://snomed.info/sct#890110004	2888764
http://snomed.info/sct#270521004	http://snomed.info/sct#1003875001	2888253
http://snomed.info/sct#270521004	http://snomed.info/sct#1172899000	3057625
http://snomed.info/sct#270521004	http://snomed.info/sct#717049005	308620
http://snomed.info/sct#270521004	http://snomed.info/sct#719582007	310607
http://snomed.info/sct#270521004	http://snomed.info/sct#734016004	323155
http://snomed.info/sct#270521004	http://snomed.info/sct#726706008	316235
http://snomed.info/sct#270521004	http://snomed.info/sct#763273008	327307
http://snomed.info/sct#270521004	http://snomed.info/sct#1003413009	2887389
http://snomed.info/sct#270521004	http://snomed.info/sct#1003867007	2890472
http://snomed.info/sct#270521004	http://snomed.info/sct#719427001	310482
http://snomed.info/sct#270521004	http://snomed.info/sct#768713003	331574
http://snomed.info/sct#270521004	http://snomed.info/sct#771477003	2566462
http://snomed.info/sct#270521004	http://snomed.info/sct#26445008	22075
http://snomed.info/sct#270521004	http://snomed.info/sct#50992006	42772
http://snomed.info/sct#270521004	http://snomed.info/sct#770793002	2752890
http://snomed.info/sct#270521004	http://snomed.info/sct#719665003	310684
http://snomed.info/sct#270521004	http://snomed.info/sct#763274002	327308
http://snomed.info/sct#270521004	http://snomed.info/sct#1003410007	2890840
http://snomed.info/sct#270521004	http://snomed.info/sct#1003864000	2890401
http://snomed.info/sct#270521004	http://snomed.info/sct#22497004	18753
http://snomed.info/sct#270521004	http://snomed.info/sct#77527000	65009
http://snomed.info/sct#270521004	http://snomed.info/sct#766052008	329424
http://snomed.info/sct#270521004	http://snomed.info/sct#1229883008	3053578
http://snomed.info/sct#270521004	http://snomed.info/sct#763275001	327309
http://snomed.info/sct#270521004	http://snomed.info/sct#1003865004	2890353
http://snomed.info/sct#270521004	http://snomed.info/sct#722430008	313022
http://snomed.info/sct#270521004	http://snomed.info/sct#1003888003	2890177
http://snomed.info/sct#270521004	http://snomed.info/sct#764519007	328141
http://snomed.info/sct#270521004	http://snomed.info/sct#1003887008	2889985
http://snomed.info/sct#270521004	http://snomed.info/sct#897510005	2888697
http://snomed.info/sct#270521004	http://snomed.info/sct#1003866003	2890537
http://snomed.info/sct#270521004	http://snomed.info/sct#719684000	310693
http://snomed.info/sct#270521004	http://snomed.info/sct#763277009	327311
http://snomed.info/sct#270521004	http://snomed.info/sct#1003893000	2887887
http://snomed.info/sct#270521004	http://snomed.info/sct#765140006	328683
http://snomed.info/sct#270521004	http://snomed.info/sct#768929003	331757
http://snomed.info/sct#270521004	http://snomed.info/sct#897509000	2887502
http://snomed.info/sct#270521004	http://snomed.info/sct#1003886004	2890047
http://snomed.info/sct#270521004	http://snomed.info/sct#766053003	329425
http://snomed.info/sct#270521004	http://snomed.info/sct#897543009	2890075
http://snomed.info/sct#270521004	http://snomed.info/sct#1003377002	2887462
http://snomed.info/sct#270521004	http://snomed.info/sct#1003891003	2887783
http://snomed.info/sct#270521004	http://snomed.info/sct#768927001	331756
http://snomed.info/sct#270521004	http://snomed.info/sct#771337007	2758505
http://snomed.info/sct#270521004	http://snomed.info/sct#897544003	2890072
http://snomed.info/sct#270521004	http://snomed.info/sct#1003389000	2889230
http://snomed.info/sct#270521004	http://snomed.info/sct#1003415002	2887541
http://snomed.info/sct#270521004	http://snomed.info/sct#1003906000	2890494
http://snomed.info/sct#270521004	http://snomed.info/sct#33706001	28194
http://snomed.info/sct#270521004	http://snomed.info/sct#82751009	69391
http://snomed.info/sct#270521004	http://snomed.info/sct#48760005	40892
http://snomed.info/sct#270521004	http://snomed.info/sct#73035005	61228
http://snomed.info/sct#270521004	http://snomed.info/sct#14091009	11739
http://snomed.info/sct#270521004	http://snomed.info/sct#40389006	33824
http://snomed.info/sct#270521004	http://snomed.info/sct#227035005	136492
http://snomed.info/sct#270521004	http://snomed.info/sct#890116005	2889085
http://snomed.info/sct#270521004	http://snomed.info/sct#699311001	293619
http://snomed.info/sct#270521004	http://snomed.info/sct#764512003	328136
http://snomed.info/sct#270521004	http://snomed.info/sct#764524005	328146
http://snomed.info/sct#270521004	http://snomed.info/sct#764520001	328142
http://snomed.info/sct#270521004	http://snomed.info/sct#764997000	328564
http://snomed.info/sct#270521004	http://snomed.info/sct#1003376006	2887514
http://snomed.info/sct#270521004	http://snomed.info/sct#1003890002	2887574
http://snomed.info/sct#270521004	http://snomed.info/sct#897507003	2887352
http://snomed.info/sct#270521004	http://snomed.info/sct#1003883007	2889976
http://snomed.info/sct#270521004	http://snomed.info/sct#726707004	316236
http://snomed.info/sct#270521004	http://snomed.info/sct#773325004	2729813
http://snomed.info/sct#270521004	http://snomed.info/sct#897511009	2888745
http://snomed.info/sct#270521004	http://snomed.info/sct#1003411006	2891006
http://snomed.info/sct#270521004	http://snomed.info/sct#1003892005	2887725
http://snomed.info/sct#270521004	http://snomed.info/sct#763276000	327310
http://snomed.info/sct#270521004	http://snomed.info/sct#764703002	328303
http://snomed.info/sct#270521004	http://snomed.info/sct#1003885000	2890101
http://snomed.info/sct#270521004	http://snomed.info/sct#718689000	309863
http://snomed.info/sct#270521004	http://snomed.info/sct#722429003	313021
http://snomed.info/sct#270521004	http://snomed.info/sct#770666006	2779928
http://snomed.info/sct#270521004	http://snomed.info/sct#782669004	2612030
http://snomed.info/sct#270521004	http://snomed.info/sct#1003880005	2889683
http://snomed.info/sct#270521004	http://snomed.info/sct#897546001	2890193
http://snomed.info/sct#270521004	http://snomed.info/sct#1003876000	2888433
http://snomed.info/sct#26445008	http://snomed.info/sct#26445008	22075
http://snomed.info/sct#709361000000109	http://snomed.info/sct#709361000000109	2728530
http://snomed.info/sct#35111009	http://snomed.info/sct#35111009	29398
http://snomed.info/sct#35691006	http://snomed.info/sct#35691006	29883
http://snomed.info/sct#49024004	http://snomed.info/sct#49024004	41112
http://snomed.info/sct#49024004	http://snomed.info/sct#726706008	316235
http://snomed.info/sct#57917004	http://snomed.info/sct#57917004	48576
http://snomed.info/sct#510121000000105	http://snomed.info/sct#510121000000105	2619672
http://snomed.info/sct#771072001	http://snomed.info/sct#771072001	2665969
http://snomed.info/sct#70324008	http://snomed.info/sct#70324008	58941
http://snomed.info/sct#205655003	http://snomed.info/sct#205655003	127029
http://snomed.info/sct#205655003	http://snomed.info/sct#726362005	315970
http://snomed.info/sct#205655003	http://snomed.info/sct#71703005	60089
http://snomed.info/sct#205655003	http://snomed.info/sct#764625002	328233
http://snomed.info/sct#205655003	http://snomed.info/sct#26445008	22075
http://snomed.info/sct#205655003	http://snomed.info/sct#50992006	42772
http://snomed.info/sct#205655003	http://snomed.info/sct#699311001	293619
http://snomed.info/sct#205655003	http://snomed.info/sct#764512003	328136
http://snomed.info/sct#205655003	http://snomed.info/sct#764524005	328146
http://snomed.info/sct#73035005	http://snomed.info/sct#73035005	61228
http://snomed.info/sct#73035005	http://snomed.info/sct#718689000	309863
http://snomed.info/sct#73035005	http://snomed.info/sct#722429003	313021
http://snomed.info/sct#73035005	http://snomed.info/sct#770666006	2779928
http://snomed.info/sct#73035005	http://snomed.info/sct#782669004	2612030
http://snomed.info/sct#73035005	http://snomed.info/sct#1003880005	2889683
http://snomed.info/sct#74263009	http://snomed.info/sct#74263009	2620696
http://snomed.info/sct#74350000	http://snomed.info/sct#74350000	62320
http://snomed.info/sct#205650008	http://snomed.info/sct#205650008	127025
http://snomed.info/sct#205650008	http://snomed.info/sct#726348003	315956
http://snomed.info/sct#205650008	http://snomed.info/sct#74350000	62320
http://snomed.info/sct#205650008	http://snomed.info/sct#764989007	328556
http://snomed.info/sct#205650008	http://snomed.info/sct#22497004	18753
http://snomed.info/sct#205650008	http://snomed.info/sct#77527000	65009
http://snomed.info/sct#205650008	http://snomed.info/sct#764520001	328142
http://snomed.info/sct#205650008	http://snomed.info/sct#764997000	328564
http://snomed.info/sct#205650008	http://snomed.info/sct#1003376006	2887514
http://snomed.info/sct#205650008	http://snomed.info/sct#1003890002	2887574
http://snomed.info/sct#205650008	http://snomed.info/sct#897507003	2887352
http://snomed.info/sct#205650008	http://snomed.info/sct#1003883007	2889976
http://snomed.info/sct#726341009	http://snomed.info/sct#726341009	315949
http://snomed.info/sct#726341009	http://snomed.info/sct#77497005	64983
http://snomed.info/sct#726341009	http://snomed.info/sct#90866007	76231
http://snomed.info/sct#726341009	http://snomed.info/sct#717973004	309226
http://snomed.info/sct#726341009	http://snomed.info/sct#778073001	2791256
http://snomed.info/sct#726341009	http://snomed.info/sct#764519007	328141
http://snomed.info/sct#726341009	http://snomed.info/sct#1003887008	2889985
http://snomed.info/sct#726341009	http://snomed.info/sct#897510005	2888697
http://snomed.info/sct#726341009	http://snomed.info/sct#1003866003	2890537
http://snomed.info/sct#77527000	http://snomed.info/sct#77527000	65009
http://snomed.info/sct#77527000	http://snomed.info/sct#897507003	2887352
http://snomed.info/sct#77527000	http://snomed.info/sct#1003883007	2889976
http://snomed.info/sct#79385002	http://snomed.info/sct#79385002	66566
http://snomed.info/sct#80651009	http://snomed.info/sct#80651009	67642
http://snomed.info/sct#134188003	http://snomed.info/sct#134188003	106295
http://snomed.info/sct#138437002	http://snomed.info/sct#138437002	2766370
http://snomed.info/sct#152241001	http://snomed.info/sct#152241001	2758314
http://snomed.info/sct#154973004	http://snomed.info/sct#154973004	2846862
http://snomed.info/sct#154974005	http://snomed.info/sct#154974005	2851439
http://snomed.info/sct#161166007	http://snomed.info/sct#161166007	2795283
http://snomed.info/sct#192531005	http://snomed.info/sct#192531005	2647122
http://snomed.info/sct#254269007	http://snomed.info/sct#254269007	160983
http://snomed.info/sct#254269007	http://snomed.info/sct#205615000	127009
http://snomed.info/sct#254269007	http://snomed.info/sct#205619006	127011
http://snomed.info/sct#254269007	http://snomed.info/sct#205623003	127013
http://snomed.info/sct#205619006	http://snomed.info/sct#205619006	127011
http://snomed.info/sct#205620000	http://snomed.info/sct#205620000	127012
http://snomed.info/sct#205623003	http://snomed.info/sct#205623003	127013
http://snomed.info/sct#205624009	http://snomed.info/sct#205624009	127014
http://snomed.info/sct#205646001	http://snomed.info/sct#205646001	127021
http://snomed.info/sct#205647005	http://snomed.info/sct#205647005	127022
http://snomed.info/sct#205648000	http://snomed.info/sct#205648000	127023
http://snomed.info/sct#205648000	http://snomed.info/sct#726346004	315954
http://snomed.info/sct#205648000	http://snomed.info/sct#764630003	328238
http://snomed.info/sct#205648000	http://snomed.info/sct#33706001	28194
http://snomed.info/sct#205648000	http://snomed.info/sct#82751009	69391
http://snomed.info/sct#205648000	http://snomed.info/sct#726707004	316236
http://snomed.info/sct#205648000	http://snomed.info/sct#773325004	2729813
http://snomed.info/sct#205648000	http://snomed.info/sct#897511009	2888745
http://snomed.info/sct#205648000	http://snomed.info/sct#1003411006	2891006
http://snomed.info/sct#205648000	http://snomed.info/sct#1003892005	2887725
http://snomed.info/sct#205648000	http://snomed.info/sct#763276000	327310
http://snomed.info/sct#205648000	http://snomed.info/sct#764703002	328303
http://snomed.info/sct#205648000	http://snomed.info/sct#1003885000	2890101
http://snomed.info/sct#205649008	http://snomed.info/sct#205649008	127024
http://snomed.info/sct#205651007	http://snomed.info/sct#205651007	127026
http://snomed.info/sct#205651007	http://snomed.info/sct#717157006	308717
http://snomed.info/sct#205651007	http://snomed.info/sct#726349006	315957
http://snomed.info/sct#205651007	http://snomed.info/sct#764461004	328086
http://snomed.info/sct#205651007	http://snomed.info/sct#48760005	40892
http://snomed.info/sct#205651007	http://snomed.info/sct#73035005	61228
http://snomed.info/sct#205651007	http://snomed.info/sct#718689000	309863
http://snomed.info/sct#205651007	http://snomed.info/sct#722429003	313021
http://snomed.info/sct#205651007	http://snomed.info/sct#770666006	2779928
http://snomed.info/sct#205651007	http://snomed.info/sct#782669004	2612030
http://snomed.info/sct#205651007	http://snomed.info/sct#1003880005	2889683
http://snomed.info/sct#205652000	http://snomed.info/sct#205652000	127027
http://snomed.info/sct#205653005	http://snomed.info/sct#205653005	127028
http://snomed.info/sct#205653005	http://snomed.info/sct#726351005	315959
http://snomed.info/sct#205653005	http://snomed.info/sct#764463001	328088
http://snomed.info/sct#205653005	http://snomed.info/sct#14091009	11739
http://snomed.info/sct#205653005	http://snomed.info/sct#40389006	33824
http://snomed.info/sct#205653005	http://snomed.info/sct#897546001	2890193
http://snomed.info/sct#205653005	http://snomed.info/sct#1003876000	2888433
http://snomed.info/sct#205657006	http://snomed.info/sct#205657006	127030
http://snomed.info/sct#205660004	http://snomed.info/sct#205660004	127031
http://snomed.info/sct#205661000	http://snomed.info/sct#205661000	127032
http://snomed.info/sct#205662007	http://snomed.info/sct#205662007	127033
http://snomed.info/sct#364700005	http://snomed.info/sct#364700005	220276
http://snomed.info/sct#364700005	http://snomed.info/sct#224314008	133905
http://snomed.info/sct#228141003	http://snomed.info/sct#228141003	137532
http://snomed.info/sct#228142005	http://snomed.info/sct#228142005	137533
http://snomed.info/sct#302141000	http://snomed.info/sct#302141000	200650
http://snomed.info/sct#302141000	http://snomed.info/sct#365468007	221028
http://snomed.info/sct#302141000	http://snomed.info/sct#783572008	2570998
http://snomed.info/sct#302141000	http://snomed.info/sct#426026005	261949
http://snomed.info/sct#302141000	http://snomed.info/sct#205041000000102	341534
http://snomed.info/sct#302141000	http://snomed.info/sct#888421000000104	359277
http://snomed.info/sct#302141000	http://snomed.info/sct#888441000000106	359278
http://snomed.info/sct#302141000	http://snomed.info/sct#894761000000108	359575
http://snomed.info/sct#302141000	http://snomed.info/sct#1035691000000104	368603
http://snomed.info/sct#302141000	http://snomed.info/sct#1095631000000106	374201
http://snomed.info/sct#302141000	http://snomed.info/sct#224315009	133906
http://snomed.info/sct#302141000	http://snomed.info/sct#224320009	133911
http://snomed.info/sct#302141000	http://snomed.info/sct#224321008	133912
http://snomed.info/sct#302141000	http://snomed.info/sct#224322001	133913
http://snomed.info/sct#302141000	http://snomed.info/sct#224317001	133908
http://snomed.info/sct#302141000	http://snomed.info/sct#224318006	133909
http://snomed.info/sct#302141000	http://snomed.info/sct#224319003	133910
http://snomed.info/sct#783572008	http://snomed.info/sct#783572008	2570998
http://snomed.info/sct#234146006	http://snomed.info/sct#234146006	143054
http://snomed.info/sct#236529001	http://snomed.info/sct#236529001	145193
http://snomed.info/sct#816067005	http://snomed.info/sct#816067005	2833323
http://snomed.info/sct#238047006	http://snomed.info/sct#238047006	146494
http://snomed.info/sct#247576004	http://snomed.info/sct#247576004	2569099
http://snomed.info/sct#253176002	http://snomed.info/sct#253176002	160050
http://snomed.info/sct#254266000	http://snomed.info/sct#254266000	160981
http://snomed.info/sct#312621002	http://snomed.info/sct#312621002	208945
http://snomed.info/sct#366823000	http://snomed.info/sct#366823000	2790764
http://snomed.info/sct#366903002	http://snomed.info/sct#366903002	2725347
http://snomed.info/sct#367332004	http://snomed.info/sct#367332004	2600966
http://snomed.info/sct#389991004	http://snomed.info/sct#389991004	2603727
http://snomed.info/sct#403554008	http://snomed.info/sct#403554008	242253
http://snomed.info/sct#442511009	http://snomed.info/sct#442511009	275238
http://snomed.info/sct#702327009	http://snomed.info/sct#702327009	296447
http://snomed.info/sct#702356009	http://snomed.info/sct#702356009	296474
http://snomed.info/sct#702816000	http://snomed.info/sct#702816000	296909
http://snomed.info/sct#703389002	http://snomed.info/sct#703389002	297468
http://snomed.info/sct#715342005	http://snomed.info/sct#715342005	307142
http://snomed.info/sct#716683005	http://snomed.info/sct#716683005	308295
http://snomed.info/sct#1003374009	http://snomed.info/sct#1003374009	2887351
http://snomed.info/sct#1003374009	http://snomed.info/sct#718719001	309890
http://snomed.info/sct#1156584007	http://snomed.info/sct#1156584007	3062259
http://snomed.info/sct#838441009	http://snomed.info/sct#838441009	2554510
http://snomed.info/sct#719138006	http://snomed.info/sct#719138006	310227
http://snomed.info/sct#719427001	http://snomed.info/sct#719427001	310482
http://snomed.info/sct#719578005	http://snomed.info/sct#719578005	310605
http://snomed.info/sct#719582007	http://snomed.info/sct#719582007	310607
http://snomed.info/sct#719583002	http://snomed.info/sct#719583002	310608
http://snomed.info/sct#719665003	http://snomed.info/sct#719665003	310684
http://snomed.info/sct#719684000	http://snomed.info/sct#719684000	310693
http://snomed.info/sct#719909009	http://snomed.info/sct#719909009	310881
http://snomed.info/sct#720401009	http://snomed.info/sct#720401009	311291
http://snomed.info/sct#720523006	http://snomed.info/sct#720523006	311402
http://snomed.info/sct#720639008	http://snomed.info/sct#720639008	311503
http://snomed.info/sct#720746006	http://snomed.info/sct#720746006	311585
http://snomed.info/sct#720955004	http://snomed.info/sct#720955004	311720
http://snomed.info/sct#720981000	http://snomed.info/sct#720981000	311739
http://snomed.info/sct#721089006	http://snomed.info/sct#721089006	311823
http://snomed.info/sct#721974000	http://snomed.info/sct#721974000	312650
http://snomed.info/sct#722055008	http://snomed.info/sct#722055008	312701
http://snomed.info/sct#725289009	http://snomed.info/sct#725289009	315240
http://snomed.info/sct#726706008	http://snomed.info/sct#726706008	316235
http://snomed.info/sct#726707004	http://snomed.info/sct#726707004	316236
http://snomed.info/sct#733419006	http://snomed.info/sct#733419006	322774
http://snomed.info/sct#733473000	http://snomed.info/sct#733473000	322813
http://snomed.info/sct#733518000	http://snomed.info/sct#733518000	322849
http://snomed.info/sct#734016004	http://snomed.info/sct#734016004	323155
http://snomed.info/sct#763061004	http://snomed.info/sct#763061004	327137
http://snomed.info/sct#763136000	http://snomed.info/sct#763136000	327207
http://snomed.info/sct#764435003	http://snomed.info/sct#764435003	328062
http://snomed.info/sct#764463001	http://snomed.info/sct#764463001	328088
http://snomed.info/sct#764524005	http://snomed.info/sct#764524005	328146
http://snomed.info/sct#764703002	http://snomed.info/sct#764703002	328303
http://snomed.info/sct#765142003	http://snomed.info/sct#765142003	328685
http://snomed.info/sct#765170001	http://snomed.info/sct#765170001	328707
http://snomed.info/sct#765434008	http://snomed.info/sct#765434008	328915
http://snomed.info/sct#765761009	http://snomed.info/sct#765761009	329204
http://snomed.info/sct#766816008	http://snomed.info/sct#766816008	329991
http://snomed.info/sct#768713003	http://snomed.info/sct#768713003	331574
http://snomed.info/sct#770401007	http://snomed.info/sct#770401007	2775045
http://snomed.info/sct#770411000	http://snomed.info/sct#770411000	2598258
http://snomed.info/sct#770431001	http://snomed.info/sct#770431001	2556967
http://snomed.info/sct#770564004	http://snomed.info/sct#770564004	2561405
http://snomed.info/sct#770566002	http://snomed.info/sct#770566002	2572815
http://snomed.info/sct#770595006	http://snomed.info/sct#770595006	2663214
http://snomed.info/sct#770663003	http://snomed.info/sct#770663003	2764598
http://snomed.info/sct#770678005	http://snomed.info/sct#770678005	2613263
http://snomed.info/sct#770679002	http://snomed.info/sct#770679002	2609452
http://snomed.info/sct#770719004	http://snomed.info/sct#770719004	2615812
http://snomed.info/sct#770750002	http://snomed.info/sct#770750002	2819263
http://snomed.info/sct#770755007	http://snomed.info/sct#770755007	2836047
http://snomed.info/sct#770793002	http://snomed.info/sct#770793002	2752890
http://snomed.info/sct#770794008	http://snomed.info/sct#770794008	2758560
http://snomed.info/sct#770901001	http://snomed.info/sct#770901001	2851775
http://snomed.info/sct#770907002	http://snomed.info/sct#770907002	2560067
http://snomed.info/sct#770908007	http://snomed.info/sct#770908007	2565116
http://snomed.info/sct#770948004	http://snomed.info/sct#770948004	2806939
http://snomed.info/sct#773699009	http://snomed.info/sct#773699009	2758974
http://snomed.info/sct#771149000	http://snomed.info/sct#771149000	2800970
http://snomed.info/sct#771262009	http://snomed.info/sct#771262009	2625258
http://snomed.info/sct#771336003	http://snomed.info/sct#771336003	2744744
http://snomed.info/sct#771337007	http://snomed.info/sct#771337007	2758505
http://snomed.info/sct#771341006	http://snomed.info/sct#771341006	2548733
http://snomed.info/sct#771472009	http://snomed.info/sct#771472009	2554625
http://snomed.info/sct#771512003	http://snomed.info/sct#771512003	2545100
http://snomed.info/sct#772127009	http://snomed.info/sct#772127009	2574958
http://snomed.info/sct#773230003	http://snomed.info/sct#773230003	2641886
http://snomed.info/sct#773325004	http://snomed.info/sct#773325004	2729813
http://snomed.info/sct#773329005	http://snomed.info/sct#773329005	2747578
http://snomed.info/sct#773394007	http://snomed.info/sct#773394007	2752122
http://snomed.info/sct#773400009	http://snomed.info/sct#773400009	2635286
http://snomed.info/sct#773405004	http://snomed.info/sct#773405004	2658679
http://snomed.info/sct#773419004	http://snomed.info/sct#773419004	2814750
http://snomed.info/sct#773498006	http://snomed.info/sct#773498006	2659450
http://snomed.info/sct#773581009	http://snomed.info/sct#773581009	2695657
http://snomed.info/sct#773665006	http://snomed.info/sct#773665006	2641709
http://snomed.info/sct#773670004	http://snomed.info/sct#773670004	2755991
http://snomed.info/sct#773769008	http://snomed.info/sct#773769008	2549579
http://snomed.info/sct#773772001	http://snomed.info/sct#773772001	2655468
http://snomed.info/sct#774068004	http://snomed.info/sct#774068004	2745955
http://snomed.info/sct#778011005	http://snomed.info/sct#778011005	2579329
http://snomed.info/sct#778073001	http://snomed.info/sct#778073001	2791256
http://snomed.info/sct#782669004	http://snomed.info/sct#782669004	2612030
http://snomed.info/sct#782676009	http://snomed.info/sct#782676009	2731870
http://snomed.info/sct#782723007	http://snomed.info/sct#782723007	2545332
http://snomed.info/sct#782736007	http://snomed.info/sct#782736007	2701428
http://snomed.info/sct#782753000	http://snomed.info/sct#782753000	2650855
http://snomed.info/sct#782755007	http://snomed.info/sct#782755007	2655447
http://snomed.info/sct#782772000	http://snomed.info/sct#782772000	2604106
http://snomed.info/sct#782886007	http://snomed.info/sct#782886007	2655548
http://snomed.info/sct#782941005	http://snomed.info/sct#782941005	2598591
http://snomed.info/sct#782945001	http://snomed.info/sct#782945001	2617472
http://snomed.info/sct#783005002	http://snomed.info/sct#783005002	2792737
http://snomed.info/sct#783174004	http://snomed.info/sct#783174004	2703660
http://snomed.info/sct#783702009	http://snomed.info/sct#783702009	2639694
http://snomed.info/sct#783703004	http://snomed.info/sct#783703004	2645051
http://snomed.info/sct#787093004	http://snomed.info/sct#787093004	2705747
http://snomed.info/sct#788417006	http://snomed.info/sct#788417006	2803647
http://snomed.info/sct#879919001	http://snomed.info/sct#879919001	2888920
http://snomed.info/sct#879937000	http://snomed.info/sct#879937000	2888272
http://snomed.info/sct#880065001	http://snomed.info/sct#880065001	2891024
http://snomed.info/sct#880066000	http://snomed.info/sct#880066000	2887303
http://snomed.info/sct#880081006	http://snomed.info/sct#880081006	2890288
http://snomed.info/sct#890118006	http://snomed.info/sct#890118006	2889216
http://snomed.info/sct#890123006	http://snomed.info/sct#890123006	2890631
http://snomed.info/sct#890130000	http://snomed.info/sct#890130000	2888451
http://snomed.info/sct#890221004	http://snomed.info/sct#890221004	2889250
http://snomed.info/sct#890285006	http://snomed.info/sct#890285006	2888075
http://snomed.info/sct#890286007	http://snomed.info/sct#890286007	2888233
http://snomed.info/sct#890433006	http://snomed.info/sct#890433006	2888274
http://snomed.info/sct#890434000	http://snomed.info/sct#890434000	2888449
http://snomed.info/sct#1003368009	http://snomed.info/sct#1003368009	2889567
http://snomed.info/sct#1003373003	http://snomed.info/sct#1003373003	2890939
http://snomed.info/sct#1003387003	http://snomed.info/sct#1003387003	2889091
http://snomed.info/sct#1003389000	http://snomed.info/sct#1003389000	2889230
http://snomed.info/sct#1003409002	http://snomed.info/sct#1003409002	2889696
http://snomed.info/sct#1010630006	http://snomed.info/sct#1010630006	2889636
http://snomed.info/sct#1229872004	http://snomed.info/sct#1229872004	3064032
http://snomed.info/sct#1229883008	http://snomed.info/sct#1229883008	3053578
http://snomed.info/sct#510131000000107	http://snomed.info/sct#510131000000107	2666352
http://snomed.info/sct#508191000000109	http://snomed.info/sct#508191000000109	2577166
http://snomed.info/sct#526341000000108	http://snomed.info/sct#526341000000108	2589390
http://snomed.info/sct#888421000000104	http://snomed.info/sct#888421000000104	359277
http://snomed.info/sct#888431000000102	http://snomed.info/sct#888431000000102	2821693
http://snomed.info/sct#888451000000109	http://snomed.info/sct#888451000000109	2595104
http://snomed.info/sct#1239331000000100	http://snomed.info/sct#1239331000000100	2856229
http://snomed.info/sct#896810008	http://snomed.info/sct#896810008	2887833
http://snomed.info/sct#896810008	http://snomed.info/sct#896810008	2887833
